wolfSSL Entering wolfSSL_Init
wolfSSL Entering wolfCrypt_Init
2026-04-22T14:06:05+02:00	Agents: [AgentDescriptor { name: AgentName(1), protocol_config: TLSDescriptorConfig { typ: Server, tls_version: V1_3, client_authentication: false, server_authentication: true, try_reuse: false, _cipher_string_tls13: "TLS_AES_256_GCM_SHA384:TLS_CHACHA20_POLY1305_SHA256:TLS_AES_128_GCM_SHA256:TLS_ECDHE_ECDSA_WITH_AES_256_GCM_SHA384:TLS_ECDHE_RSA_WITH_AES_256_GCM_SHA384:TLS_DHE_DSS_WITH_AES_256_GCM_SHA384:TLS_DHE_RSA_WITH_AES_256_GCM_SHA384:TLS_ECDHE_ECDSA_WITH_CHACHA20_POLY1305_SHA256:TLS_ECDHE_RSA_WITH_CHACHA20_POLY1305_SHA256_EXCLUDED:TLS_DHE_RSA_WITH_CHACHA20_POLY1305_SHA256:TLS_ECDHE_ECDSA_WITH_AES_256_CCM_8:TLS_ECDHE_ECDSA_WITH_AES_256_CCM:TLS_DHE_RSA_WITH_AES_256_CCM_8:TLS_DHE_RSA_WITH_AES_256_CCM:TLS_ECDHE_ECDSA_WITH_ARIA_256_GCM_SHA384:TLS_ECDHE_RSA_WITH_ARIA_256_GCM_SHA384:TLS_DHE_DSS_WITH_ARIA_256_GCM_SHA384:TLS_DHE_RSA_WITH_ARIA_256_GCM_SHA384:TLS_ECDHE_ECDSA_WITH_AES_128_GCM_SHA256:TLS_ECDHE_RSA_WITH_AES_128_GCM_SHA256:TLS_DHE_DSS_WITH_AES_128_GCM_SHA256:TLS_DHE_RSA_WITH_AES_128_GCM_SHA256:TLS_ECDHE_ECDSA_WITH_AES_128_CCM_8:TLS_ECDHE_ECDSA_WITH_AES_128_CCM:TLS_DHE_RSA_WITH_AES_128_CCM_8:TLS_DHE_RSA_WITH_AES_128_CCM:TLS_ECDHE_ECDSA_WITH_ARIA_128_GCM_SHA256:TLS_ECDHE_RSA_WITH_ARIA_128_GCM_SHA256:TLS_DHE_DSS_WITH_ARIA_128_GCM_SHA256:TLS_DHE_RSA_WITH_ARIA_128_GCM_SHA256:TLS_ECDHE_ECDSA_WITH_AES_256_CBC_SHA384:TLS_ECDHE_RSA_WITH_AES_256_CBC_SHA384:TLS_DHE_RSA_WITH_AES_256_CBC_SHA256:TLS_DHE_DSS_WITH_AES_256_CBC_SHA256:TLS_ECDHE_ECDSA_WITH_CAMELLIA_256_CBC_SHA384:TLS_ECDHE_RSA_WITH_CAMELLIA_256_CBC_SHA384:TLS_DHE_RSA_WITH_CAMELLIA_256_CBC_SHA256:TLS_DHE_DSS_WITH_CAMELLIA_256_CBC_SHA256:TLS_ECDHE_ECDSA_WITH_AES_128_CBC_SHA256:TLS_ECDHE_RSA_WITH_AES_128_CBC_SHA256:TLS_DHE_RSA_WITH_AES_128_CBC_SHA256:TLS_DHE_DSS_WITH_AES_128_CBC_SHA256:TLS_ECDHE_ECDSA_WITH_CAMELLIA_128_CBC_SHA256:TLS_ECDHE_RSA_WITH_CAMELLIA_128_CBC_SHA256:TLS_DHE_RSA_WITH_CAMELLIA_128_CBC_SHA256:TLS_DHE_DSS_WITH_CAMELLIA_128_CBC_SHA256:TLS_ECDHE_ECDSA_WITH_AES_256_CBC_SHA:TLS_ECDHE_RSA_WITH_AES_256_CBC_SHA:TLS_DHE_RSA_WITH_AES_256_CBC_SHA:TLS_DHE_DSS_WITH_AES_256_CBC_SHA:TLS_DHE_RSA_WITH_CAMELLIA_256_CBC_SHA:TLS_DHE_DSS_WITH_CAMELLIA_256_CBC_SHA:TLS_ECDHE_ECDSA_WITH_AES_128_CBC_SHA:TLS_ECDHE_RSA_WITH_AES_128_CBC_SHA:TLS_DHE_RSA_WITH_AES_128_CBC_SHA:TLS_DHE_PSK_WITH_AES_256_GCM_SHA384:TLS_DHE_PSK_WITH_AES_128_GCM_SHA256:TLS_DHE_PSK_WITH_AES_256_CBC_SHA384:TLS_DHE_PSK_WITH_AES_128_CBC_SHA256:TLS_DHE_DSS_WITH_AES_128_CBC_SHA:TLS_DHE_RSA_WITH_SEED_CBC_SHA:TLS_DHE_DSS_WITH_SEED_CBC_SHA:TLS_DHE_RSA_WITH_CAMELLIA_128_CBC_SHA:TLS_DHE_DSS_WITH_CAMELLIA_128_CBC_SHA:TLS_RSA_WITH_AES_256_GCM_SHA384:TLS_RSA_WITH_AES_256_CCM_8:TLS_RSA_WITH_AES_256_CCM:TLS_RSA_WITH_ARIA_256_GCM_SHA384:TLS_RSA_WITH_AES_128_GCM_SHA256:TLS_RSA_WITH_AES_128_CCM_8:TLS_RSA_WITH_AES_128_CCM:TLS_RSA_WITH_ARIA_128_GCM_SHA256:TLS_RSA_WITH_AES_256_CBC_SHA256:TLS_RSA_WITH_CAMELLIA_256_CBC_SHA256:TLS_RSA_WITH_AES_128_CBC_SHA256:TLS_RSA_WITH_CAMELLIA_128_CBC_SHA256:TLS_RSA_WITH_AES_256_CBC_SHA:TLS_RSA_WITH_CAMELLIA_256_CBC_SHA:TLS_RSA_WITH_AES_128_CBC_SHA:TLS_RSA_WITH_SEED_CBC_SHA:TLS_RSA_WITH_CAMELLIA_128_CBC_SHA:TLS_ECDHE_PSK_WITH_AES_128_CBC_SHA256:TLS_PSK_WITH_CHACHA20_POLY1305_SHA256:TLS_ECDHE_PSK_WITH_CHACHA20_POLY1305_SHA256:TLS_DHE_PSK_WITH_CHACHA20_POLY1305_SHA256:ECDHE-ECDSA-AES256-GCM-SHA384:ECDHE-RSA-AES256-GCM-SHA384:DHE-DSS-AES256-GCM-SHA384:DHE-RSA-AES256-GCM-SHA384:ECDHE-ECDSA-CHACHA20-POLY1305:ECDHE-RSA-CHACHA20-POLY1305-EXCLUDED:DHE-RSA-CHACHA20-POLY1305:ECDHE-ECDSA-AES256-CCM8:ECDHE-ECDSA-AES256-CCM:DHE-RSA-AES256-CCM8:DHE-RSA-AES256-CCM:ECDHE-ECDSA-ARIA256-GCM-SHA384:ECDHE-ARIA256-GCM-SHA384:DHE-DSS-ARIA256-GCM-SHA384:DHE-RSA-ARIA256-GCM-SHA384:ECDHE-ECDSA-AES128-GCM-SHA256:ECDHE-RSA-AES128-GCM-SHA256:DHE-DSS-AES128-GCM-SHA256:DHE-RSA-AES128-GCM-SHA256:ECDHE-ECDSA-AES128-CCM8:ECDHE-ECDSA-AES128-CCM:DHE-RSA-AES128-CCM8:DHE-RSA-AES128-CCM:ECDHE-ECDSA-ARIA128-GCM-SHA256:ECDHE-ARIA128-GCM-SHA256:DHE-DSS-ARIA128-GCM-SHA256:DHE-RSA-ARIA128-GCM-SHA256:ECDHE-ECDSA-AES256-SHA384:ECDHE-RSA-AES256-SHA384:DHE-RSA-AES256-SHA256:DHE-DSS-AES256-SHA256:ECDHE-ECDSA-CAMELLIA256-SHA384:ECDHE-RSA-CAMELLIA256-SHA384:DHE-RSA-CAMELLIA256-SHA256:DHE-DSS-CAMELLIA256-SHA256:ECDHE-ECDSA-AES128-SHA256:ECDHE-RSA-AES128-SHA256:DHE-RSA-AES128-SHA256:DHE-DSS-AES128-SHA256:ECDHE-ECDSA-CAMELLIA128-SHA256:ECDHE-RSA-CAMELLIA128-SHA256:DHE-RSA-CAMELLIA128-SHA256:DHE-DSS-CAMELLIA128-SHA256:ECDHE-ECDSA-AES256-SHA:ECDHE-RSA-AES256-SHA:DHE-RSA-AES256-SHA:DHE-DSS-AES256-SHA:DHE-RSA-CAMELLIA256-SHA:DHE-DSS-CAMELLIA256-SHA:ECDHE-ECDSA-AES128-SHA:ECDHE-RSA-AES128-SHA:DHE-RSA-AES128-SHA:DHE-PSK-AES256-GCM-SHA384:DHE-PSK-AES128-GCM-SHA256:DHE-PSK-AES256-CBC-SHA384:DHE-PSK-AES128-CBC-SHA256:DHE-DSS-AES128-SHA:DHE-RSA-SEED-SHA:DHE-DSS-SEED-SHA:DHE-RSA-CAMELLIA128-SHA:DHE-DSS-CAMELLIA128-SHA:AES256-GCM-SHA384:AES256-CCM8:AES256-CCM:ARIA256-GCM-SHA384:AES128-GCM-SHA256:AES128-CCM8:AES128-CCM:ARIA128-GCM-SHA256:AES256-SHA256:CAMELLIA256-SHA256:AES128-SHA256:CAMELLIA128-SHA256:AES256-SHA:CAMELLIA256-SHA:AES128-SHA:SEED-SHA:CAMELLIA128-SHA:ECDHE-PSK-AES128-CBC-SHA256:PSK-CHACHA20-POLY1305:ECDHE-PSK-CHACHA20-POLY1305:DHE-PSK-CHACHA20-POLY1305:", _cipher_string_tls12: "TLS_AES_256_GCM_SHA384:TLS_CHACHA20_POLY1305_SHA256:TLS_AES_128_GCM_SHA256:TLS_ECDHE_ECDSA_WITH_AES_256_GCM_SHA384:TLS_ECDHE_RSA_WITH_AES_256_GCM_SHA384:TLS_DHE_DSS_WITH_AES_256_GCM_SHA384:TLS_DHE_RSA_WITH_AES_256_GCM_SHA384:TLS_ECDHE_ECDSA_WITH_CHACHA20_POLY1305_SHA256:TLS_ECDHE_RSA_WITH_CHACHA20_POLY1305_SHA256_EXCLUDED:TLS_DHE_RSA_WITH_CHACHA20_POLY1305_SHA256:TLS_ECDHE_ECDSA_WITH_AES_256_CCM_8:TLS_ECDHE_ECDSA_WITH_AES_256_CCM:TLS_DHE_RSA_WITH_AES_256_CCM_8:TLS_DHE_RSA_WITH_AES_256_CCM:TLS_ECDHE_ECDSA_WITH_ARIA_256_GCM_SHA384:TLS_ECDHE_RSA_WITH_ARIA_256_GCM_SHA384:TLS_DHE_DSS_WITH_ARIA_256_GCM_SHA384:TLS_DHE_RSA_WITH_ARIA_256_GCM_SHA384:TLS_ECDHE_ECDSA_WITH_AES_128_GCM_SHA256:TLS_ECDHE_RSA_WITH_AES_128_GCM_SHA256:TLS_DHE_DSS_WITH_AES_128_GCM_SHA256:TLS_DHE_RSA_WITH_AES_128_GCM_SHA256:TLS_ECDHE_ECDSA_WITH_AES_128_CCM_8:TLS_ECDHE_ECDSA_WITH_AES_128_CCM:TLS_DHE_RSA_WITH_AES_128_CCM_8:TLS_DHE_RSA_WITH_AES_128_CCM:TLS_ECDHE_ECDSA_WITH_ARIA_128_GCM_SHA256:TLS_ECDHE_RSA_WITH_ARIA_128_GCM_SHA256:TLS_DHE_DSS_WITH_ARIA_128_GCM_SHA256:TLS_DHE_RSA_WITH_ARIA_128_GCM_SHA256:TLS_ECDHE_ECDSA_WITH_AES_256_CBC_SHA384:TLS_ECDHE_RSA_WITH_AES_256_CBC_SHA384:TLS_DHE_RSA_WITH_AES_256_CBC_SHA256:TLS_DHE_DSS_WITH_AES_256_CBC_SHA256:TLS_ECDHE_ECDSA_WITH_CAMELLIA_256_CBC_SHA384:TLS_ECDHE_RSA_WITH_CAMELLIA_256_CBC_SHA384:TLS_DHE_RSA_WITH_CAMELLIA_256_CBC_SHA256:TLS_DHE_DSS_WITH_CAMELLIA_256_CBC_SHA256:TLS_ECDHE_ECDSA_WITH_AES_128_CBC_SHA256:TLS_ECDHE_RSA_WITH_AES_128_CBC_SHA256:TLS_DHE_RSA_WITH_AES_128_CBC_SHA256:TLS_DHE_DSS_WITH_AES_128_CBC_SHA256:TLS_ECDHE_ECDSA_WITH_CAMELLIA_128_CBC_SHA256:TLS_ECDHE_RSA_WITH_CAMELLIA_128_CBC_SHA256:TLS_DHE_RSA_WITH_CAMELLIA_128_CBC_SHA256:TLS_DHE_DSS_WITH_CAMELLIA_128_CBC_SHA256:TLS_ECDHE_ECDSA_WITH_AES_256_CBC_SHA:TLS_ECDHE_RSA_WITH_AES_256_CBC_SHA:TLS_DHE_RSA_WITH_AES_256_CBC_SHA:TLS_DHE_DSS_WITH_AES_256_CBC_SHA:TLS_DHE_RSA_WITH_CAMELLIA_256_CBC_SHA:TLS_DHE_DSS_WITH_CAMELLIA_256_CBC_SHA:TLS_ECDHE_ECDSA_WITH_AES_128_CBC_SHA:TLS_ECDHE_RSA_WITH_AES_128_CBC_SHA:TLS_DHE_RSA_WITH_AES_128_CBC_SHA:TLS_DHE_PSK_WITH_AES_256_GCM_SHA384:TLS_DHE_PSK_WITH_AES_128_GCM_SHA256:TLS_DHE_PSK_WITH_AES_256_CBC_SHA384:TLS_DHE_PSK_WITH_AES_128_CBC_SHA256:TLS_DHE_DSS_WITH_AES_128_CBC_SHA:TLS_DHE_RSA_WITH_SEED_CBC_SHA:TLS_DHE_DSS_WITH_SEED_CBC_SHA:TLS_DHE_RSA_WITH_CAMELLIA_128_CBC_SHA:TLS_DHE_DSS_WITH_CAMELLIA_128_CBC_SHA:TLS_RSA_WITH_AES_256_GCM_SHA384:TLS_RSA_WITH_AES_256_CCM_8:TLS_RSA_WITH_AES_256_CCM:TLS_RSA_WITH_ARIA_256_GCM_SHA384:TLS_RSA_WITH_AES_128_GCM_SHA256:TLS_RSA_WITH_AES_128_CCM_8:TLS_RSA_WITH_AES_128_CCM:TLS_RSA_WITH_ARIA_128_GCM_SHA256:TLS_RSA_WITH_AES_256_CBC_SHA256:TLS_RSA_WITH_CAMELLIA_256_CBC_SHA256:TLS_RSA_WITH_AES_128_CBC_SHA256:TLS_RSA_WITH_CAMELLIA_128_CBC_SHA256:TLS_RSA_WITH_AES_256_CBC_SHA:TLS_RSA_WITH_CAMELLIA_256_CBC_SHA:TLS_RSA_WITH_AES_128_CBC_SHA:TLS_RSA_WITH_SEED_CBC_SHA:TLS_RSA_WITH_CAMELLIA_128_CBC_SHA:TLS_ECDHE_PSK_WITH_AES_128_CBC_SHA256:TLS_PSK_WITH_CHACHA20_POLY1305_SHA256:TLS_ECDHE_PSK_WITH_CHACHA20_POLY1305_SHA256:TLS_DHE_PSK_WITH_CHACHA20_POLY1305_SHA256:ECDHE-ECDSA-AES256-GCM-SHA384:ECDHE-RSA-AES256-GCM-SHA384:DHE-DSS-AES256-GCM-SHA384:DHE-RSA-AES256-GCM-SHA384:ECDHE-ECDSA-CHACHA20-POLY1305:ECDHE-RSA-CHACHA20-POLY1305-EXCLUDED:DHE-RSA-CHACHA20-POLY1305:ECDHE-ECDSA-AES256-CCM8:ECDHE-ECDSA-AES256-CCM:DHE-RSA-AES256-CCM8:DHE-RSA-AES256-CCM:ECDHE-ECDSA-ARIA256-GCM-SHA384:ECDHE-ARIA256-GCM-SHA384:DHE-DSS-ARIA256-GCM-SHA384:DHE-RSA-ARIA256-GCM-SHA384:ECDHE-ECDSA-AES128-GCM-SHA256:ECDHE-RSA-AES128-GCM-SHA256:DHE-DSS-AES128-GCM-SHA256:DHE-RSA-AES128-GCM-SHA256:ECDHE-ECDSA-AES128-CCM8:ECDHE-ECDSA-AES128-CCM:DHE-RSA-AES128-CCM8:DHE-RSA-AES128-CCM:ECDHE-ECDSA-ARIA128-GCM-SHA256:ECDHE-ARIA128-GCM-SHA256:DHE-DSS-ARIA128-GCM-SHA256:DHE-RSA-ARIA128-GCM-SHA256:ECDHE-ECDSA-AES256-SHA384:ECDHE-RSA-AES256-SHA384:DHE-RSA-AES256-SHA256:DHE-DSS-AES256-SHA256:ECDHE-ECDSA-CAMELLIA256-SHA384:ECDHE-RSA-CAMELLIA256-SHA384:DHE-RSA-CAMELLIA256-SHA256:DHE-DSS-CAMELLIA256-SHA256:ECDHE-ECDSA-AES128-SHA256:ECDHE-RSA-AES128-SHA256:DHE-RSA-AES128-SHA256:DHE-DSS-AES128-SHA256:ECDHE-ECDSA-CAMELLIA128-SHA256:ECDHE-RSA-CAMELLIA128-SHA256:DHE-RSA-CAMELLIA128-SHA256:DHE-DSS-CAMELLIA128-SHA256:ECDHE-ECDSA-AES256-SHA:ECDHE-RSA-AES256-SHA:DHE-RSA-AES256-SHA:DHE-DSS-AES256-SHA:DHE-RSA-CAMELLIA256-SHA:DHE-DSS-CAMELLIA256-SHA:ECDHE-ECDSA-AES128-SHA:ECDHE-RSA-AES128-SHA:DHE-RSA-AES128-SHA:DHE-PSK-AES256-GCM-SHA384:DHE-PSK-AES128-GCM-SHA256:DHE-PSK-AES256-CBC-SHA384:DHE-PSK-AES128-CBC-SHA256:DHE-DSS-AES128-SHA:DHE-RSA-SEED-SHA:DHE-DSS-SEED-SHA:DHE-RSA-CAMELLIA128-SHA:DHE-DSS-CAMELLIA128-SHA:AES256-GCM-SHA384:AES256-CCM8:AES256-CCM:ARIA256-GCM-SHA384:AES128-GCM-SHA256:AES128-CCM8:AES128-CCM:ARIA128-GCM-SHA256:AES256-SHA256:CAMELLIA256-SHA256:AES128-SHA256:CAMELLIA128-SHA256:AES256-SHA:CAMELLIA256-SHA:AES128-SHA:SEED-SHA:CAMELLIA128-SHA:ECDHE-PSK-AES128-CBC-SHA256:PSK-CHACHA20-POLY1305:ECDHE-PSK-CHACHA20-POLY1305:DHE-PSK-CHACHA20-POLY1305:", groups: None, sigalgs: None } }]
2026-04-22T14:06:05+02:00	[TlsPutConfig] raw flight_merge option: "none"
2026-04-22T14:06:05+02:00	[TlsPutConfig] flight_merge strategy: None
2026-04-22T14:06:05+02:00	Executing step #0
2026-04-22T14:06:05+02:00	[evaluate_config] About to evaluate term (with_payloads: true):
fn_client_hello(
	fn_protocol_version12 -> ProtocolVersion,
	fn_new_random -> Random,
	fn_new_session_id -> SessionID,
	fn_cipher_suites_make(
		fn_append_cipher_suite(
			fn_new_cipher_suites -> Vec<CipherSuite>,
			fn_cipher_suite13_aes_128_gcm_sha256 -> CipherSuite
		) -> Vec<CipherSuite>
	) -> CipherSuites,
	fn_compressions -> Compressions,
	fn_client_extensions_make(
		fn_client_extensions_append(
			fn_client_extensions_append(
				fn_client_extensions_append(
					fn_client_extensions_append(
						fn_client_extensions_new -> Vec<ClientExtension>,
						fn_support_group_extension_make(
							fn_support_group_extension_append(
								fn_support_group_extension_new -> Vec<NamedGroup>,
								fn_named_group_secp384r1 -> NamedGroup
							) -> Vec<NamedGroup>
						) -> ClientExtension
					) -> Vec<ClientExtension>,
					fn_signature_algorithm_extension(
						fn_supported_signature_schemes_extension_append(
							fn_supported_signature_schemes_extension_append(
								fn_supported_signature_schemes_extension_new -> Vec<SignatureScheme>,
								fn_sig_scheme_rsa_pkcs1_sha256 -> SignatureScheme
							) -> Vec<SignatureScheme>,
							fn_sig_scheme_rsa_pss_sha256 -> SignatureScheme
						) -> Vec<SignatureScheme>
					) -> ClientExtension
				) -> Vec<ClientExtension>,
				fn_key_share_extension_make(
					fn_key_share_extension_append(
						fn_key_share_extension_new -> Vec<KeyShareEntry>,
						fn_key_share_deterministic(
							fn_named_group_secp384r1 -> NamedGroup
						) -> KeyShareEntry
					) -> Vec<KeyShareEntry>
				) -> ClientExtension
			) -> Vec<ClientExtension>,
			fn_supported_versions13_extension -> ClientExtension
		) -> Vec<ClientExtension>
	) -> ClientExtensions
) -> Message
===================================================================
2026-04-22T14:06:05+02:00	[eval_until_opaque] [START]: Eval term:
 fn_client_hello(
	fn_protocol_version12 -> ProtocolVersion,
	fn_new_random -> Random,
	fn_new_session_id -> SessionID,
	fn_cipher_suites_make(
		fn_append_cipher_suite(
			fn_new_cipher_suites -> Vec<CipherSuite>,
			fn_cipher_suite13_aes_128_gcm_sha256 -> CipherSuite
		) -> Vec<CipherSuite>
	) -> CipherSuites,
	fn_compressions -> Compressions,
	fn_client_extensions_make(
		fn_client_extensions_append(
			fn_client_extensions_append(
				fn_client_extensions_append(
					fn_client_extensions_append(
						fn_client_extensions_new -> Vec<ClientExtension>,
						fn_support_group_extension_make(
							fn_support_group_extension_append(
								fn_support_group_extension_new -> Vec<NamedGroup>,
								fn_named_group_secp384r1 -> NamedGroup
							) -> Vec<NamedGroup>
						) -> ClientExtension
					) -> Vec<ClientExtension>,
					fn_signature_algorithm_extension(
						fn_supported_signature_schemes_extension_append(
							fn_supported_signature_schemes_extension_append(
								fn_supported_signature_schemes_extension_new -> Vec<SignatureScheme>,
								fn_sig_scheme_rsa_pkcs1_sha256 -> SignatureScheme
							) -> Vec<SignatureScheme>,
							fn_sig_scheme_rsa_pss_sha256 -> SignatureScheme
						) -> Vec<SignatureScheme>
					) -> ClientExtension
				) -> Vec<ClientExtension>,
				fn_key_share_extension_make(
					fn_key_share_extension_append(
						fn_key_share_extension_new -> Vec<KeyShareEntry>,
						fn_key_share_deterministic(
							fn_named_group_secp384r1 -> NamedGroup
						) -> KeyShareEntry
					) -> Vec<KeyShareEntry>
				) -> ClientExtension
			) -> Vec<ClientExtension>,
			fn_supported_versions13_extension -> ClientExtension
		) -> Vec<ClientExtension>
	) -> ClientExtensions
) -> Message
2026-04-22T14:06:05+02:00	[eval_until_opaque] [App]: Application from path=[]
2026-04-22T14:06:05+02:00	  + Treating argument # 0 from path []...
2026-04-22T14:06:05+02:00	[eval_until_opaque] [START]: Eval term:
 fn_protocol_version12 -> ProtocolVersion
2026-04-22T14:06:05+02:00	[eval_until_opaque] [App]: Application from path=[0]
2026-04-22T14:06:05+02:00	[eval_until_opaque] Now calling the function symbol tlspuffin::tls::fn_impl::fn_fields::fn_protocol_version12 implementation and then updating payloads...
2026-04-22T14:06:05+02:00	  + Ending treating argument # 0 from path []...
2026-04-22T14:06:05+02:00	  + Treating argument # 1 from path []...
2026-04-22T14:06:05+02:00	[eval_until_opaque] [START]: Eval term:
 fn_new_random -> Random
2026-04-22T14:06:05+02:00	[eval_until_opaque] [App]: Application from path=[1]
2026-04-22T14:06:05+02:00	[eval_until_opaque] Now calling the function symbol tlspuffin::tls::fn_impl::fn_fields::fn_new_random implementation and then updating payloads...
2026-04-22T14:06:05+02:00	  + Ending treating argument # 1 from path []...
2026-04-22T14:06:05+02:00	  + Treating argument # 2 from path []...
2026-04-22T14:06:05+02:00	[eval_until_opaque] [START]: Eval term:
 fn_new_session_id -> SessionID
2026-04-22T14:06:05+02:00	[eval_until_opaque] [App]: Application from path=[2]
2026-04-22T14:06:05+02:00	[eval_until_opaque] Now calling the function symbol tlspuffin::tls::fn_impl::fn_fields::fn_new_session_id implementation and then updating payloads...
2026-04-22T14:06:05+02:00	  + Ending treating argument # 2 from path []...
2026-04-22T14:06:05+02:00	  + Treating argument # 3 from path []...
2026-04-22T14:06:05+02:00	[eval_until_opaque] [START]: Eval term:
 fn_cipher_suites_make(
	fn_append_cipher_suite(
		fn_new_cipher_suites -> Vec<CipherSuite>,
		fn_cipher_suite13_aes_128_gcm_sha256 -> CipherSuite
	) -> Vec<CipherSuite>
) -> CipherSuites
2026-04-22T14:06:05+02:00	[eval_until_opaque] [App]: Application from path=[3]
2026-04-22T14:06:05+02:00	  + Treating argument # 0 from path [3]...
2026-04-22T14:06:05+02:00	[eval_until_opaque] [START]: Eval term:
 fn_append_cipher_suite(
	fn_new_cipher_suites -> Vec<CipherSuite>,
	fn_cipher_suite13_aes_128_gcm_sha256 -> CipherSuite
) -> Vec<CipherSuite>
2026-04-22T14:06:05+02:00	[eval_until_opaque] [App]: Application from path=[3, 0]
2026-04-22T14:06:05+02:00	  + Treating argument # 0 from path [3, 0]...
2026-04-22T14:06:05+02:00	[eval_until_opaque] [START]: Eval term:
 fn_new_cipher_suites -> Vec<CipherSuite>
2026-04-22T14:06:05+02:00	[eval_until_opaque] [App]: Application from path=[3, 0, 0]
2026-04-22T14:06:05+02:00	[eval_until_opaque] Now calling the function symbol tlspuffin::tls::fn_impl::fn_fields::fn_new_cipher_suites implementation and then updating payloads...
2026-04-22T14:06:05+02:00	  + Ending treating argument # 0 from path [3, 0]...
2026-04-22T14:06:05+02:00	  + Treating argument # 1 from path [3, 0]...
2026-04-22T14:06:05+02:00	[eval_until_opaque] [START]: Eval term:
 fn_cipher_suite13_aes_128_gcm_sha256 -> CipherSuite
2026-04-22T14:06:05+02:00	[eval_until_opaque] [App]: Application from path=[3, 0, 1]
2026-04-22T14:06:05+02:00	[eval_until_opaque] Now calling the function symbol tlspuffin::tls::fn_impl::fn_fields::fn_cipher_suite13_aes_128_gcm_sha256 implementation and then updating payloads...
2026-04-22T14:06:05+02:00	  + Ending treating argument # 1 from path [3, 0]...
2026-04-22T14:06:05+02:00	[eval_until_opaque] Now calling the function symbol tlspuffin::tls::fn_impl::fn_fields::fn_append_cipher_suite implementation and then updating payloads...
2026-04-22T14:06:05+02:00	  + Ending treating argument # 0 from path [3]...
2026-04-22T14:06:05+02:00	[eval_until_opaque] Now calling the function symbol tlspuffin::tls::fn_impl::fn_fields::fn_cipher_suites_make implementation and then updating payloads...
2026-04-22T14:06:05+02:00	  + Ending treating argument # 3 from path []...
2026-04-22T14:06:05+02:00	  + Treating argument # 4 from path []...
2026-04-22T14:06:05+02:00	[eval_until_opaque] [START]: Eval term:
 fn_compressions -> Compressions
2026-04-22T14:06:05+02:00	[eval_until_opaque] [App]: Application from path=[4]
2026-04-22T14:06:05+02:00	[eval_until_opaque] Now calling the function symbol tlspuffin::tls::fn_impl::fn_fields::fn_compressions implementation and then updating payloads...
2026-04-22T14:06:05+02:00	  + Ending treating argument # 4 from path []...
2026-04-22T14:06:05+02:00	  + Treating argument # 5 from path []...
2026-04-22T14:06:05+02:00	[eval_until_opaque] [START]: Eval term:
 fn_client_extensions_make(
	fn_client_extensions_append(
		fn_client_extensions_append(
			fn_client_extensions_append(
				fn_client_extensions_append(
					fn_client_extensions_new -> Vec<ClientExtension>,
					fn_support_group_extension_make(
						fn_support_group_extension_append(
							fn_support_group_extension_new -> Vec<NamedGroup>,
							fn_named_group_secp384r1 -> NamedGroup
						) -> Vec<NamedGroup>
					) -> ClientExtension
				) -> Vec<ClientExtension>,
				fn_signature_algorithm_extension(
					fn_supported_signature_schemes_extension_append(
						fn_supported_signature_schemes_extension_append(
							fn_supported_signature_schemes_extension_new -> Vec<SignatureScheme>,
							fn_sig_scheme_rsa_pkcs1_sha256 -> SignatureScheme
						) -> Vec<SignatureScheme>,
						fn_sig_scheme_rsa_pss_sha256 -> SignatureScheme
					) -> Vec<SignatureScheme>
				) -> ClientExtension
			) -> Vec<ClientExtension>,
			fn_key_share_extension_make(
				fn_key_share_extension_append(
					fn_key_share_extension_new -> Vec<KeyShareEntry>,
					fn_key_share_deterministic(
						fn_named_group_secp384r1 -> NamedGroup
					) -> KeyShareEntry
				) -> Vec<KeyShareEntry>
			) -> ClientExtension
		) -> Vec<ClientExtension>,
		fn_supported_versions13_extension -> ClientExtension
	) -> Vec<ClientExtension>
) -> ClientExtensions
2026-04-22T14:06:05+02:00	[eval_until_opaque] [App]: Application from path=[5]
2026-04-22T14:06:05+02:00	  + Treating argument # 0 from path [5]...
2026-04-22T14:06:05+02:00	[eval_until_opaque] [START]: Eval term:
 fn_client_extensions_append(
	fn_client_extensions_append(
		fn_client_extensions_append(
			fn_client_extensions_append(
				fn_client_extensions_new -> Vec<ClientExtension>,
				fn_support_group_extension_make(
					fn_support_group_extension_append(
						fn_support_group_extension_new -> Vec<NamedGroup>,
						fn_named_group_secp384r1 -> NamedGroup
					) -> Vec<NamedGroup>
				) -> ClientExtension
			) -> Vec<ClientExtension>,
			fn_signature_algorithm_extension(
				fn_supported_signature_schemes_extension_append(
					fn_supported_signature_schemes_extension_append(
						fn_supported_signature_schemes_extension_new -> Vec<SignatureScheme>,
						fn_sig_scheme_rsa_pkcs1_sha256 -> SignatureScheme
					) -> Vec<SignatureScheme>,
					fn_sig_scheme_rsa_pss_sha256 -> SignatureScheme
				) -> Vec<SignatureScheme>
			) -> ClientExtension
		) -> Vec<ClientExtension>,
		fn_key_share_extension_make(
			fn_key_share_extension_append(
				fn_key_share_extension_new -> Vec<KeyShareEntry>,
				fn_key_share_deterministic(
					fn_named_group_secp384r1 -> NamedGroup
				) -> KeyShareEntry
			) -> Vec<KeyShareEntry>
		) -> ClientExtension
	) -> Vec<ClientExtension>,
	fn_supported_versions13_extension -> ClientExtension
) -> Vec<ClientExtension>
2026-04-22T14:06:05+02:00	[eval_until_opaque] [App]: Application from path=[5, 0]
2026-04-22T14:06:05+02:00	  + Treating argument # 0 from path [5, 0]...
2026-04-22T14:06:05+02:00	[eval_until_opaque] [START]: Eval term:
 fn_client_extensions_append(
	fn_client_extensions_append(
		fn_client_extensions_append(
			fn_client_extensions_new -> Vec<ClientExtension>,
			fn_support_group_extension_make(
				fn_support_group_extension_append(
					fn_support_group_extension_new -> Vec<NamedGroup>,
					fn_named_group_secp384r1 -> NamedGroup
				) -> Vec<NamedGroup>
			) -> ClientExtension
		) -> Vec<ClientExtension>,
		fn_signature_algorithm_extension(
			fn_supported_signature_schemes_extension_append(
				fn_supported_signature_schemes_extension_append(
					fn_supported_signature_schemes_extension_new -> Vec<SignatureScheme>,
					fn_sig_scheme_rsa_pkcs1_sha256 -> SignatureScheme
				) -> Vec<SignatureScheme>,
				fn_sig_scheme_rsa_pss_sha256 -> SignatureScheme
			) -> Vec<SignatureScheme>
		) -> ClientExtension
	) -> Vec<ClientExtension>,
	fn_key_share_extension_make(
		fn_key_share_extension_append(
			fn_key_share_extension_new -> Vec<KeyShareEntry>,
			fn_key_share_deterministic(
				fn_named_group_secp384r1 -> NamedGroup
			) -> KeyShareEntry
		) -> Vec<KeyShareEntry>
	) -> ClientExtension
) -> Vec<ClientExtension>
2026-04-22T14:06:05+02:00	[eval_until_opaque] [App]: Application from path=[5, 0, 0]
2026-04-22T14:06:05+02:00	  + Treating argument # 0 from path [5, 0, 0]...
2026-04-22T14:06:05+02:00	[eval_until_opaque] [START]: Eval term:
 fn_client_extensions_append(
	fn_client_extensions_append(
		fn_client_extensions_new -> Vec<ClientExtension>,
		fn_support_group_extension_make(
			fn_support_group_extension_append(
				fn_support_group_extension_new -> Vec<NamedGroup>,
				fn_named_group_secp384r1 -> NamedGroup
			) -> Vec<NamedGroup>
		) -> ClientExtension
	) -> Vec<ClientExtension>,
	fn_signature_algorithm_extension(
		fn_supported_signature_schemes_extension_append(
			fn_supported_signature_schemes_extension_append(
				fn_supported_signature_schemes_extension_new -> Vec<SignatureScheme>,
				fn_sig_scheme_rsa_pkcs1_sha256 -> SignatureScheme
			) -> Vec<SignatureScheme>,
			fn_sig_scheme_rsa_pss_sha256 -> SignatureScheme
		) -> Vec<SignatureScheme>
	) -> ClientExtension
) -> Vec<ClientExtension>
2026-04-22T14:06:05+02:00	[eval_until_opaque] [App]: Application from path=[5, 0, 0, 0]
2026-04-22T14:06:05+02:00	  + Treating argument # 0 from path [5, 0, 0, 0]...
2026-04-22T14:06:05+02:00	[eval_until_opaque] [START]: Eval term:
 fn_client_extensions_append(
	fn_client_extensions_new -> Vec<ClientExtension>,
	fn_support_group_extension_make(
		fn_support_group_extension_append(
			fn_support_group_extension_new -> Vec<NamedGroup>,
			fn_named_group_secp384r1 -> NamedGroup
		) -> Vec<NamedGroup>
	) -> ClientExtension
) -> Vec<ClientExtension>
2026-04-22T14:06:05+02:00	[eval_until_opaque] [App]: Application from path=[5, 0, 0, 0, 0]
2026-04-22T14:06:05+02:00	  + Treating argument # 0 from path [5, 0, 0, 0, 0]...
2026-04-22T14:06:05+02:00	[eval_until_opaque] [START]: Eval term:
 fn_client_extensions_new -> Vec<ClientExtension>
2026-04-22T14:06:05+02:00	[eval_until_opaque] [App]: Application from path=[5, 0, 0, 0, 0, 0]
2026-04-22T14:06:05+02:00	[eval_until_opaque] Now calling the function symbol tlspuffin::tls::fn_impl::fn_extensions::fn_client_extensions_new implementation and then updating payloads...
2026-04-22T14:06:05+02:00	  + Ending treating argument # 0 from path [5, 0, 0, 0, 0]...
2026-04-22T14:06:05+02:00	  + Treating argument # 1 from path [5, 0, 0, 0, 0]...
2026-04-22T14:06:05+02:00	[eval_until_opaque] [START]: Eval term:
 fn_support_group_extension_make(
	fn_support_group_extension_append(
		fn_support_group_extension_new -> Vec<NamedGroup>,
		fn_named_group_secp384r1 -> NamedGroup
	) -> Vec<NamedGroup>
) -> ClientExtension
2026-04-22T14:06:05+02:00	[eval_until_opaque] [App]: Application from path=[5, 0, 0, 0, 0, 1]
2026-04-22T14:06:05+02:00	  + Treating argument # 0 from path [5, 0, 0, 0, 0, 1]...
2026-04-22T14:06:05+02:00	[eval_until_opaque] [START]: Eval term:
 fn_support_group_extension_append(
	fn_support_group_extension_new -> Vec<NamedGroup>,
	fn_named_group_secp384r1 -> NamedGroup
) -> Vec<NamedGroup>
2026-04-22T14:06:05+02:00	[eval_until_opaque] [App]: Application from path=[5, 0, 0, 0, 0, 1, 0]
2026-04-22T14:06:05+02:00	  + Treating argument # 0 from path [5, 0, 0, 0, 0, 1, 0]...
2026-04-22T14:06:05+02:00	[eval_until_opaque] [START]: Eval term:
 fn_support_group_extension_new -> Vec<NamedGroup>
2026-04-22T14:06:05+02:00	[eval_until_opaque] [App]: Application from path=[5, 0, 0, 0, 0, 1, 0, 0]
2026-04-22T14:06:05+02:00	[eval_until_opaque] Now calling the function symbol tlspuffin::tls::fn_impl::fn_extensions::fn_support_group_extension_new implementation and then updating payloads...
2026-04-22T14:06:05+02:00	  + Ending treating argument # 0 from path [5, 0, 0, 0, 0, 1, 0]...
2026-04-22T14:06:05+02:00	  + Treating argument # 1 from path [5, 0, 0, 0, 0, 1, 0]...
2026-04-22T14:06:05+02:00	[eval_until_opaque] [START]: Eval term:
 fn_named_group_secp384r1 -> NamedGroup
2026-04-22T14:06:05+02:00	[eval_until_opaque] [App]: Application from path=[5, 0, 0, 0, 0, 1, 0, 1]
2026-04-22T14:06:05+02:00	[eval_until_opaque] Now calling the function symbol tlspuffin::tls::fn_impl::fn_utils::fn_named_group_secp384r1 implementation and then updating payloads...
2026-04-22T14:06:05+02:00	  + Ending treating argument # 1 from path [5, 0, 0, 0, 0, 1, 0]...
2026-04-22T14:06:05+02:00	[eval_until_opaque] Now calling the function symbol tlspuffin::tls::fn_impl::fn_extensions::fn_support_group_extension_append implementation and then updating payloads...
2026-04-22T14:06:05+02:00	  + Ending treating argument # 0 from path [5, 0, 0, 0, 0, 1]...
2026-04-22T14:06:05+02:00	[eval_until_opaque] Now calling the function symbol tlspuffin::tls::fn_impl::fn_extensions::fn_support_group_extension_make implementation and then updating payloads...
2026-04-22T14:06:05+02:00	  + Ending treating argument # 1 from path [5, 0, 0, 0, 0]...
2026-04-22T14:06:05+02:00	[eval_until_opaque] Now calling the function symbol tlspuffin::tls::fn_impl::fn_extensions::fn_client_extensions_append implementation and then updating payloads...
2026-04-22T14:06:05+02:00	  + Ending treating argument # 0 from path [5, 0, 0, 0]...
2026-04-22T14:06:05+02:00	  + Treating argument # 1 from path [5, 0, 0, 0]...
2026-04-22T14:06:05+02:00	[eval_until_opaque] [START]: Eval term:
 fn_signature_algorithm_extension(
	fn_supported_signature_schemes_extension_append(
		fn_supported_signature_schemes_extension_append(
			fn_supported_signature_schemes_extension_new -> Vec<SignatureScheme>,
			fn_sig_scheme_rsa_pkcs1_sha256 -> SignatureScheme
		) -> Vec<SignatureScheme>,
		fn_sig_scheme_rsa_pss_sha256 -> SignatureScheme
	) -> Vec<SignatureScheme>
) -> ClientExtension
2026-04-22T14:06:05+02:00	[eval_until_opaque] [App]: Application from path=[5, 0, 0, 0, 1]
2026-04-22T14:06:05+02:00	  + Treating argument # 0 from path [5, 0, 0, 0, 1]...
2026-04-22T14:06:05+02:00	[eval_until_opaque] [START]: Eval term:
 fn_supported_signature_schemes_extension_append(
	fn_supported_signature_schemes_extension_append(
		fn_supported_signature_schemes_extension_new -> Vec<SignatureScheme>,
		fn_sig_scheme_rsa_pkcs1_sha256 -> SignatureScheme
	) -> Vec<SignatureScheme>,
	fn_sig_scheme_rsa_pss_sha256 -> SignatureScheme
) -> Vec<SignatureScheme>
2026-04-22T14:06:05+02:00	[eval_until_opaque] [App]: Application from path=[5, 0, 0, 0, 1, 0]
2026-04-22T14:06:05+02:00	  + Treating argument # 0 from path [5, 0, 0, 0, 1, 0]...
2026-04-22T14:06:05+02:00	[eval_until_opaque] [START]: Eval term:
 fn_supported_signature_schemes_extension_append(
	fn_supported_signature_schemes_extension_new -> Vec<SignatureScheme>,
	fn_sig_scheme_rsa_pkcs1_sha256 -> SignatureScheme
) -> Vec<SignatureScheme>
2026-04-22T14:06:05+02:00	[eval_until_opaque] [App]: Application from path=[5, 0, 0, 0, 1, 0, 0]
2026-04-22T14:06:05+02:00	  + Treating argument # 0 from path [5, 0, 0, 0, 1, 0, 0]...
2026-04-22T14:06:05+02:00	[eval_until_opaque] [START]: Eval term:
 fn_supported_signature_schemes_extension_new -> Vec<SignatureScheme>
2026-04-22T14:06:05+02:00	[eval_until_opaque] [App]: Application from path=[5, 0, 0, 0, 1, 0, 0, 0]
2026-04-22T14:06:05+02:00	[eval_until_opaque] Now calling the function symbol tlspuffin::tls::fn_impl::fn_extensions::fn_supported_signature_schemes_extension_new implementation and then updating payloads...
2026-04-22T14:06:05+02:00	  + Ending treating argument # 0 from path [5, 0, 0, 0, 1, 0, 0]...
2026-04-22T14:06:05+02:00	  + Treating argument # 1 from path [5, 0, 0, 0, 1, 0, 0]...
2026-04-22T14:06:05+02:00	[eval_until_opaque] [START]: Eval term:
 fn_sig_scheme_rsa_pkcs1_sha256 -> SignatureScheme
2026-04-22T14:06:05+02:00	[eval_until_opaque] [App]: Application from path=[5, 0, 0, 0, 1, 0, 0, 1]
2026-04-22T14:06:05+02:00	[eval_until_opaque] Now calling the function symbol tlspuffin::tls::fn_impl::fn_extensions::fn_sig_scheme_rsa_pkcs1_sha256 implementation and then updating payloads...
2026-04-22T14:06:05+02:00	  + Ending treating argument # 1 from path [5, 0, 0, 0, 1, 0, 0]...
2026-04-22T14:06:05+02:00	[eval_until_opaque] Now calling the function symbol tlspuffin::tls::fn_impl::fn_extensions::fn_supported_signature_schemes_extension_append implementation and then updating payloads...
2026-04-22T14:06:05+02:00	  + Ending treating argument # 0 from path [5, 0, 0, 0, 1, 0]...
2026-04-22T14:06:05+02:00	  + Treating argument # 1 from path [5, 0, 0, 0, 1, 0]...
2026-04-22T14:06:05+02:00	[eval_until_opaque] [START]: Eval term:
 fn_sig_scheme_rsa_pss_sha256 -> SignatureScheme
2026-04-22T14:06:05+02:00	[eval_until_opaque] [App]: Application from path=[5, 0, 0, 0, 1, 0, 1]
2026-04-22T14:06:05+02:00	[eval_until_opaque] Now calling the function symbol tlspuffin::tls::fn_impl::fn_extensions::fn_sig_scheme_rsa_pss_sha256 implementation and then updating payloads...
2026-04-22T14:06:05+02:00	  + Ending treating argument # 1 from path [5, 0, 0, 0, 1, 0]...
2026-04-22T14:06:05+02:00	[eval_until_opaque] Now calling the function symbol tlspuffin::tls::fn_impl::fn_extensions::fn_supported_signature_schemes_extension_append implementation and then updating payloads...
2026-04-22T14:06:05+02:00	  + Ending treating argument # 0 from path [5, 0, 0, 0, 1]...
2026-04-22T14:06:05+02:00	[eval_until_opaque] Now calling the function symbol tlspuffin::tls::fn_impl::fn_extensions::fn_signature_algorithm_extension implementation and then updating payloads...
2026-04-22T14:06:05+02:00	  + Ending treating argument # 1 from path [5, 0, 0, 0]...
2026-04-22T14:06:05+02:00	[eval_until_opaque] Now calling the function symbol tlspuffin::tls::fn_impl::fn_extensions::fn_client_extensions_append implementation and then updating payloads...
2026-04-22T14:06:05+02:00	  + Ending treating argument # 0 from path [5, 0, 0]...
2026-04-22T14:06:05+02:00	  + Treating argument # 1 from path [5, 0, 0]...
2026-04-22T14:06:05+02:00	[eval_until_opaque] [START]: Eval term:
 fn_key_share_extension_make(
	fn_key_share_extension_append(
		fn_key_share_extension_new -> Vec<KeyShareEntry>,
		fn_key_share_deterministic(
			fn_named_group_secp384r1 -> NamedGroup
		) -> KeyShareEntry
	) -> Vec<KeyShareEntry>
) -> ClientExtension
2026-04-22T14:06:05+02:00	[eval_until_opaque] [App]: Application from path=[5, 0, 0, 1]
2026-04-22T14:06:05+02:00	  + Treating argument # 0 from path [5, 0, 0, 1]...
2026-04-22T14:06:05+02:00	[eval_until_opaque] [START]: Eval term:
 fn_key_share_extension_append(
	fn_key_share_extension_new -> Vec<KeyShareEntry>,
	fn_key_share_deterministic(
		fn_named_group_secp384r1 -> NamedGroup
	) -> KeyShareEntry
) -> Vec<KeyShareEntry>
2026-04-22T14:06:05+02:00	[eval_until_opaque] [App]: Application from path=[5, 0, 0, 1, 0]
2026-04-22T14:06:05+02:00	  + Treating argument # 0 from path [5, 0, 0, 1, 0]...
2026-04-22T14:06:05+02:00	[eval_until_opaque] [START]: Eval term:
 fn_key_share_extension_new -> Vec<KeyShareEntry>
2026-04-22T14:06:05+02:00	[eval_until_opaque] [App]: Application from path=[5, 0, 0, 1, 0, 0]
2026-04-22T14:06:05+02:00	[eval_until_opaque] Now calling the function symbol tlspuffin::tls::fn_impl::fn_extensions::fn_key_share_extension_new implementation and then updating payloads...
2026-04-22T14:06:05+02:00	  + Ending treating argument # 0 from path [5, 0, 0, 1, 0]...
2026-04-22T14:06:05+02:00	  + Treating argument # 1 from path [5, 0, 0, 1, 0]...
2026-04-22T14:06:05+02:00	[eval_until_opaque] [START]: Eval term:
 fn_key_share_deterministic(
	fn_named_group_secp384r1 -> NamedGroup
) -> KeyShareEntry
2026-04-22T14:06:05+02:00	[eval_until_opaque] [App]: Application from path=[5, 0, 0, 1, 0, 1]
2026-04-22T14:06:05+02:00	  + Treating argument # 0 from path [5, 0, 0, 1, 0, 1]...
2026-04-22T14:06:05+02:00	[eval_until_opaque] [START]: Eval term:
 fn_named_group_secp384r1 -> NamedGroup
2026-04-22T14:06:05+02:00	[eval_until_opaque] [App]: Application from path=[5, 0, 0, 1, 0, 1, 0]
2026-04-22T14:06:05+02:00	[eval_until_opaque] Now calling the function symbol tlspuffin::tls::fn_impl::fn_utils::fn_named_group_secp384r1 implementation and then updating payloads...
2026-04-22T14:06:05+02:00	  + Ending treating argument # 0 from path [5, 0, 0, 1, 0, 1]...
2026-04-22T14:06:05+02:00	[eval_until_opaque] Now calling the function symbol tlspuffin::tls::fn_impl::fn_extensions::fn_key_share_deterministic implementation and then updating payloads...
2026-04-22T14:06:05+02:00	  + Ending treating argument # 1 from path [5, 0, 0, 1, 0]...
2026-04-22T14:06:05+02:00	[eval_until_opaque] Now calling the function symbol tlspuffin::tls::fn_impl::fn_extensions::fn_key_share_extension_append implementation and then updating payloads...
2026-04-22T14:06:05+02:00	  + Ending treating argument # 0 from path [5, 0, 0, 1]...
2026-04-22T14:06:05+02:00	[eval_until_opaque] Now calling the function symbol tlspuffin::tls::fn_impl::fn_extensions::fn_key_share_extension_make implementation and then updating payloads...
2026-04-22T14:06:05+02:00	  + Ending treating argument # 1 from path [5, 0, 0]...
2026-04-22T14:06:05+02:00	[eval_until_opaque] Now calling the function symbol tlspuffin::tls::fn_impl::fn_extensions::fn_client_extensions_append implementation and then updating payloads...
2026-04-22T14:06:05+02:00	  + Ending treating argument # 0 from path [5, 0]...
2026-04-22T14:06:05+02:00	  + Treating argument # 1 from path [5, 0]...
2026-04-22T14:06:05+02:00	[eval_until_opaque] [START]: Eval term:
 fn_supported_versions13_extension -> ClientExtension
2026-04-22T14:06:05+02:00	[eval_until_opaque] [App]: Application from path=[5, 0, 1]
2026-04-22T14:06:05+02:00	[eval_until_opaque] Now calling the function symbol tlspuffin::tls::fn_impl::fn_extensions::fn_supported_versions13_extension implementation and then updating payloads...
2026-04-22T14:06:05+02:00	  + Ending treating argument # 1 from path [5, 0]...
2026-04-22T14:06:05+02:00	[eval_until_opaque] Now calling the function symbol tlspuffin::tls::fn_impl::fn_extensions::fn_client_extensions_append implementation and then updating payloads...
2026-04-22T14:06:05+02:00	  + Ending treating argument # 0 from path [5]...
2026-04-22T14:06:05+02:00	[eval_until_opaque] Now calling the function symbol tlspuffin::tls::fn_impl::fn_extensions::fn_client_extensions_make implementation and then updating payloads...
2026-04-22T14:06:05+02:00	  + Ending treating argument # 5 from path []...
2026-04-22T14:06:05+02:00	[eval_until_opaque] Now calling the function symbol tlspuffin::tls::fn_impl::fn_messages::fn_client_hello implementation and then updating payloads...
2026-04-22T14:06:05+02:00	        / [no_payload] We successfully evaluated the root term into: [22, 3, 3, 0, 211, 1, 0, 0, 207, 3, 3, 1, 1, 1, 1, 1, 1, 1, 1, 1, 1, 1, 1, 1, 1, 1, 1, 1, 1, 1, 1, 1, 1, 1, 1, 1, 1, 1, 1, 1, 1, 1, 1, 32, 3, 3, 3, 3, 3, 3, 3, 3, 3, 3, 3, 3, 3, 3, 3, 3, 3, 3, 3, 3, 3, 3, 3, 3, 3, 3, 3, 3, 3, 3, 3, 3, 0, 2, 19, 1, 1, 0, 0, 132, 0, 10, 0, 4, 0, 2, 0, 24, 0, 13, 0, 6, 0, 4, 4, 1, 8, 4, 0, 51, 0, 103, 0, 101, 0, 24, 0, 97, 4, 83, 62, 229, 191, 64, 236, 45, 103, 152, 139, 119, 243, 23, 72, 155, 182, 223, 149, 41, 37, 199, 9, 252, 3, 129, 17, 26, 89, 86, 242, 215, 88, 17, 14, 89, 211, 215, 193, 114, 158, 44, 13, 112, 234, 247, 115, 230, 18, 1, 22, 66, 109, 226, 67, 106, 47, 95, 221, 127, 229, 79, 175, 149, 43, 4, 253, 19, 245, 22, 206, 98, 127, 137, 210, 1, 157, 76, 135, 150, 149, 158, 67, 51, 199, 6, 91, 73, 108, 166, 52, 213, 220, 99, 189, 233, 31, 0, 43, 0, 3, 2, 3, 4]
2026-04-22T14:06:05+02:00	PUT error log: Ok("")
2026-04-22T14:06:05+02:00	PUT error log: Ok("")
2026-04-22T14:06:05+02:00	PUT error log: Ok("")
2026-04-22T14:06:05+02:00	PUT error log: Ok("")
2026-04-22T14:06:05+02:00	Adding raw knowledge for OpaqueMessageFlight { messages: [OpaqueMessage { typ: Handshake, version: TLSv1_2, payload: Payload([2, 0, 0, 183, 3, 3, 63, 148, 245, 191, 85, 230, 165, 49, 123, 136, 53, 52, 239, 236, 39, 162, 4, 175, 81, 216, 80, 60, 162, 59, 146, 98, 56, 55, 251, 172, 31, 22, 32, 3, 3, 3, 3, 3, 3, 3, 3, 3, 3, 3, 3, 3, 3, 3, 3, 3, 3, 3, 3, 3, 3, 3, 3, 3, 3, 3, 3, 3, 3, 3, 3, 19, 1, 0, 0, 111, 0, 51, 0, 101, 0, 24, 0, 97, 4, 102, 129, 187, 178, 183, 174, 0, 246, 178, 85, 2, 83, 76, 88, 187, 63, 10, 5, 89, 120, 46, 227, 165, 124, 209, 244, 47, 111, 216, 114, 177, 50, 25, 174, 49, 167, 209, 6, 238, 131, 8, 243, 188, 146, 212, 101, 210, 76, 240, 187, 240, 81, 150, 134, 134, 128, 140, 239, 1, 25, 250, 109, 167, 208, 212, 162, 255, 183, 122, 27, 194, 181, 242, 207, 188, 231, 40, 147, 183, 176, 193, 98, 190, 4, 151, 83, 146, 86, 69, 167, 224, 93, 120, 231, 91, 64, 0, 43, 0, 2, 3, 4]) }, OpaqueMessage { typ: ChangeCipherSpec, version: TLSv1_2, payload: Payload([1]) }, OpaqueMessage { typ: ApplicationData, version: TLSv1_2, payload: Payload([61, 183, 220, 87, 136, 131, 175, 12, 246, 81, 229, 185, 94, 197, 61, 185, 136, 35, 0, 60, 157, 138, 149]) }, OpaqueMessage { typ: ApplicationData, version: TLSv1_2, payload: Payload([85, 202, 19, 94, 245, 164, 25, 115, 111, 147, 196, 57, 226, 5, 17, 137, 213, 117, 169, 95, 89, 58, 192, 117, 13, 18, 184, 173, 210, 30, 90, 219, 139, 132, 47, 214, 65, 167, 220, 241, 174, 127, 240, 138, 245, 1, 231, 141, 95, 126, 97, 129, 167, 119, 38, 102, 214, 24, 46, 221, 220, 72, 248, 152, 241, 192, 52, 229, 80, 14, 156, 225, 235, 176, 132, 6, 179, 203, 90, 243, 232, 49, 37, 57, 219, 195, 105, 86, 219, 55, 90, 31, 112, 213, 220, 181, 234, 182, 1, 26, 53, 155, 66, 184, 205, 145, 237, 41, 188, 220, 86, 157, 253, 224, 199, 206, 227, 144, 125, 31, 200, 84, 187, 206, 149, 14, 166, 212, 0, 249, 214, 176, 56, 184, 10, 241, 127, 81, 140, 155, 20, 45, 169, 229, 140, 15, 213, 36, 161, 110, 105, 37, 247, 82, 195, 27, 90, 160, 183, 205, 178, 221, 155, 47, 210, 217, 106, 10, 97, 38, 39, 59, 25, 175, 130, 236, 35, 131, 132, 167, 198, 52, 124, 90, 135, 235, 165, 112, 245, 91, 197, 91, 90, 214, 34, 251, 99, 40, 46, 222, 5, 52, 91, 148, 201, 4, 28, 238, 173, 193, 204, 115, 191, 167, 208, 121, 16, 152, 100, 116, 119, 123, 15, 189, 67, 6, 196, 214, 37, 22, 99, 11, 183, 6, 59, 235, 230, 197, 243, 240, 169, 47, 164, 20, 84, 179, 215, 199, 144, 81, 230, 0, 10, 71, 233, 174, 163, 27, 114, 33, 82, 248, 194, 30, 251, 160, 186, 50, 143, 208, 253, 72, 215, 102, 89, 163, 109, 64, 210, 15, 115, 187, 167, 100, 135, 213, 91, 171, 170, 133, 89, 24, 117, 187, 67, 89, 87, 160, 238, 35, 239, 91, 212, 170, 85, 28, 42, 107, 98, 140, 114, 195, 26, 15, 51, 177, 158, 148, 95, 205, 209, 20, 103, 128, 158, 160, 21, 155, 219, 74, 126, 223, 215, 53, 185, 100, 76, 92, 197, 178, 171, 214, 251, 8, 150, 101, 146, 232, 129, 155, 162, 213, 93, 217, 134, 227, 2, 149, 49, 208, 145, 95, 24, 172, 31, 19, 232, 217, 73, 208, 182, 215, 252, 188, 15, 232, 78, 77, 47, 200, 227, 26, 116, 204, 87, 16, 12, 231, 17, 2, 75, 249, 146, 204, 80, 78, 104, 16, 255, 234, 139, 153, 185, 168, 145, 3, 254, 168, 115, 67, 248, 107, 85, 105, 128, 28, 142, 245, 65, 159, 33, 134, 75, 124, 47, 113, 183, 118, 119, 4, 225, 241, 218, 170, 25, 244, 166, 233, 138, 146, 135, 209, 131, 184, 125, 65, 74, 101, 243, 45, 136, 231, 12, 250, 164, 202, 79, 111, 104, 176, 104, 190, 129, 65, 45, 245, 109, 71, 110, 167, 149, 38, 101, 46, 87, 184, 245, 244, 249, 138, 218, 8, 94, 144, 212, 81, 214, 56, 20, 151, 162, 5, 16, 247, 205, 210, 216, 197, 38, 202, 170, 46, 93, 115, 118, 49, 86, 154, 101, 97, 33, 9, 181, 169, 176, 19, 150, 244, 216, 254, 111, 65, 81, 67, 50, 94, 116, 82, 254, 155, 217, 149, 198, 29, 198, 249, 119, 204, 214, 248, 86, 95, 226, 96, 80, 44, 136, 87, 75, 27, 104, 242, 187, 59, 47, 123, 158, 218, 19, 216, 220, 216, 69, 170, 35, 10, 103, 5, 49, 242, 42, 184, 132, 53, 58, 245, 38, 151, 138, 103, 144, 4, 208, 54, 139, 19, 108, 147, 110, 174, 221, 97, 221, 142, 1, 92, 122, 171, 155, 113, 149, 107, 29, 135, 92, 20, 194, 64, 15, 29, 174, 21, 36, 64, 74, 43, 78, 155, 227, 89, 64, 99, 218, 186, 56, 66, 236, 56, 27, 238, 117, 171, 1, 197, 88, 68, 0, 185, 173, 101, 217, 194, 138, 75, 81, 9, 221, 9, 3, 233, 252, 221, 255, 162, 93, 78, 216, 6, 18, 122, 33, 108, 131, 71, 209, 80, 214, 215, 114, 100, 179, 58, 190, 104, 221, 221, 183, 80, 136, 125, 129, 93, 170, 157, 112, 132, 44, 37, 250, 26, 249, 157, 117, 86, 242, 3, 108, 79, 147, 37, 203, 19, 23, 192, 51, 225, 59, 82, 203, 254, 53, 213, 25, 217, 176, 74, 57, 113, 245, 159, 58, 91, 139, 145, 220, 34, 126, 221, 117, 175, 52, 77, 44, 93, 20, 82, 138, 217, 50, 148, 217, 84, 34, 92, 219, 120, 160, 109, 142, 11, 69, 11, 194, 182, 160, 219, 61, 105, 213, 252, 195, 252, 3, 194, 232, 51, 118, 246, 240, 224, 30, 140, 50, 233, 243, 255, 149, 128, 10, 31, 89, 206, 223, 181, 46, 123, 201, 38, 6, 21, 241, 24, 29, 80, 9, 38, 218, 186, 11, 7, 244, 92, 143, 144, 243, 164, 147, 107, 135, 84, 219, 126, 251, 85, 121, 234, 63, 55, 144, 17, 3, 107, 131, 231, 250, 79, 218, 254, 2, 84, 94, 232, 98, 53, 237, 134, 201, 186, 183]) }, OpaqueMessage { typ: ApplicationData, version: TLSv1_2, payload: Payload([150, 122, 131, 193, 166, 117, 201, 137, 10, 82, 199, 42, 53, 33, 93, 229, 46, 187, 133, 200, 145, 230, 229, 76, 119, 46, 122, 44, 156, 132, 34, 168, 226, 61, 250, 253, 209, 135, 223, 208, 210, 201, 79, 166, 102, 76, 197, 231, 59, 121, 70, 174, 144, 90, 198, 116, 102, 19, 225, 212, 204, 246, 228, 53, 89, 1, 226, 4, 130, 251, 125, 246, 17, 212, 217, 243, 193, 28, 75, 7, 46, 197, 49, 112, 5, 39, 233, 239, 75, 100, 115, 37, 150, 229, 29, 192, 238, 87, 245, 96, 146, 154, 211, 145, 245, 155, 70, 45, 50, 230, 18, 177, 213, 85, 14, 156, 237, 188, 88, 111, 64, 137, 131, 26, 249, 16, 74, 175, 108, 141, 103, 226, 155, 85, 239, 87, 109, 97, 46, 101, 38, 21, 127, 57, 173, 210, 118, 70, 197, 176, 148, 93, 25, 96, 190, 195, 105, 220, 113, 84, 15, 46, 1, 130, 94, 180, 1, 45, 206, 195, 133, 241, 160, 239, 81, 48, 245, 25, 126, 164, 10, 36, 80, 103, 225, 160, 26, 1, 179, 201, 151, 56, 69, 74, 62, 109, 87, 21, 4, 68, 84, 182, 64, 6, 198, 65, 56, 172, 89, 151, 244, 133, 66, 70, 87, 139, 207, 69, 53, 62, 187, 170, 64, 171, 169, 145, 46, 184, 135, 176, 0, 161, 224, 254, 101, 70, 2, 134, 204, 81, 236, 115, 40, 126, 230, 116, 32, 46, 14, 191, 154, 184, 196, 205, 2, 202, 93, 201, 150, 94, 173, 75, 112, 193, 13, 202, 251, 232, 119, 9, 139, 177, 141, 35, 79, 192, 85, 135, 247, 215, 198]) }, OpaqueMessage { typ: ApplicationData, version: TLSv1_2, payload: Payload([214, 2, 137, 59, 5, 211, 38, 87, 122, 27, 16, 119, 179, 244, 53, 248, 124, 122, 117, 120, 224, 184, 70, 195, 186, 77, 129, 52, 140, 246, 35, 183, 120, 127, 235, 19, 184, 142, 144, 67, 57, 84, 162, 56, 150, 57, 199, 148, 160, 64, 228, 220, 80]) }] }
2026-04-22T14:06:05+02:00	Starting declare_u16_vec_empty of base type tlspuffin::tls::rustls::msgs::handshake::ServerExtensions...
2026-04-22T14:06:05+02:00	Adding raw knowledge for MessageFlight { messages: [Message { version: TLSv1_2, payload: Handshake(HandshakeMessagePayload { typ: ServerHello, payload: ServerHello(ServerHelloPayload { legacy_version: TLSv1_2, random: Random([63, 148, 245, 191, 85, 230, 165, 49, 123, 136, 53, 52, 239, 236, 39, 162, 4, 175, 81, 216, 80, 60, 162, 59, 146, 98, 56, 55, 251, 172, 31, 22]), session_id: SessionID([3, 3, 3, 3, 3, 3, 3, 3, 3, 3, 3, 3, 3, 3, 3, 3, 3, 3, 3, 3, 3, 3, 3, 3, 3, 3, 3, 3, 3, 3, 3, 3]), cipher_suite: TLS13_AES_128_GCM_SHA256, compression_method: Null, extensions: ServerExtensions([KeyShare(KeyShareEntry { group: secp384r1, payload: PayloadU16([4, 102, 129, 187, 178, 183, 174, 0, 246, 178, 85, 2, 83, 76, 88, 187, 63, 10, 5, 89, 120, 46, 227, 165, 124, 209, 244, 47, 111, 216, 114, 177, 50, 25, 174, 49, 167, 209, 6, 238, 131, 8, 243, 188, 146, 212, 101, 210, 76, 240, 187, 240, 81, 150, 134, 134, 128, 140, 239, 1, 25, 250, 109, 167, 208, 212, 162, 255, 183, 122, 27, 194, 181, 242, 207, 188, 231, 40, 147, 183, 176, 193, 98, 190, 4, 151, 83, 146, 86, 69, 167, 224, 93, 120, 231, 91, 64]) }), SupportedVersions(TLSv1_3)]) }) }) }, Message { version: TLSv1_2, payload: ChangeCipherSpec(ChangeCipherSpecPayload) }, Message { version: TLSv1_2, payload: ApplicationData(Payload([61, 183, 220, 87, 136, 131, 175, 12, 246, 81, 229, 185, 94, 197, 61, 185, 136, 35, 0, 60, 157, 138, 149])) }, Message { version: TLSv1_2, payload: ApplicationData(Payload([85, 202, 19, 94, 245, 164, 25, 115, 111, 147, 196, 57, 226, 5, 17, 137, 213, 117, 169, 95, 89, 58, 192, 117, 13, 18, 184, 173, 210, 30, 90, 219, 139, 132, 47, 214, 65, 167, 220, 241, 174, 127, 240, 138, 245, 1, 231, 141, 95, 126, 97, 129, 167, 119, 38, 102, 214, 24, 46, 221, 220, 72, 248, 152, 241, 192, 52, 229, 80, 14, 156, 225, 235, 176, 132, 6, 179, 203, 90, 243, 232, 49, 37, 57, 219, 195, 105, 86, 219, 55, 90, 31, 112, 213, 220, 181, 234, 182, 1, 26, 53, 155, 66, 184, 205, 145, 237, 41, 188, 220, 86, 157, 253, 224, 199, 206, 227, 144, 125, 31, 200, 84, 187, 206, 149, 14, 166, 212, 0, 249, 214, 176, 56, 184, 10, 241, 127, 81, 140, 155, 20, 45, 169, 229, 140, 15, 213, 36, 161, 110, 105, 37, 247, 82, 195, 27, 90, 160, 183, 205, 178, 221, 155, 47, 210, 217, 106, 10, 97, 38, 39, 59, 25, 175, 130, 236, 35, 131, 132, 167, 198, 52, 124, 90, 135, 235, 165, 112, 245, 91, 197, 91, 90, 214, 34, 251, 99, 40, 46, 222, 5, 52, 91, 148, 201, 4, 28, 238, 173, 193, 204, 115, 191, 167, 208, 121, 16, 152, 100, 116, 119, 123, 15, 189, 67, 6, 196, 214, 37, 22, 99, 11, 183, 6, 59, 235, 230, 197, 243, 240, 169, 47, 164, 20, 84, 179, 215, 199, 144, 81, 230, 0, 10, 71, 233, 174, 163, 27, 114, 33, 82, 248, 194, 30, 251, 160, 186, 50, 143, 208, 253, 72, 215, 102, 89, 163, 109, 64, 210, 15, 115, 187, 167, 100, 135, 213, 91, 171, 170, 133, 89, 24, 117, 187, 67, 89, 87, 160, 238, 35, 239, 91, 212, 170, 85, 28, 42, 107, 98, 140, 114, 195, 26, 15, 51, 177, 158, 148, 95, 205, 209, 20, 103, 128, 158, 160, 21, 155, 219, 74, 126, 223, 215, 53, 185, 100, 76, 92, 197, 178, 171, 214, 251, 8, 150, 101, 146, 232, 129, 155, 162, 213, 93, 217, 134, 227, 2, 149, 49, 208, 145, 95, 24, 172, 31, 19, 232, 217, 73, 208, 182, 215, 252, 188, 15, 232, 78, 77, 47, 200, 227, 26, 116, 204, 87, 16, 12, 231, 17, 2, 75, 249, 146, 204, 80, 78, 104, 16, 255, 234, 139, 153, 185, 168, 145, 3, 254, 168, 115, 67, 248, 107, 85, 105, 128, 28, 142, 245, 65, 159, 33, 134, 75, 124, 47, 113, 183, 118, 119, 4, 225, 241, 218, 170, 25, 244, 166, 233, 138, 146, 135, 209, 131, 184, 125, 65, 74, 101, 243, 45, 136, 231, 12, 250, 164, 202, 79, 111, 104, 176, 104, 190, 129, 65, 45, 245, 109, 71, 110, 167, 149, 38, 101, 46, 87, 184, 245, 244, 249, 138, 218, 8, 94, 144, 212, 81, 214, 56, 20, 151, 162, 5, 16, 247, 205, 210, 216, 197, 38, 202, 170, 46, 93, 115, 118, 49, 86, 154, 101, 97, 33, 9, 181, 169, 176, 19, 150, 244, 216, 254, 111, 65, 81, 67, 50, 94, 116, 82, 254, 155, 217, 149, 198, 29, 198, 249, 119, 204, 214, 248, 86, 95, 226, 96, 80, 44, 136, 87, 75, 27, 104, 242, 187, 59, 47, 123, 158, 218, 19, 216, 220, 216, 69, 170, 35, 10, 103, 5, 49, 242, 42, 184, 132, 53, 58, 245, 38, 151, 138, 103, 144, 4, 208, 54, 139, 19, 108, 147, 110, 174, 221, 97, 221, 142, 1, 92, 122, 171, 155, 113, 149, 107, 29, 135, 92, 20, 194, 64, 15, 29, 174, 21, 36, 64, 74, 43, 78, 155, 227, 89, 64, 99, 218, 186, 56, 66, 236, 56, 27, 238, 117, 171, 1, 197, 88, 68, 0, 185, 173, 101, 217, 194, 138, 75, 81, 9, 221, 9, 3, 233, 252, 221, 255, 162, 93, 78, 216, 6, 18, 122, 33, 108, 131, 71, 209, 80, 214, 215, 114, 100, 179, 58, 190, 104, 221, 221, 183, 80, 136, 125, 129, 93, 170, 157, 112, 132, 44, 37, 250, 26, 249, 157, 117, 86, 242, 3, 108, 79, 147, 37, 203, 19, 23, 192, 51, 225, 59, 82, 203, 254, 53, 213, 25, 217, 176, 74, 57, 113, 245, 159, 58, 91, 139, 145, 220, 34, 126, 221, 117, 175, 52, 77, 44, 93, 20, 82, 138, 217, 50, 148, 217, 84, 34, 92, 219, 120, 160, 109, 142, 11, 69, 11, 194, 182, 160, 219, 61, 105, 213, 252, 195, 252, 3, 194, 232, 51, 118, 246, 240, 224, 30, 140, 50, 233, 243, 255, 149, 128, 10, 31, 89, 206, 223, 181, 46, 123, 201, 38, 6, 21, 241, 24, 29, 80, 9, 38, 218, 186, 11, 7, 244, 92, 143, 144, 243, 164, 147, 107, 135, 84, 219, 126, 251, 85, 121, 234, 63, 55, 144, 17, 3, 107, 131, 231, 250, 79, 218, 254, 2, 84, 94, 232, 98, 53, 237, 134, 201, 186, 183])) }, Message { version: TLSv1_2, payload: ApplicationData(Payload([150, 122, 131, 193, 166, 117, 201, 137, 10, 82, 199, 42, 53, 33, 93, 229, 46, 187, 133, 200, 145, 230, 229, 76, 119, 46, 122, 44, 156, 132, 34, 168, 226, 61, 250, 253, 209, 135, 223, 208, 210, 201, 79, 166, 102, 76, 197, 231, 59, 121, 70, 174, 144, 90, 198, 116, 102, 19, 225, 212, 204, 246, 228, 53, 89, 1, 226, 4, 130, 251, 125, 246, 17, 212, 217, 243, 193, 28, 75, 7, 46, 197, 49, 112, 5, 39, 233, 239, 75, 100, 115, 37, 150, 229, 29, 192, 238, 87, 245, 96, 146, 154, 211, 145, 245, 155, 70, 45, 50, 230, 18, 177, 213, 85, 14, 156, 237, 188, 88, 111, 64, 137, 131, 26, 249, 16, 74, 175, 108, 141, 103, 226, 155, 85, 239, 87, 109, 97, 46, 101, 38, 21, 127, 57, 173, 210, 118, 70, 197, 176, 148, 93, 25, 96, 190, 195, 105, 220, 113, 84, 15, 46, 1, 130, 94, 180, 1, 45, 206, 195, 133, 241, 160, 239, 81, 48, 245, 25, 126, 164, 10, 36, 80, 103, 225, 160, 26, 1, 179, 201, 151, 56, 69, 74, 62, 109, 87, 21, 4, 68, 84, 182, 64, 6, 198, 65, 56, 172, 89, 151, 244, 133, 66, 70, 87, 139, 207, 69, 53, 62, 187, 170, 64, 171, 169, 145, 46, 184, 135, 176, 0, 161, 224, 254, 101, 70, 2, 134, 204, 81, 236, 115, 40, 126, 230, 116, 32, 46, 14, 191, 154, 184, 196, 205, 2, 202, 93, 201, 150, 94, 173, 75, 112, 193, 13, 202, 251, 232, 119, 9, 139, 177, 141, 35, 79, 192, 85, 135, 247, 215, 198])) }, Message { version: TLSv1_2, payload: ApplicationData(Payload([214, 2, 137, 59, 5, 211, 38, 87, 122, 27, 16, 119, 179, 244, 53, 248, 124, 122, 117, 120, 224, 184, 70, 195, 186, 77, 129, 52, 140, 246, 35, 183, 120, 127, 235, 19, 184, 142, 144, 67, 57, 84, 162, 56, 150, 57, 199, 148, 160, 64, 228, 220, 80])) }] }
2026-04-22T14:06:05+02:00	New Claims: tlspuffin::claims::TlsClaim, tlspuffin::claims::TlsClaim, tlspuffin::claims::TlsClaim
2026-04-22T14:06:05+02:00	TlsClaim { agent_name: AgentName(0), origin: Server, config_version: V1_3, data: Transcript(ServerHello(TranscriptServerHello(TlsTranscript([57, 224, 88, 144, 7, 34, 64, 171, 15, 95, 255, 82, 183, 68, 150, 28, 126, 203, 252, 146, 88, 66, 191, 29, 69, 122, 143, 99, 11, 242, 179, 226, 0, 0, 0, 0, 0, 0, 0, 0, 0, 0, 0, 0, 0, 0, 0, 0, 0, 0, 0, 0, 0, 0, 0, 0, 0, 0, 0, 0, 0, 0, 0, 0], 32)))), step: Some(StepNumber { trace: 0, step: 0 }) }
2026-04-22T14:06:05+02:00	TlsClaim { agent_name: AgentName(0), origin: Server, config_version: V1_3, data: Message(Finished(Finished { outbound: true, client_random: [1, 1, 1, 1, 1, 1, 1, 1, 1, 1, 1, 1, 1, 1, 1, 1, 1, 1, 1, 1, 1, 1, 1, 1, 1, 1, 1, 1, 1, 1, 1, 1], server_random: [63, 148, 245, 191, 85, 230, 165, 49, 123, 136, 53, 52, 239, 236, 39, 162, 4, 175, 81, 216, 80, 60, 162, 59, 146, 98, 56, 55, 251, 172, 31, 22], session_id: [], authenticate_peer: false, peer_certificate: [], early_secret: [0, 0, 0, 0, 0, 0, 0, 0, 0, 0, 0, 0, 0, 0, 0, 0, 0, 0, 0, 0, 0, 0, 0, 0, 0, 0, 0, 0, 0, 0, 0, 0, 0, 0, 0, 0, 0, 0, 0, 0, 0, 0, 0, 0, 0, 0, 0, 0, 0, 0, 0, 0, 0, 0, 0, 0, 0, 0, 0, 0, 0, 0, 0, 0], handshake_secret: [120, 75, 40, 173, 64, 130, 100, 161, 231, 40, 142, 31, 169, 68, 61, 87, 24, 211, 15, 165, 231, 26, 19, 1, 27, 186, 75, 245, 13, 158, 50, 28, 0, 0, 0, 0, 0, 0, 0, 0, 0, 0, 0, 0, 0, 0, 0, 0, 0, 0, 0, 0, 0, 0, 0, 0, 0, 0, 0, 0, 0, 0, 0, 0], master_secret: [185, 15, 165, 47, 27, 39, 70, 185, 244, 71, 183, 5, 203, 134, 0, 75, 13, 116, 85, 195, 33, 162, 255, 127, 235, 246, 180, 202, 235, 34, 29, 146, 0, 0, 0, 0, 0, 0, 0, 0, 0, 0, 0, 0, 0, 0, 0, 0, 0, 0, 0, 0, 0, 0, 0, 0, 0, 0, 0, 0, 0, 0, 0, 0], tls_version: CLAIM_TLS_VERSION_V1_3, chosen_cipher: 4865, available_ciphers: [4865, 4866, 4867, 49196, 49200, 49195, 49199, 52393, 49187, 49191, 49162, 49172, 49161, 49171, 157, 156, 53, 47, 52396], signature_algorithm: 0, peer_signature_algorithm: 0 })), step: Some(StepNumber { trace: 0, step: 0 }) }
2026-04-22T14:06:05+02:00	TlsClaim { agent_name: AgentName(0), origin: Server, config_version: V1_3, data: Transcript(ServerFinished(TranscriptServerFinished(TlsTranscript([25, 173, 11, 202, 158, 42, 172, 39, 177, 211, 36, 73, 48, 126, 84, 200, 187, 206, 23, 238, 229, 184, 58, 142, 0, 65, 54, 126, 61, 146, 47, 249, 0, 0, 0, 0, 0, 0, 0, 0, 0, 0, 0, 0, 0, 0, 0, 0, 0, 0, 0, 0, 0, 0, 0, 0, 0, 0, 0, 0, 0, 0, 0, 0], 32)))), step: Some(StepNumber { trace: 0, step: 0 }) }
2026-04-22T14:06:05+02:00	Executing step #1
2026-04-22T14:06:05+02:00	[evaluate_config] About to evaluate term (with_payloads: true):
fn_encrypt_handshake(
	fn_finished(
		fn_verify_data(
			fn_server_finished_transcript(
				(Some(Agent(AgentName(0))), 0)[None]/TranscriptServerFinished
			) -> HandshakeHash,
			fn_server_hello_transcript(
				(Some(Agent(AgentName(0))), 0)[None]/TranscriptServerHello
			) -> HandshakeHash,
			fn_get_server_key_share(
				(Some(Agent(AgentName(0))), 0)[None]/Vec<ServerExtension>
			) -> Vec<u8>>,
			fn_no_psk -> Vec<u8>>,
			fn_named_group_secp384r1 -> NamedGroup,
			fn_new_random -> Random,
			fn_cipher_suite13_aes_128_gcm_sha256 -> CipherSuite
		) -> Vec<u8>
	) -> Message,
	fn_server_hello_transcript(
		(Some(Agent(AgentName(0))), 0)[None]/TranscriptServerHello
	) -> HandshakeHash,
	fn_get_server_key_share(
		(Some(Agent(AgentName(0))), 0)[None]/Vec<ServerExtension>
	) -> Vec<u8>>,
	fn_no_psk -> Vec<u8>>,
	fn_named_group_secp384r1 -> NamedGroup,
	fn_true -> bool,
	fn_seq_0 -> u64,
	fn_new_random -> Random,
	fn_cipher_suite13_aes_128_gcm_sha256 -> CipherSuite
) -> OpaqueMessage
===================================================================
2026-04-22T14:06:05+02:00	[eval_until_opaque] [START]: Eval term:
 fn_encrypt_handshake(
	fn_finished(
		fn_verify_data(
			fn_server_finished_transcript(
				(Some(Agent(AgentName(0))), 0)[None]/TranscriptServerFinished
			) -> HandshakeHash,
			fn_server_hello_transcript(
				(Some(Agent(AgentName(0))), 0)[None]/TranscriptServerHello
			) -> HandshakeHash,
			fn_get_server_key_share(
				(Some(Agent(AgentName(0))), 0)[None]/Vec<ServerExtension>
			) -> Vec<u8>>,
			fn_no_psk -> Vec<u8>>,
			fn_named_group_secp384r1 -> NamedGroup,
			fn_new_random -> Random,
			fn_cipher_suite13_aes_128_gcm_sha256 -> CipherSuite
		) -> Vec<u8>
	) -> Message,
	fn_server_hello_transcript(
		(Some(Agent(AgentName(0))), 0)[None]/TranscriptServerHello
	) -> HandshakeHash,
	fn_get_server_key_share(
		(Some(Agent(AgentName(0))), 0)[None]/Vec<ServerExtension>
	) -> Vec<u8>>,
	fn_no_psk -> Vec<u8>>,
	fn_named_group_secp384r1 -> NamedGroup,
	fn_true -> bool,
	fn_seq_0 -> u64,
	fn_new_random -> Random,
	fn_cipher_suite13_aes_128_gcm_sha256 -> CipherSuite
) -> OpaqueMessage
2026-04-22T14:06:05+02:00	[eval_until_opaque] [App]: Application from path=[]
2026-04-22T14:06:05+02:00	  + Treating argument # 0 from path []...
2026-04-22T14:06:05+02:00	[eval_until_opaque] [START]: Eval term:
 fn_finished(
	fn_verify_data(
		fn_server_finished_transcript(
			(Some(Agent(AgentName(0))), 0)[None]/TranscriptServerFinished
		) -> HandshakeHash,
		fn_server_hello_transcript(
			(Some(Agent(AgentName(0))), 0)[None]/TranscriptServerHello
		) -> HandshakeHash,
		fn_get_server_key_share(
			(Some(Agent(AgentName(0))), 0)[None]/Vec<ServerExtension>
		) -> Vec<u8>>,
		fn_no_psk -> Vec<u8>>,
		fn_named_group_secp384r1 -> NamedGroup,
		fn_new_random -> Random,
		fn_cipher_suite13_aes_128_gcm_sha256 -> CipherSuite
	) -> Vec<u8>
) -> Message
2026-04-22T14:06:05+02:00	[eval_until_opaque] [App]: Application from path=[0]
2026-04-22T14:06:05+02:00	  + Treating argument # 0 from path [0]...
2026-04-22T14:06:05+02:00	[eval_until_opaque] [START]: Eval term:
 fn_verify_data(
	fn_server_finished_transcript(
		(Some(Agent(AgentName(0))), 0)[None]/TranscriptServerFinished
	) -> HandshakeHash,
	fn_server_hello_transcript(
		(Some(Agent(AgentName(0))), 0)[None]/TranscriptServerHello
	) -> HandshakeHash,
	fn_get_server_key_share(
		(Some(Agent(AgentName(0))), 0)[None]/Vec<ServerExtension>
	) -> Vec<u8>>,
	fn_no_psk -> Vec<u8>>,
	fn_named_group_secp384r1 -> NamedGroup,
	fn_new_random -> Random,
	fn_cipher_suite13_aes_128_gcm_sha256 -> CipherSuite
) -> Vec<u8>
2026-04-22T14:06:05+02:00	[eval_until_opaque] [App]: Application from path=[0, 0]
2026-04-22T14:06:05+02:00	  + Treating argument # 0 from path [0, 0]...
2026-04-22T14:06:05+02:00	[eval_until_opaque] [START]: Eval term:
 fn_server_finished_transcript(
	(Some(Agent(AgentName(0))), 0)[None]/TranscriptServerFinished
) -> HandshakeHash
2026-04-22T14:06:05+02:00	[eval_until_opaque] [App]: Application from path=[0, 0, 0]
2026-04-22T14:06:05+02:00	  + Treating argument # 0 from path [0, 0, 0]...
2026-04-22T14:06:05+02:00	[eval_until_opaque] [START]: Eval term:
 (Some(Agent(AgentName(0))), 0)[None]/TranscriptServerFinished
2026-04-22T14:06:05+02:00	Looking for variable in KnowledgeStore { raw_knowledge: [RawKnowledge { source: Agent(AgentName(0)), step: Some(StepNumber { trace: 0, step: 0 }), matcher: None, associated_term: None, data: OpaqueMessageFlight { messages: [OpaqueMessage { typ: Handshake, version: TLSv1_2, payload: Payload([2, 0, 0, 183, 3, 3, 63, 148, 245, 191, 85, 230, 165, 49, 123, 136, 53, 52, 239, 236, 39, 162, 4, 175, 81, 216, 80, 60, 162, 59, 146, 98, 56, 55, 251, 172, 31, 22, 32, 3, 3, 3, 3, 3, 3, 3, 3, 3, 3, 3, 3, 3, 3, 3, 3, 3, 3, 3, 3, 3, 3, 3, 3, 3, 3, 3, 3, 3, 3, 3, 3, 19, 1, 0, 0, 111, 0, 51, 0, 101, 0, 24, 0, 97, 4, 102, 129, 187, 178, 183, 174, 0, 246, 178, 85, 2, 83, 76, 88, 187, 63, 10, 5, 89, 120, 46, 227, 165, 124, 209, 244, 47, 111, 216, 114, 177, 50, 25, 174, 49, 167, 209, 6, 238, 131, 8, 243, 188, 146, 212, 101, 210, 76, 240, 187, 240, 81, 150, 134, 134, 128, 140, 239, 1, 25, 250, 109, 167, 208, 212, 162, 255, 183, 122, 27, 194, 181, 242, 207, 188, 231, 40, 147, 183, 176, 193, 98, 190, 4, 151, 83, 146, 86, 69, 167, 224, 93, 120, 231, 91, 64, 0, 43, 0, 2, 3, 4]) }, OpaqueMessage { typ: ChangeCipherSpec, version: TLSv1_2, payload: Payload([1]) }, OpaqueMessage { typ: ApplicationData, version: TLSv1_2, payload: Payload([61, 183, 220, 87, 136, 131, 175, 12, 246, 81, 229, 185, 94, 197, 61, 185, 136, 35, 0, 60, 157, 138, 149]) }, OpaqueMessage { typ: ApplicationData, version: TLSv1_2, payload: Payload([85, 202, 19, 94, 245, 164, 25, 115, 111, 147, 196, 57, 226, 5, 17, 137, 213, 117, 169, 95, 89, 58, 192, 117, 13, 18, 184, 173, 210, 30, 90, 219, 139, 132, 47, 214, 65, 167, 220, 241, 174, 127, 240, 138, 245, 1, 231, 141, 95, 126, 97, 129, 167, 119, 38, 102, 214, 24, 46, 221, 220, 72, 248, 152, 241, 192, 52, 229, 80, 14, 156, 225, 235, 176, 132, 6, 179, 203, 90, 243, 232, 49, 37, 57, 219, 195, 105, 86, 219, 55, 90, 31, 112, 213, 220, 181, 234, 182, 1, 26, 53, 155, 66, 184, 205, 145, 237, 41, 188, 220, 86, 157, 253, 224, 199, 206, 227, 144, 125, 31, 200, 84, 187, 206, 149, 14, 166, 212, 0, 249, 214, 176, 56, 184, 10, 241, 127, 81, 140, 155, 20, 45, 169, 229, 140, 15, 213, 36, 161, 110, 105, 37, 247, 82, 195, 27, 90, 160, 183, 205, 178, 221, 155, 47, 210, 217, 106, 10, 97, 38, 39, 59, 25, 175, 130, 236, 35, 131, 132, 167, 198, 52, 124, 90, 135, 235, 165, 112, 245, 91, 197, 91, 90, 214, 34, 251, 99, 40, 46, 222, 5, 52, 91, 148, 201, 4, 28, 238, 173, 193, 204, 115, 191, 167, 208, 121, 16, 152, 100, 116, 119, 123, 15, 189, 67, 6, 196, 214, 37, 22, 99, 11, 183, 6, 59, 235, 230, 197, 243, 240, 169, 47, 164, 20, 84, 179, 215, 199, 144, 81, 230, 0, 10, 71, 233, 174, 163, 27, 114, 33, 82, 248, 194, 30, 251, 160, 186, 50, 143, 208, 253, 72, 215, 102, 89, 163, 109, 64, 210, 15, 115, 187, 167, 100, 135, 213, 91, 171, 170, 133, 89, 24, 117, 187, 67, 89, 87, 160, 238, 35, 239, 91, 212, 170, 85, 28, 42, 107, 98, 140, 114, 195, 26, 15, 51, 177, 158, 148, 95, 205, 209, 20, 103, 128, 158, 160, 21, 155, 219, 74, 126, 223, 215, 53, 185, 100, 76, 92, 197, 178, 171, 214, 251, 8, 150, 101, 146, 232, 129, 155, 162, 213, 93, 217, 134, 227, 2, 149, 49, 208, 145, 95, 24, 172, 31, 19, 232, 217, 73, 208, 182, 215, 252, 188, 15, 232, 78, 77, 47, 200, 227, 26, 116, 204, 87, 16, 12, 231, 17, 2, 75, 249, 146, 204, 80, 78, 104, 16, 255, 234, 139, 153, 185, 168, 145, 3, 254, 168, 115, 67, 248, 107, 85, 105, 128, 28, 142, 245, 65, 159, 33, 134, 75, 124, 47, 113, 183, 118, 119, 4, 225, 241, 218, 170, 25, 244, 166, 233, 138, 146, 135, 209, 131, 184, 125, 65, 74, 101, 243, 45, 136, 231, 12, 250, 164, 202, 79, 111, 104, 176, 104, 190, 129, 65, 45, 245, 109, 71, 110, 167, 149, 38, 101, 46, 87, 184, 245, 244, 249, 138, 218, 8, 94, 144, 212, 81, 214, 56, 20, 151, 162, 5, 16, 247, 205, 210, 216, 197, 38, 202, 170, 46, 93, 115, 118, 49, 86, 154, 101, 97, 33, 9, 181, 169, 176, 19, 150, 244, 216, 254, 111, 65, 81, 67, 50, 94, 116, 82, 254, 155, 217, 149, 198, 29, 198, 249, 119, 204, 214, 248, 86, 95, 226, 96, 80, 44, 136, 87, 75, 27, 104, 242, 187, 59, 47, 123, 158, 218, 19, 216, 220, 216, 69, 170, 35, 10, 103, 5, 49, 242, 42, 184, 132, 53, 58, 245, 38, 151, 138, 103, 144, 4, 208, 54, 139, 19, 108, 147, 110, 174, 221, 97, 221, 142, 1, 92, 122, 171, 155, 113, 149, 107, 29, 135, 92, 20, 194, 64, 15, 29, 174, 21, 36, 64, 74, 43, 78, 155, 227, 89, 64, 99, 218, 186, 56, 66, 236, 56, 27, 238, 117, 171, 1, 197, 88, 68, 0, 185, 173, 101, 217, 194, 138, 75, 81, 9, 221, 9, 3, 233, 252, 221, 255, 162, 93, 78, 216, 6, 18, 122, 33, 108, 131, 71, 209, 80, 214, 215, 114, 100, 179, 58, 190, 104, 221, 221, 183, 80, 136, 125, 129, 93, 170, 157, 112, 132, 44, 37, 250, 26, 249, 157, 117, 86, 242, 3, 108, 79, 147, 37, 203, 19, 23, 192, 51, 225, 59, 82, 203, 254, 53, 213, 25, 217, 176, 74, 57, 113, 245, 159, 58, 91, 139, 145, 220, 34, 126, 221, 117, 175, 52, 77, 44, 93, 20, 82, 138, 217, 50, 148, 217, 84, 34, 92, 219, 120, 160, 109, 142, 11, 69, 11, 194, 182, 160, 219, 61, 105, 213, 252, 195, 252, 3, 194, 232, 51, 118, 246, 240, 224, 30, 140, 50, 233, 243, 255, 149, 128, 10, 31, 89, 206, 223, 181, 46, 123, 201, 38, 6, 21, 241, 24, 29, 80, 9, 38, 218, 186, 11, 7, 244, 92, 143, 144, 243, 164, 147, 107, 135, 84, 219, 126, 251, 85, 121, 234, 63, 55, 144, 17, 3, 107, 131, 231, 250, 79, 218, 254, 2, 84, 94, 232, 98, 53, 237, 134, 201, 186, 183]) }, OpaqueMessage { typ: ApplicationData, version: TLSv1_2, payload: Payload([150, 122, 131, 193, 166, 117, 201, 137, 10, 82, 199, 42, 53, 33, 93, 229, 46, 187, 133, 200, 145, 230, 229, 76, 119, 46, 122, 44, 156, 132, 34, 168, 226, 61, 250, 253, 209, 135, 223, 208, 210, 201, 79, 166, 102, 76, 197, 231, 59, 121, 70, 174, 144, 90, 198, 116, 102, 19, 225, 212, 204, 246, 228, 53, 89, 1, 226, 4, 130, 251, 125, 246, 17, 212, 217, 243, 193, 28, 75, 7, 46, 197, 49, 112, 5, 39, 233, 239, 75, 100, 115, 37, 150, 229, 29, 192, 238, 87, 245, 96, 146, 154, 211, 145, 245, 155, 70, 45, 50, 230, 18, 177, 213, 85, 14, 156, 237, 188, 88, 111, 64, 137, 131, 26, 249, 16, 74, 175, 108, 141, 103, 226, 155, 85, 239, 87, 109, 97, 46, 101, 38, 21, 127, 57, 173, 210, 118, 70, 197, 176, 148, 93, 25, 96, 190, 195, 105, 220, 113, 84, 15, 46, 1, 130, 94, 180, 1, 45, 206, 195, 133, 241, 160, 239, 81, 48, 245, 25, 126, 164, 10, 36, 80, 103, 225, 160, 26, 1, 179, 201, 151, 56, 69, 74, 62, 109, 87, 21, 4, 68, 84, 182, 64, 6, 198, 65, 56, 172, 89, 151, 244, 133, 66, 70, 87, 139, 207, 69, 53, 62, 187, 170, 64, 171, 169, 145, 46, 184, 135, 176, 0, 161, 224, 254, 101, 70, 2, 134, 204, 81, 236, 115, 40, 126, 230, 116, 32, 46, 14, 191, 154, 184, 196, 205, 2, 202, 93, 201, 150, 94, 173, 75, 112, 193, 13, 202, 251, 232, 119, 9, 139, 177, 141, 35, 79, 192, 85, 135, 247, 215, 198]) }, OpaqueMessage { typ: ApplicationData, version: TLSv1_2, payload: Payload([214, 2, 137, 59, 5, 211, 38, 87, 122, 27, 16, 119, 179, 244, 53, 248, 124, 122, 117, 120, 224, 184, 70, 195, 186, 77, 129, 52, 140, 246, 35, 183, 120, 127, 235, 19, 184, 142, 144, 67, 57, 84, 162, 56, 150, 57, 199, 148, 160, 64, 228, 220, 80]) }] } }, RawKnowledge { source: Agent(AgentName(0)), step: Some(StepNumber { trace: 0, step: 0 }), matcher: None, associated_term: None, data: MessageFlight { messages: [Message { version: TLSv1_2, payload: Handshake(HandshakeMessagePayload { typ: ServerHello, payload: ServerHello(ServerHelloPayload { legacy_version: TLSv1_2, random: Random([63, 148, 245, 191, 85, 230, 165, 49, 123, 136, 53, 52, 239, 236, 39, 162, 4, 175, 81, 216, 80, 60, 162, 59, 146, 98, 56, 55, 251, 172, 31, 22]), session_id: SessionID([3, 3, 3, 3, 3, 3, 3, 3, 3, 3, 3, 3, 3, 3, 3, 3, 3, 3, 3, 3, 3, 3, 3, 3, 3, 3, 3, 3, 3, 3, 3, 3]), cipher_suite: TLS13_AES_128_GCM_SHA256, compression_method: Null, extensions: ServerExtensions([KeyShare(KeyShareEntry { group: secp384r1, payload: PayloadU16([4, 102, 129, 187, 178, 183, 174, 0, 246, 178, 85, 2, 83, 76, 88, 187, 63, 10, 5, 89, 120, 46, 227, 165, 124, 209, 244, 47, 111, 216, 114, 177, 50, 25, 174, 49, 167, 209, 6, 238, 131, 8, 243, 188, 146, 212, 101, 210, 76, 240, 187, 240, 81, 150, 134, 134, 128, 140, 239, 1, 25, 250, 109, 167, 208, 212, 162, 255, 183, 122, 27, 194, 181, 242, 207, 188, 231, 40, 147, 183, 176, 193, 98, 190, 4, 151, 83, 146, 86, 69, 167, 224, 93, 120, 231, 91, 64]) }), SupportedVersions(TLSv1_3)]) }) }) }, Message { version: TLSv1_2, payload: ChangeCipherSpec(ChangeCipherSpecPayload) }, Message { version: TLSv1_2, payload: ApplicationData(Payload([61, 183, 220, 87, 136, 131, 175, 12, 246, 81, 229, 185, 94, 197, 61, 185, 136, 35, 0, 60, 157, 138, 149])) }, Message { version: TLSv1_2, payload: ApplicationData(Payload([85, 202, 19, 94, 245, 164, 25, 115, 111, 147, 196, 57, 226, 5, 17, 137, 213, 117, 169, 95, 89, 58, 192, 117, 13, 18, 184, 173, 210, 30, 90, 219, 139, 132, 47, 214, 65, 167, 220, 241, 174, 127, 240, 138, 245, 1, 231, 141, 95, 126, 97, 129, 167, 119, 38, 102, 214, 24, 46, 221, 220, 72, 248, 152, 241, 192, 52, 229, 80, 14, 156, 225, 235, 176, 132, 6, 179, 203, 90, 243, 232, 49, 37, 57, 219, 195, 105, 86, 219, 55, 90, 31, 112, 213, 220, 181, 234, 182, 1, 26, 53, 155, 66, 184, 205, 145, 237, 41, 188, 220, 86, 157, 253, 224, 199, 206, 227, 144, 125, 31, 200, 84, 187, 206, 149, 14, 166, 212, 0, 249, 214, 176, 56, 184, 10, 241, 127, 81, 140, 155, 20, 45, 169, 229, 140, 15, 213, 36, 161, 110, 105, 37, 247, 82, 195, 27, 90, 160, 183, 205, 178, 221, 155, 47, 210, 217, 106, 10, 97, 38, 39, 59, 25, 175, 130, 236, 35, 131, 132, 167, 198, 52, 124, 90, 135, 235, 165, 112, 245, 91, 197, 91, 90, 214, 34, 251, 99, 40, 46, 222, 5, 52, 91, 148, 201, 4, 28, 238, 173, 193, 204, 115, 191, 167, 208, 121, 16, 152, 100, 116, 119, 123, 15, 189, 67, 6, 196, 214, 37, 22, 99, 11, 183, 6, 59, 235, 230, 197, 243, 240, 169, 47, 164, 20, 84, 179, 215, 199, 144, 81, 230, 0, 10, 71, 233, 174, 163, 27, 114, 33, 82, 248, 194, 30, 251, 160, 186, 50, 143, 208, 253, 72, 215, 102, 89, 163, 109, 64, 210, 15, 115, 187, 167, 100, 135, 213, 91, 171, 170, 133, 89, 24, 117, 187, 67, 89, 87, 160, 238, 35, 239, 91, 212, 170, 85, 28, 42, 107, 98, 140, 114, 195, 26, 15, 51, 177, 158, 148, 95, 205, 209, 20, 103, 128, 158, 160, 21, 155, 219, 74, 126, 223, 215, 53, 185, 100, 76, 92, 197, 178, 171, 214, 251, 8, 150, 101, 146, 232, 129, 155, 162, 213, 93, 217, 134, 227, 2, 149, 49, 208, 145, 95, 24, 172, 31, 19, 232, 217, 73, 208, 182, 215, 252, 188, 15, 232, 78, 77, 47, 200, 227, 26, 116, 204, 87, 16, 12, 231, 17, 2, 75, 249, 146, 204, 80, 78, 104, 16, 255, 234, 139, 153, 185, 168, 145, 3, 254, 168, 115, 67, 248, 107, 85, 105, 128, 28, 142, 245, 65, 159, 33, 134, 75, 124, 47, 113, 183, 118, 119, 4, 225, 241, 218, 170, 25, 244, 166, 233, 138, 146, 135, 209, 131, 184, 125, 65, 74, 101, 243, 45, 136, 231, 12, 250, 164, 202, 79, 111, 104, 176, 104, 190, 129, 65, 45, 245, 109, 71, 110, 167, 149, 38, 101, 46, 87, 184, 245, 244, 249, 138, 218, 8, 94, 144, 212, 81, 214, 56, 20, 151, 162, 5, 16, 247, 205, 210, 216, 197, 38, 202, 170, 46, 93, 115, 118, 49, 86, 154, 101, 97, 33, 9, 181, 169, 176, 19, 150, 244, 216, 254, 111, 65, 81, 67, 50, 94, 116, 82, 254, 155, 217, 149, 198, 29, 198, 249, 119, 204, 214, 248, 86, 95, 226, 96, 80, 44, 136, 87, 75, 27, 104, 242, 187, 59, 47, 123, 158, 218, 19, 216, 220, 216, 69, 170, 35, 10, 103, 5, 49, 242, 42, 184, 132, 53, 58, 245, 38, 151, 138, 103, 144, 4, 208, 54, 139, 19, 108, 147, 110, 174, 221, 97, 221, 142, 1, 92, 122, 171, 155, 113, 149, 107, 29, 135, 92, 20, 194, 64, 15, 29, 174, 21, 36, 64, 74, 43, 78, 155, 227, 89, 64, 99, 218, 186, 56, 66, 236, 56, 27, 238, 117, 171, 1, 197, 88, 68, 0, 185, 173, 101, 217, 194, 138, 75, 81, 9, 221, 9, 3, 233, 252, 221, 255, 162, 93, 78, 216, 6, 18, 122, 33, 108, 131, 71, 209, 80, 214, 215, 114, 100, 179, 58, 190, 104, 221, 221, 183, 80, 136, 125, 129, 93, 170, 157, 112, 132, 44, 37, 250, 26, 249, 157, 117, 86, 242, 3, 108, 79, 147, 37, 203, 19, 23, 192, 51, 225, 59, 82, 203, 254, 53, 213, 25, 217, 176, 74, 57, 113, 245, 159, 58, 91, 139, 145, 220, 34, 126, 221, 117, 175, 52, 77, 44, 93, 20, 82, 138, 217, 50, 148, 217, 84, 34, 92, 219, 120, 160, 109, 142, 11, 69, 11, 194, 182, 160, 219, 61, 105, 213, 252, 195, 252, 3, 194, 232, 51, 118, 246, 240, 224, 30, 140, 50, 233, 243, 255, 149, 128, 10, 31, 89, 206, 223, 181, 46, 123, 201, 38, 6, 21, 241, 24, 29, 80, 9, 38, 218, 186, 11, 7, 244, 92, 143, 144, 243, 164, 147, 107, 135, 84, 219, 126, 251, 85, 121, 234, 63, 55, 144, 17, 3, 107, 131, 231, 250, 79, 218, 254, 2, 84, 94, 232, 98, 53, 237, 134, 201, 186, 183])) }, Message { version: TLSv1_2, payload: ApplicationData(Payload([150, 122, 131, 193, 166, 117, 201, 137, 10, 82, 199, 42, 53, 33, 93, 229, 46, 187, 133, 200, 145, 230, 229, 76, 119, 46, 122, 44, 156, 132, 34, 168, 226, 61, 250, 253, 209, 135, 223, 208, 210, 201, 79, 166, 102, 76, 197, 231, 59, 121, 70, 174, 144, 90, 198, 116, 102, 19, 225, 212, 204, 246, 228, 53, 89, 1, 226, 4, 130, 251, 125, 246, 17, 212, 217, 243, 193, 28, 75, 7, 46, 197, 49, 112, 5, 39, 233, 239, 75, 100, 115, 37, 150, 229, 29, 192, 238, 87, 245, 96, 146, 154, 211, 145, 245, 155, 70, 45, 50, 230, 18, 177, 213, 85, 14, 156, 237, 188, 88, 111, 64, 137, 131, 26, 249, 16, 74, 175, 108, 141, 103, 226, 155, 85, 239, 87, 109, 97, 46, 101, 38, 21, 127, 57, 173, 210, 118, 70, 197, 176, 148, 93, 25, 96, 190, 195, 105, 220, 113, 84, 15, 46, 1, 130, 94, 180, 1, 45, 206, 195, 133, 241, 160, 239, 81, 48, 245, 25, 126, 164, 10, 36, 80, 103, 225, 160, 26, 1, 179, 201, 151, 56, 69, 74, 62, 109, 87, 21, 4, 68, 84, 182, 64, 6, 198, 65, 56, 172, 89, 151, 244, 133, 66, 70, 87, 139, 207, 69, 53, 62, 187, 170, 64, 171, 169, 145, 46, 184, 135, 176, 0, 161, 224, 254, 101, 70, 2, 134, 204, 81, 236, 115, 40, 126, 230, 116, 32, 46, 14, 191, 154, 184, 196, 205, 2, 202, 93, 201, 150, 94, 173, 75, 112, 193, 13, 202, 251, 232, 119, 9, 139, 177, 141, 35, 79, 192, 85, 135, 247, 215, 198])) }, Message { version: TLSv1_2, payload: ApplicationData(Payload([214, 2, 137, 59, 5, 211, 38, 87, 122, 27, 16, 119, 179, 244, 53, 248, 124, 122, 117, 120, 224, 184, 70, 195, 186, 77, 129, 52, 140, 246, 35, 183, 120, 127, 235, 19, 184, 142, 144, 67, 57, 84, 162, 56, 150, 57, 199, 148, 160, 64, 228, 220, 80])) }] } }] } with query Query { source: Some(Agent(AgentName(0))), matcher: None, counter: 0 }
2026-04-22T14:06:05+02:00	Looking for variable KnowledgeStore { raw_knowledge: [RawKnowledge { source: Agent(AgentName(0)), step: Some(StepNumber { trace: 0, step: 0 }), matcher: None, associated_term: None, data: OpaqueMessageFlight { messages: [OpaqueMessage { typ: Handshake, version: TLSv1_2, payload: Payload([2, 0, 0, 183, 3, 3, 63, 148, 245, 191, 85, 230, 165, 49, 123, 136, 53, 52, 239, 236, 39, 162, 4, 175, 81, 216, 80, 60, 162, 59, 146, 98, 56, 55, 251, 172, 31, 22, 32, 3, 3, 3, 3, 3, 3, 3, 3, 3, 3, 3, 3, 3, 3, 3, 3, 3, 3, 3, 3, 3, 3, 3, 3, 3, 3, 3, 3, 3, 3, 3, 3, 19, 1, 0, 0, 111, 0, 51, 0, 101, 0, 24, 0, 97, 4, 102, 129, 187, 178, 183, 174, 0, 246, 178, 85, 2, 83, 76, 88, 187, 63, 10, 5, 89, 120, 46, 227, 165, 124, 209, 244, 47, 111, 216, 114, 177, 50, 25, 174, 49, 167, 209, 6, 238, 131, 8, 243, 188, 146, 212, 101, 210, 76, 240, 187, 240, 81, 150, 134, 134, 128, 140, 239, 1, 25, 250, 109, 167, 208, 212, 162, 255, 183, 122, 27, 194, 181, 242, 207, 188, 231, 40, 147, 183, 176, 193, 98, 190, 4, 151, 83, 146, 86, 69, 167, 224, 93, 120, 231, 91, 64, 0, 43, 0, 2, 3, 4]) }, OpaqueMessage { typ: ChangeCipherSpec, version: TLSv1_2, payload: Payload([1]) }, OpaqueMessage { typ: ApplicationData, version: TLSv1_2, payload: Payload([61, 183, 220, 87, 136, 131, 175, 12, 246, 81, 229, 185, 94, 197, 61, 185, 136, 35, 0, 60, 157, 138, 149]) }, OpaqueMessage { typ: ApplicationData, version: TLSv1_2, payload: Payload([85, 202, 19, 94, 245, 164, 25, 115, 111, 147, 196, 57, 226, 5, 17, 137, 213, 117, 169, 95, 89, 58, 192, 117, 13, 18, 184, 173, 210, 30, 90, 219, 139, 132, 47, 214, 65, 167, 220, 241, 174, 127, 240, 138, 245, 1, 231, 141, 95, 126, 97, 129, 167, 119, 38, 102, 214, 24, 46, 221, 220, 72, 248, 152, 241, 192, 52, 229, 80, 14, 156, 225, 235, 176, 132, 6, 179, 203, 90, 243, 232, 49, 37, 57, 219, 195, 105, 86, 219, 55, 90, 31, 112, 213, 220, 181, 234, 182, 1, 26, 53, 155, 66, 184, 205, 145, 237, 41, 188, 220, 86, 157, 253, 224, 199, 206, 227, 144, 125, 31, 200, 84, 187, 206, 149, 14, 166, 212, 0, 249, 214, 176, 56, 184, 10, 241, 127, 81, 140, 155, 20, 45, 169, 229, 140, 15, 213, 36, 161, 110, 105, 37, 247, 82, 195, 27, 90, 160, 183, 205, 178, 221, 155, 47, 210, 217, 106, 10, 97, 38, 39, 59, 25, 175, 130, 236, 35, 131, 132, 167, 198, 52, 124, 90, 135, 235, 165, 112, 245, 91, 197, 91, 90, 214, 34, 251, 99, 40, 46, 222, 5, 52, 91, 148, 201, 4, 28, 238, 173, 193, 204, 115, 191, 167, 208, 121, 16, 152, 100, 116, 119, 123, 15, 189, 67, 6, 196, 214, 37, 22, 99, 11, 183, 6, 59, 235, 230, 197, 243, 240, 169, 47, 164, 20, 84, 179, 215, 199, 144, 81, 230, 0, 10, 71, 233, 174, 163, 27, 114, 33, 82, 248, 194, 30, 251, 160, 186, 50, 143, 208, 253, 72, 215, 102, 89, 163, 109, 64, 210, 15, 115, 187, 167, 100, 135, 213, 91, 171, 170, 133, 89, 24, 117, 187, 67, 89, 87, 160, 238, 35, 239, 91, 212, 170, 85, 28, 42, 107, 98, 140, 114, 195, 26, 15, 51, 177, 158, 148, 95, 205, 209, 20, 103, 128, 158, 160, 21, 155, 219, 74, 126, 223, 215, 53, 185, 100, 76, 92, 197, 178, 171, 214, 251, 8, 150, 101, 146, 232, 129, 155, 162, 213, 93, 217, 134, 227, 2, 149, 49, 208, 145, 95, 24, 172, 31, 19, 232, 217, 73, 208, 182, 215, 252, 188, 15, 232, 78, 77, 47, 200, 227, 26, 116, 204, 87, 16, 12, 231, 17, 2, 75, 249, 146, 204, 80, 78, 104, 16, 255, 234, 139, 153, 185, 168, 145, 3, 254, 168, 115, 67, 248, 107, 85, 105, 128, 28, 142, 245, 65, 159, 33, 134, 75, 124, 47, 113, 183, 118, 119, 4, 225, 241, 218, 170, 25, 244, 166, 233, 138, 146, 135, 209, 131, 184, 125, 65, 74, 101, 243, 45, 136, 231, 12, 250, 164, 202, 79, 111, 104, 176, 104, 190, 129, 65, 45, 245, 109, 71, 110, 167, 149, 38, 101, 46, 87, 184, 245, 244, 249, 138, 218, 8, 94, 144, 212, 81, 214, 56, 20, 151, 162, 5, 16, 247, 205, 210, 216, 197, 38, 202, 170, 46, 93, 115, 118, 49, 86, 154, 101, 97, 33, 9, 181, 169, 176, 19, 150, 244, 216, 254, 111, 65, 81, 67, 50, 94, 116, 82, 254, 155, 217, 149, 198, 29, 198, 249, 119, 204, 214, 248, 86, 95, 226, 96, 80, 44, 136, 87, 75, 27, 104, 242, 187, 59, 47, 123, 158, 218, 19, 216, 220, 216, 69, 170, 35, 10, 103, 5, 49, 242, 42, 184, 132, 53, 58, 245, 38, 151, 138, 103, 144, 4, 208, 54, 139, 19, 108, 147, 110, 174, 221, 97, 221, 142, 1, 92, 122, 171, 155, 113, 149, 107, 29, 135, 92, 20, 194, 64, 15, 29, 174, 21, 36, 64, 74, 43, 78, 155, 227, 89, 64, 99, 218, 186, 56, 66, 236, 56, 27, 238, 117, 171, 1, 197, 88, 68, 0, 185, 173, 101, 217, 194, 138, 75, 81, 9, 221, 9, 3, 233, 252, 221, 255, 162, 93, 78, 216, 6, 18, 122, 33, 108, 131, 71, 209, 80, 214, 215, 114, 100, 179, 58, 190, 104, 221, 221, 183, 80, 136, 125, 129, 93, 170, 157, 112, 132, 44, 37, 250, 26, 249, 157, 117, 86, 242, 3, 108, 79, 147, 37, 203, 19, 23, 192, 51, 225, 59, 82, 203, 254, 53, 213, 25, 217, 176, 74, 57, 113, 245, 159, 58, 91, 139, 145, 220, 34, 126, 221, 117, 175, 52, 77, 44, 93, 20, 82, 138, 217, 50, 148, 217, 84, 34, 92, 219, 120, 160, 109, 142, 11, 69, 11, 194, 182, 160, 219, 61, 105, 213, 252, 195, 252, 3, 194, 232, 51, 118, 246, 240, 224, 30, 140, 50, 233, 243, 255, 149, 128, 10, 31, 89, 206, 223, 181, 46, 123, 201, 38, 6, 21, 241, 24, 29, 80, 9, 38, 218, 186, 11, 7, 244, 92, 143, 144, 243, 164, 147, 107, 135, 84, 219, 126, 251, 85, 121, 234, 63, 55, 144, 17, 3, 107, 131, 231, 250, 79, 218, 254, 2, 84, 94, 232, 98, 53, 237, 134, 201, 186, 183]) }, OpaqueMessage { typ: ApplicationData, version: TLSv1_2, payload: Payload([150, 122, 131, 193, 166, 117, 201, 137, 10, 82, 199, 42, 53, 33, 93, 229, 46, 187, 133, 200, 145, 230, 229, 76, 119, 46, 122, 44, 156, 132, 34, 168, 226, 61, 250, 253, 209, 135, 223, 208, 210, 201, 79, 166, 102, 76, 197, 231, 59, 121, 70, 174, 144, 90, 198, 116, 102, 19, 225, 212, 204, 246, 228, 53, 89, 1, 226, 4, 130, 251, 125, 246, 17, 212, 217, 243, 193, 28, 75, 7, 46, 197, 49, 112, 5, 39, 233, 239, 75, 100, 115, 37, 150, 229, 29, 192, 238, 87, 245, 96, 146, 154, 211, 145, 245, 155, 70, 45, 50, 230, 18, 177, 213, 85, 14, 156, 237, 188, 88, 111, 64, 137, 131, 26, 249, 16, 74, 175, 108, 141, 103, 226, 155, 85, 239, 87, 109, 97, 46, 101, 38, 21, 127, 57, 173, 210, 118, 70, 197, 176, 148, 93, 25, 96, 190, 195, 105, 220, 113, 84, 15, 46, 1, 130, 94, 180, 1, 45, 206, 195, 133, 241, 160, 239, 81, 48, 245, 25, 126, 164, 10, 36, 80, 103, 225, 160, 26, 1, 179, 201, 151, 56, 69, 74, 62, 109, 87, 21, 4, 68, 84, 182, 64, 6, 198, 65, 56, 172, 89, 151, 244, 133, 66, 70, 87, 139, 207, 69, 53, 62, 187, 170, 64, 171, 169, 145, 46, 184, 135, 176, 0, 161, 224, 254, 101, 70, 2, 134, 204, 81, 236, 115, 40, 126, 230, 116, 32, 46, 14, 191, 154, 184, 196, 205, 2, 202, 93, 201, 150, 94, 173, 75, 112, 193, 13, 202, 251, 232, 119, 9, 139, 177, 141, 35, 79, 192, 85, 135, 247, 215, 198]) }, OpaqueMessage { typ: ApplicationData, version: TLSv1_2, payload: Payload([214, 2, 137, 59, 5, 211, 38, 87, 122, 27, 16, 119, 179, 244, 53, 248, 124, 122, 117, 120, 224, 184, 70, 195, 186, 77, 129, 52, 140, 246, 35, 183, 120, 127, 235, 19, 184, 142, 144, 67, 57, 84, 162, 56, 150, 57, 199, 148, 160, 64, 228, 220, 80]) }] } }, RawKnowledge { source: Agent(AgentName(0)), step: Some(StepNumber { trace: 0, step: 0 }), matcher: None, associated_term: None, data: MessageFlight { messages: [Message { version: TLSv1_2, payload: Handshake(HandshakeMessagePayload { typ: ServerHello, payload: ServerHello(ServerHelloPayload { legacy_version: TLSv1_2, random: Random([63, 148, 245, 191, 85, 230, 165, 49, 123, 136, 53, 52, 239, 236, 39, 162, 4, 175, 81, 216, 80, 60, 162, 59, 146, 98, 56, 55, 251, 172, 31, 22]), session_id: SessionID([3, 3, 3, 3, 3, 3, 3, 3, 3, 3, 3, 3, 3, 3, 3, 3, 3, 3, 3, 3, 3, 3, 3, 3, 3, 3, 3, 3, 3, 3, 3, 3]), cipher_suite: TLS13_AES_128_GCM_SHA256, compression_method: Null, extensions: ServerExtensions([KeyShare(KeyShareEntry { group: secp384r1, payload: PayloadU16([4, 102, 129, 187, 178, 183, 174, 0, 246, 178, 85, 2, 83, 76, 88, 187, 63, 10, 5, 89, 120, 46, 227, 165, 124, 209, 244, 47, 111, 216, 114, 177, 50, 25, 174, 49, 167, 209, 6, 238, 131, 8, 243, 188, 146, 212, 101, 210, 76, 240, 187, 240, 81, 150, 134, 134, 128, 140, 239, 1, 25, 250, 109, 167, 208, 212, 162, 255, 183, 122, 27, 194, 181, 242, 207, 188, 231, 40, 147, 183, 176, 193, 98, 190, 4, 151, 83, 146, 86, 69, 167, 224, 93, 120, 231, 91, 64]) }), SupportedVersions(TLSv1_3)]) }) }) }, Message { version: TLSv1_2, payload: ChangeCipherSpec(ChangeCipherSpecPayload) }, Message { version: TLSv1_2, payload: ApplicationData(Payload([61, 183, 220, 87, 136, 131, 175, 12, 246, 81, 229, 185, 94, 197, 61, 185, 136, 35, 0, 60, 157, 138, 149])) }, Message { version: TLSv1_2, payload: ApplicationData(Payload([85, 202, 19, 94, 245, 164, 25, 115, 111, 147, 196, 57, 226, 5, 17, 137, 213, 117, 169, 95, 89, 58, 192, 117, 13, 18, 184, 173, 210, 30, 90, 219, 139, 132, 47, 214, 65, 167, 220, 241, 174, 127, 240, 138, 245, 1, 231, 141, 95, 126, 97, 129, 167, 119, 38, 102, 214, 24, 46, 221, 220, 72, 248, 152, 241, 192, 52, 229, 80, 14, 156, 225, 235, 176, 132, 6, 179, 203, 90, 243, 232, 49, 37, 57, 219, 195, 105, 86, 219, 55, 90, 31, 112, 213, 220, 181, 234, 182, 1, 26, 53, 155, 66, 184, 205, 145, 237, 41, 188, 220, 86, 157, 253, 224, 199, 206, 227, 144, 125, 31, 200, 84, 187, 206, 149, 14, 166, 212, 0, 249, 214, 176, 56, 184, 10, 241, 127, 81, 140, 155, 20, 45, 169, 229, 140, 15, 213, 36, 161, 110, 105, 37, 247, 82, 195, 27, 90, 160, 183, 205, 178, 221, 155, 47, 210, 217, 106, 10, 97, 38, 39, 59, 25, 175, 130, 236, 35, 131, 132, 167, 198, 52, 124, 90, 135, 235, 165, 112, 245, 91, 197, 91, 90, 214, 34, 251, 99, 40, 46, 222, 5, 52, 91, 148, 201, 4, 28, 238, 173, 193, 204, 115, 191, 167, 208, 121, 16, 152, 100, 116, 119, 123, 15, 189, 67, 6, 196, 214, 37, 22, 99, 11, 183, 6, 59, 235, 230, 197, 243, 240, 169, 47, 164, 20, 84, 179, 215, 199, 144, 81, 230, 0, 10, 71, 233, 174, 163, 27, 114, 33, 82, 248, 194, 30, 251, 160, 186, 50, 143, 208, 253, 72, 215, 102, 89, 163, 109, 64, 210, 15, 115, 187, 167, 100, 135, 213, 91, 171, 170, 133, 89, 24, 117, 187, 67, 89, 87, 160, 238, 35, 239, 91, 212, 170, 85, 28, 42, 107, 98, 140, 114, 195, 26, 15, 51, 177, 158, 148, 95, 205, 209, 20, 103, 128, 158, 160, 21, 155, 219, 74, 126, 223, 215, 53, 185, 100, 76, 92, 197, 178, 171, 214, 251, 8, 150, 101, 146, 232, 129, 155, 162, 213, 93, 217, 134, 227, 2, 149, 49, 208, 145, 95, 24, 172, 31, 19, 232, 217, 73, 208, 182, 215, 252, 188, 15, 232, 78, 77, 47, 200, 227, 26, 116, 204, 87, 16, 12, 231, 17, 2, 75, 249, 146, 204, 80, 78, 104, 16, 255, 234, 139, 153, 185, 168, 145, 3, 254, 168, 115, 67, 248, 107, 85, 105, 128, 28, 142, 245, 65, 159, 33, 134, 75, 124, 47, 113, 183, 118, 119, 4, 225, 241, 218, 170, 25, 244, 166, 233, 138, 146, 135, 209, 131, 184, 125, 65, 74, 101, 243, 45, 136, 231, 12, 250, 164, 202, 79, 111, 104, 176, 104, 190, 129, 65, 45, 245, 109, 71, 110, 167, 149, 38, 101, 46, 87, 184, 245, 244, 249, 138, 218, 8, 94, 144, 212, 81, 214, 56, 20, 151, 162, 5, 16, 247, 205, 210, 216, 197, 38, 202, 170, 46, 93, 115, 118, 49, 86, 154, 101, 97, 33, 9, 181, 169, 176, 19, 150, 244, 216, 254, 111, 65, 81, 67, 50, 94, 116, 82, 254, 155, 217, 149, 198, 29, 198, 249, 119, 204, 214, 248, 86, 95, 226, 96, 80, 44, 136, 87, 75, 27, 104, 242, 187, 59, 47, 123, 158, 218, 19, 216, 220, 216, 69, 170, 35, 10, 103, 5, 49, 242, 42, 184, 132, 53, 58, 245, 38, 151, 138, 103, 144, 4, 208, 54, 139, 19, 108, 147, 110, 174, 221, 97, 221, 142, 1, 92, 122, 171, 155, 113, 149, 107, 29, 135, 92, 20, 194, 64, 15, 29, 174, 21, 36, 64, 74, 43, 78, 155, 227, 89, 64, 99, 218, 186, 56, 66, 236, 56, 27, 238, 117, 171, 1, 197, 88, 68, 0, 185, 173, 101, 217, 194, 138, 75, 81, 9, 221, 9, 3, 233, 252, 221, 255, 162, 93, 78, 216, 6, 18, 122, 33, 108, 131, 71, 209, 80, 214, 215, 114, 100, 179, 58, 190, 104, 221, 221, 183, 80, 136, 125, 129, 93, 170, 157, 112, 132, 44, 37, 250, 26, 249, 157, 117, 86, 242, 3, 108, 79, 147, 37, 203, 19, 23, 192, 51, 225, 59, 82, 203, 254, 53, 213, 25, 217, 176, 74, 57, 113, 245, 159, 58, 91, 139, 145, 220, 34, 126, 221, 117, 175, 52, 77, 44, 93, 20, 82, 138, 217, 50, 148, 217, 84, 34, 92, 219, 120, 160, 109, 142, 11, 69, 11, 194, 182, 160, 219, 61, 105, 213, 252, 195, 252, 3, 194, 232, 51, 118, 246, 240, 224, 30, 140, 50, 233, 243, 255, 149, 128, 10, 31, 89, 206, 223, 181, 46, 123, 201, 38, 6, 21, 241, 24, 29, 80, 9, 38, 218, 186, 11, 7, 244, 92, 143, 144, 243, 164, 147, 107, 135, 84, 219, 126, 251, 85, 121, 234, 63, 55, 144, 17, 3, 107, 131, 231, 250, 79, 218, 254, 2, 84, 94, 232, 98, 53, 237, 134, 201, 186, 183])) }, Message { version: TLSv1_2, payload: ApplicationData(Payload([150, 122, 131, 193, 166, 117, 201, 137, 10, 82, 199, 42, 53, 33, 93, 229, 46, 187, 133, 200, 145, 230, 229, 76, 119, 46, 122, 44, 156, 132, 34, 168, 226, 61, 250, 253, 209, 135, 223, 208, 210, 201, 79, 166, 102, 76, 197, 231, 59, 121, 70, 174, 144, 90, 198, 116, 102, 19, 225, 212, 204, 246, 228, 53, 89, 1, 226, 4, 130, 251, 125, 246, 17, 212, 217, 243, 193, 28, 75, 7, 46, 197, 49, 112, 5, 39, 233, 239, 75, 100, 115, 37, 150, 229, 29, 192, 238, 87, 245, 96, 146, 154, 211, 145, 245, 155, 70, 45, 50, 230, 18, 177, 213, 85, 14, 156, 237, 188, 88, 111, 64, 137, 131, 26, 249, 16, 74, 175, 108, 141, 103, 226, 155, 85, 239, 87, 109, 97, 46, 101, 38, 21, 127, 57, 173, 210, 118, 70, 197, 176, 148, 93, 25, 96, 190, 195, 105, 220, 113, 84, 15, 46, 1, 130, 94, 180, 1, 45, 206, 195, 133, 241, 160, 239, 81, 48, 245, 25, 126, 164, 10, 36, 80, 103, 225, 160, 26, 1, 179, 201, 151, 56, 69, 74, 62, 109, 87, 21, 4, 68, 84, 182, 64, 6, 198, 65, 56, 172, 89, 151, 244, 133, 66, 70, 87, 139, 207, 69, 53, 62, 187, 170, 64, 171, 169, 145, 46, 184, 135, 176, 0, 161, 224, 254, 101, 70, 2, 134, 204, 81, 236, 115, 40, 126, 230, 116, 32, 46, 14, 191, 154, 184, 196, 205, 2, 202, 93, 201, 150, 94, 173, 75, 112, 193, 13, 202, 251, 232, 119, 9, 139, 177, 141, 35, 79, 192, 85, 135, 247, 215, 198])) }, Message { version: TLSv1_2, payload: ApplicationData(Payload([214, 2, 137, 59, 5, 211, 38, 87, 122, 27, 16, 119, 179, 244, 53, 248, 124, 122, 117, 120, 224, 184, 70, 195, 186, 77, 129, 52, 140, 246, 35, 183, 120, 127, 235, 19, 184, 142, 144, 67, 57, 84, 162, 56, 150, 57, 199, 148, 160, 64, 228, 220, 80])) }] } }] } with query_type_shape TypeShape { inner_type_id: TypeId(0x083224c0caf741b4f3437c1b1557e7e7), name: "tlspuffin::claims::TranscriptServerFinished", phantom: PhantomData<tlspuffin::protocol::TLSProtocolTypes> } and query Query { source: Some(Agent(AgentName(0))), matcher: None, counter: 0 }
2026-04-22T14:06:05+02:00	Extract atom: Random
2026-04-22T14:06:05+02:00	Extract atom: SessionID
2026-04-22T14:06:05+02:00	Extract atom: ServerExtension
2026-04-22T14:06:05+02:00	Extract atom: ServerExtension
2026-04-22T14:06:05+02:00	        / Variable evaluated into: [32, 25, 173, 11, 202, 158, 42, 172, 39, 177, 211, 36, 73, 48, 126, 84, 200, 187, 206, 23, 238, 229, 184, 58, 142, 0, 65, 54, 126, 61, 146, 47, 249]
2026-04-22T14:06:05+02:00	[eval_until_opaque] [Var] Did not add a payload for a leaf at path: [0, 0, 0, 0] and eval is: [32, 25, 173, 11, 202, 158, 42, 172, 39, 177, 211, 36, 73, 48, 126, 84, 200, 187, 206, 23, 238, 229, 184, 58, 142, 0, 65, 54, 126, 61, 146, 47, 249]
2026-04-22T14:06:05+02:00	  + Ending treating argument # 0 from path [0, 0, 0]...
2026-04-22T14:06:05+02:00	[eval_until_opaque] Now calling the function symbol tlspuffin::tls::fn_impl::fn_transcript::fn_server_finished_transcript implementation and then updating payloads...
2026-04-22T14:06:05+02:00	  + Ending treating argument # 0 from path [0, 0]...
2026-04-22T14:06:05+02:00	  + Treating argument # 1 from path [0, 0]...
2026-04-22T14:06:05+02:00	[eval_until_opaque] [START]: Eval term:
 fn_server_hello_transcript(
	(Some(Agent(AgentName(0))), 0)[None]/TranscriptServerHello
) -> HandshakeHash
2026-04-22T14:06:05+02:00	[eval_until_opaque] [App]: Application from path=[0, 0, 1]
2026-04-22T14:06:05+02:00	  + Treating argument # 0 from path [0, 0, 1]...
2026-04-22T14:06:05+02:00	[eval_until_opaque] [START]: Eval term:
 (Some(Agent(AgentName(0))), 0)[None]/TranscriptServerHello
2026-04-22T14:06:05+02:00	Looking for variable in KnowledgeStore { raw_knowledge: [RawKnowledge { source: Agent(AgentName(0)), step: Some(StepNumber { trace: 0, step: 0 }), matcher: None, associated_term: None, data: OpaqueMessageFlight { messages: [OpaqueMessage { typ: Handshake, version: TLSv1_2, payload: Payload([2, 0, 0, 183, 3, 3, 63, 148, 245, 191, 85, 230, 165, 49, 123, 136, 53, 52, 239, 236, 39, 162, 4, 175, 81, 216, 80, 60, 162, 59, 146, 98, 56, 55, 251, 172, 31, 22, 32, 3, 3, 3, 3, 3, 3, 3, 3, 3, 3, 3, 3, 3, 3, 3, 3, 3, 3, 3, 3, 3, 3, 3, 3, 3, 3, 3, 3, 3, 3, 3, 3, 19, 1, 0, 0, 111, 0, 51, 0, 101, 0, 24, 0, 97, 4, 102, 129, 187, 178, 183, 174, 0, 246, 178, 85, 2, 83, 76, 88, 187, 63, 10, 5, 89, 120, 46, 227, 165, 124, 209, 244, 47, 111, 216, 114, 177, 50, 25, 174, 49, 167, 209, 6, 238, 131, 8, 243, 188, 146, 212, 101, 210, 76, 240, 187, 240, 81, 150, 134, 134, 128, 140, 239, 1, 25, 250, 109, 167, 208, 212, 162, 255, 183, 122, 27, 194, 181, 242, 207, 188, 231, 40, 147, 183, 176, 193, 98, 190, 4, 151, 83, 146, 86, 69, 167, 224, 93, 120, 231, 91, 64, 0, 43, 0, 2, 3, 4]) }, OpaqueMessage { typ: ChangeCipherSpec, version: TLSv1_2, payload: Payload([1]) }, OpaqueMessage { typ: ApplicationData, version: TLSv1_2, payload: Payload([61, 183, 220, 87, 136, 131, 175, 12, 246, 81, 229, 185, 94, 197, 61, 185, 136, 35, 0, 60, 157, 138, 149]) }, OpaqueMessage { typ: ApplicationData, version: TLSv1_2, payload: Payload([85, 202, 19, 94, 245, 164, 25, 115, 111, 147, 196, 57, 226, 5, 17, 137, 213, 117, 169, 95, 89, 58, 192, 117, 13, 18, 184, 173, 210, 30, 90, 219, 139, 132, 47, 214, 65, 167, 220, 241, 174, 127, 240, 138, 245, 1, 231, 141, 95, 126, 97, 129, 167, 119, 38, 102, 214, 24, 46, 221, 220, 72, 248, 152, 241, 192, 52, 229, 80, 14, 156, 225, 235, 176, 132, 6, 179, 203, 90, 243, 232, 49, 37, 57, 219, 195, 105, 86, 219, 55, 90, 31, 112, 213, 220, 181, 234, 182, 1, 26, 53, 155, 66, 184, 205, 145, 237, 41, 188, 220, 86, 157, 253, 224, 199, 206, 227, 144, 125, 31, 200, 84, 187, 206, 149, 14, 166, 212, 0, 249, 214, 176, 56, 184, 10, 241, 127, 81, 140, 155, 20, 45, 169, 229, 140, 15, 213, 36, 161, 110, 105, 37, 247, 82, 195, 27, 90, 160, 183, 205, 178, 221, 155, 47, 210, 217, 106, 10, 97, 38, 39, 59, 25, 175, 130, 236, 35, 131, 132, 167, 198, 52, 124, 90, 135, 235, 165, 112, 245, 91, 197, 91, 90, 214, 34, 251, 99, 40, 46, 222, 5, 52, 91, 148, 201, 4, 28, 238, 173, 193, 204, 115, 191, 167, 208, 121, 16, 152, 100, 116, 119, 123, 15, 189, 67, 6, 196, 214, 37, 22, 99, 11, 183, 6, 59, 235, 230, 197, 243, 240, 169, 47, 164, 20, 84, 179, 215, 199, 144, 81, 230, 0, 10, 71, 233, 174, 163, 27, 114, 33, 82, 248, 194, 30, 251, 160, 186, 50, 143, 208, 253, 72, 215, 102, 89, 163, 109, 64, 210, 15, 115, 187, 167, 100, 135, 213, 91, 171, 170, 133, 89, 24, 117, 187, 67, 89, 87, 160, 238, 35, 239, 91, 212, 170, 85, 28, 42, 107, 98, 140, 114, 195, 26, 15, 51, 177, 158, 148, 95, 205, 209, 20, 103, 128, 158, 160, 21, 155, 219, 74, 126, 223, 215, 53, 185, 100, 76, 92, 197, 178, 171, 214, 251, 8, 150, 101, 146, 232, 129, 155, 162, 213, 93, 217, 134, 227, 2, 149, 49, 208, 145, 95, 24, 172, 31, 19, 232, 217, 73, 208, 182, 215, 252, 188, 15, 232, 78, 77, 47, 200, 227, 26, 116, 204, 87, 16, 12, 231, 17, 2, 75, 249, 146, 204, 80, 78, 104, 16, 255, 234, 139, 153, 185, 168, 145, 3, 254, 168, 115, 67, 248, 107, 85, 105, 128, 28, 142, 245, 65, 159, 33, 134, 75, 124, 47, 113, 183, 118, 119, 4, 225, 241, 218, 170, 25, 244, 166, 233, 138, 146, 135, 209, 131, 184, 125, 65, 74, 101, 243, 45, 136, 231, 12, 250, 164, 202, 79, 111, 104, 176, 104, 190, 129, 65, 45, 245, 109, 71, 110, 167, 149, 38, 101, 46, 87, 184, 245, 244, 249, 138, 218, 8, 94, 144, 212, 81, 214, 56, 20, 151, 162, 5, 16, 247, 205, 210, 216, 197, 38, 202, 170, 46, 93, 115, 118, 49, 86, 154, 101, 97, 33, 9, 181, 169, 176, 19, 150, 244, 216, 254, 111, 65, 81, 67, 50, 94, 116, 82, 254, 155, 217, 149, 198, 29, 198, 249, 119, 204, 214, 248, 86, 95, 226, 96, 80, 44, 136, 87, 75, 27, 104, 242, 187, 59, 47, 123, 158, 218, 19, 216, 220, 216, 69, 170, 35, 10, 103, 5, 49, 242, 42, 184, 132, 53, 58, 245, 38, 151, 138, 103, 144, 4, 208, 54, 139, 19, 108, 147, 110, 174, 221, 97, 221, 142, 1, 92, 122, 171, 155, 113, 149, 107, 29, 135, 92, 20, 194, 64, 15, 29, 174, 21, 36, 64, 74, 43, 78, 155, 227, 89, 64, 99, 218, 186, 56, 66, 236, 56, 27, 238, 117, 171, 1, 197, 88, 68, 0, 185, 173, 101, 217, 194, 138, 75, 81, 9, 221, 9, 3, 233, 252, 221, 255, 162, 93, 78, 216, 6, 18, 122, 33, 108, 131, 71, 209, 80, 214, 215, 114, 100, 179, 58, 190, 104, 221, 221, 183, 80, 136, 125, 129, 93, 170, 157, 112, 132, 44, 37, 250, 26, 249, 157, 117, 86, 242, 3, 108, 79, 147, 37, 203, 19, 23, 192, 51, 225, 59, 82, 203, 254, 53, 213, 25, 217, 176, 74, 57, 113, 245, 159, 58, 91, 139, 145, 220, 34, 126, 221, 117, 175, 52, 77, 44, 93, 20, 82, 138, 217, 50, 148, 217, 84, 34, 92, 219, 120, 160, 109, 142, 11, 69, 11, 194, 182, 160, 219, 61, 105, 213, 252, 195, 252, 3, 194, 232, 51, 118, 246, 240, 224, 30, 140, 50, 233, 243, 255, 149, 128, 10, 31, 89, 206, 223, 181, 46, 123, 201, 38, 6, 21, 241, 24, 29, 80, 9, 38, 218, 186, 11, 7, 244, 92, 143, 144, 243, 164, 147, 107, 135, 84, 219, 126, 251, 85, 121, 234, 63, 55, 144, 17, 3, 107, 131, 231, 250, 79, 218, 254, 2, 84, 94, 232, 98, 53, 237, 134, 201, 186, 183]) }, OpaqueMessage { typ: ApplicationData, version: TLSv1_2, payload: Payload([150, 122, 131, 193, 166, 117, 201, 137, 10, 82, 199, 42, 53, 33, 93, 229, 46, 187, 133, 200, 145, 230, 229, 76, 119, 46, 122, 44, 156, 132, 34, 168, 226, 61, 250, 253, 209, 135, 223, 208, 210, 201, 79, 166, 102, 76, 197, 231, 59, 121, 70, 174, 144, 90, 198, 116, 102, 19, 225, 212, 204, 246, 228, 53, 89, 1, 226, 4, 130, 251, 125, 246, 17, 212, 217, 243, 193, 28, 75, 7, 46, 197, 49, 112, 5, 39, 233, 239, 75, 100, 115, 37, 150, 229, 29, 192, 238, 87, 245, 96, 146, 154, 211, 145, 245, 155, 70, 45, 50, 230, 18, 177, 213, 85, 14, 156, 237, 188, 88, 111, 64, 137, 131, 26, 249, 16, 74, 175, 108, 141, 103, 226, 155, 85, 239, 87, 109, 97, 46, 101, 38, 21, 127, 57, 173, 210, 118, 70, 197, 176, 148, 93, 25, 96, 190, 195, 105, 220, 113, 84, 15, 46, 1, 130, 94, 180, 1, 45, 206, 195, 133, 241, 160, 239, 81, 48, 245, 25, 126, 164, 10, 36, 80, 103, 225, 160, 26, 1, 179, 201, 151, 56, 69, 74, 62, 109, 87, 21, 4, 68, 84, 182, 64, 6, 198, 65, 56, 172, 89, 151, 244, 133, 66, 70, 87, 139, 207, 69, 53, 62, 187, 170, 64, 171, 169, 145, 46, 184, 135, 176, 0, 161, 224, 254, 101, 70, 2, 134, 204, 81, 236, 115, 40, 126, 230, 116, 32, 46, 14, 191, 154, 184, 196, 205, 2, 202, 93, 201, 150, 94, 173, 75, 112, 193, 13, 202, 251, 232, 119, 9, 139, 177, 141, 35, 79, 192, 85, 135, 247, 215, 198]) }, OpaqueMessage { typ: ApplicationData, version: TLSv1_2, payload: Payload([214, 2, 137, 59, 5, 211, 38, 87, 122, 27, 16, 119, 179, 244, 53, 248, 124, 122, 117, 120, 224, 184, 70, 195, 186, 77, 129, 52, 140, 246, 35, 183, 120, 127, 235, 19, 184, 142, 144, 67, 57, 84, 162, 56, 150, 57, 199, 148, 160, 64, 228, 220, 80]) }] } }, RawKnowledge { source: Agent(AgentName(0)), step: Some(StepNumber { trace: 0, step: 0 }), matcher: None, associated_term: None, data: MessageFlight { messages: [Message { version: TLSv1_2, payload: Handshake(HandshakeMessagePayload { typ: ServerHello, payload: ServerHello(ServerHelloPayload { legacy_version: TLSv1_2, random: Random([63, 148, 245, 191, 85, 230, 165, 49, 123, 136, 53, 52, 239, 236, 39, 162, 4, 175, 81, 216, 80, 60, 162, 59, 146, 98, 56, 55, 251, 172, 31, 22]), session_id: SessionID([3, 3, 3, 3, 3, 3, 3, 3, 3, 3, 3, 3, 3, 3, 3, 3, 3, 3, 3, 3, 3, 3, 3, 3, 3, 3, 3, 3, 3, 3, 3, 3]), cipher_suite: TLS13_AES_128_GCM_SHA256, compression_method: Null, extensions: ServerExtensions([KeyShare(KeyShareEntry { group: secp384r1, payload: PayloadU16([4, 102, 129, 187, 178, 183, 174, 0, 246, 178, 85, 2, 83, 76, 88, 187, 63, 10, 5, 89, 120, 46, 227, 165, 124, 209, 244, 47, 111, 216, 114, 177, 50, 25, 174, 49, 167, 209, 6, 238, 131, 8, 243, 188, 146, 212, 101, 210, 76, 240, 187, 240, 81, 150, 134, 134, 128, 140, 239, 1, 25, 250, 109, 167, 208, 212, 162, 255, 183, 122, 27, 194, 181, 242, 207, 188, 231, 40, 147, 183, 176, 193, 98, 190, 4, 151, 83, 146, 86, 69, 167, 224, 93, 120, 231, 91, 64]) }), SupportedVersions(TLSv1_3)]) }) }) }, Message { version: TLSv1_2, payload: ChangeCipherSpec(ChangeCipherSpecPayload) }, Message { version: TLSv1_2, payload: ApplicationData(Payload([61, 183, 220, 87, 136, 131, 175, 12, 246, 81, 229, 185, 94, 197, 61, 185, 136, 35, 0, 60, 157, 138, 149])) }, Message { version: TLSv1_2, payload: ApplicationData(Payload([85, 202, 19, 94, 245, 164, 25, 115, 111, 147, 196, 57, 226, 5, 17, 137, 213, 117, 169, 95, 89, 58, 192, 117, 13, 18, 184, 173, 210, 30, 90, 219, 139, 132, 47, 214, 65, 167, 220, 241, 174, 127, 240, 138, 245, 1, 231, 141, 95, 126, 97, 129, 167, 119, 38, 102, 214, 24, 46, 221, 220, 72, 248, 152, 241, 192, 52, 229, 80, 14, 156, 225, 235, 176, 132, 6, 179, 203, 90, 243, 232, 49, 37, 57, 219, 195, 105, 86, 219, 55, 90, 31, 112, 213, 220, 181, 234, 182, 1, 26, 53, 155, 66, 184, 205, 145, 237, 41, 188, 220, 86, 157, 253, 224, 199, 206, 227, 144, 125, 31, 200, 84, 187, 206, 149, 14, 166, 212, 0, 249, 214, 176, 56, 184, 10, 241, 127, 81, 140, 155, 20, 45, 169, 229, 140, 15, 213, 36, 161, 110, 105, 37, 247, 82, 195, 27, 90, 160, 183, 205, 178, 221, 155, 47, 210, 217, 106, 10, 97, 38, 39, 59, 25, 175, 130, 236, 35, 131, 132, 167, 198, 52, 124, 90, 135, 235, 165, 112, 245, 91, 197, 91, 90, 214, 34, 251, 99, 40, 46, 222, 5, 52, 91, 148, 201, 4, 28, 238, 173, 193, 204, 115, 191, 167, 208, 121, 16, 152, 100, 116, 119, 123, 15, 189, 67, 6, 196, 214, 37, 22, 99, 11, 183, 6, 59, 235, 230, 197, 243, 240, 169, 47, 164, 20, 84, 179, 215, 199, 144, 81, 230, 0, 10, 71, 233, 174, 163, 27, 114, 33, 82, 248, 194, 30, 251, 160, 186, 50, 143, 208, 253, 72, 215, 102, 89, 163, 109, 64, 210, 15, 115, 187, 167, 100, 135, 213, 91, 171, 170, 133, 89, 24, 117, 187, 67, 89, 87, 160, 238, 35, 239, 91, 212, 170, 85, 28, 42, 107, 98, 140, 114, 195, 26, 15, 51, 177, 158, 148, 95, 205, 209, 20, 103, 128, 158, 160, 21, 155, 219, 74, 126, 223, 215, 53, 185, 100, 76, 92, 197, 178, 171, 214, 251, 8, 150, 101, 146, 232, 129, 155, 162, 213, 93, 217, 134, 227, 2, 149, 49, 208, 145, 95, 24, 172, 31, 19, 232, 217, 73, 208, 182, 215, 252, 188, 15, 232, 78, 77, 47, 200, 227, 26, 116, 204, 87, 16, 12, 231, 17, 2, 75, 249, 146, 204, 80, 78, 104, 16, 255, 234, 139, 153, 185, 168, 145, 3, 254, 168, 115, 67, 248, 107, 85, 105, 128, 28, 142, 245, 65, 159, 33, 134, 75, 124, 47, 113, 183, 118, 119, 4, 225, 241, 218, 170, 25, 244, 166, 233, 138, 146, 135, 209, 131, 184, 125, 65, 74, 101, 243, 45, 136, 231, 12, 250, 164, 202, 79, 111, 104, 176, 104, 190, 129, 65, 45, 245, 109, 71, 110, 167, 149, 38, 101, 46, 87, 184, 245, 244, 249, 138, 218, 8, 94, 144, 212, 81, 214, 56, 20, 151, 162, 5, 16, 247, 205, 210, 216, 197, 38, 202, 170, 46, 93, 115, 118, 49, 86, 154, 101, 97, 33, 9, 181, 169, 176, 19, 150, 244, 216, 254, 111, 65, 81, 67, 50, 94, 116, 82, 254, 155, 217, 149, 198, 29, 198, 249, 119, 204, 214, 248, 86, 95, 226, 96, 80, 44, 136, 87, 75, 27, 104, 242, 187, 59, 47, 123, 158, 218, 19, 216, 220, 216, 69, 170, 35, 10, 103, 5, 49, 242, 42, 184, 132, 53, 58, 245, 38, 151, 138, 103, 144, 4, 208, 54, 139, 19, 108, 147, 110, 174, 221, 97, 221, 142, 1, 92, 122, 171, 155, 113, 149, 107, 29, 135, 92, 20, 194, 64, 15, 29, 174, 21, 36, 64, 74, 43, 78, 155, 227, 89, 64, 99, 218, 186, 56, 66, 236, 56, 27, 238, 117, 171, 1, 197, 88, 68, 0, 185, 173, 101, 217, 194, 138, 75, 81, 9, 221, 9, 3, 233, 252, 221, 255, 162, 93, 78, 216, 6, 18, 122, 33, 108, 131, 71, 209, 80, 214, 215, 114, 100, 179, 58, 190, 104, 221, 221, 183, 80, 136, 125, 129, 93, 170, 157, 112, 132, 44, 37, 250, 26, 249, 157, 117, 86, 242, 3, 108, 79, 147, 37, 203, 19, 23, 192, 51, 225, 59, 82, 203, 254, 53, 213, 25, 217, 176, 74, 57, 113, 245, 159, 58, 91, 139, 145, 220, 34, 126, 221, 117, 175, 52, 77, 44, 93, 20, 82, 138, 217, 50, 148, 217, 84, 34, 92, 219, 120, 160, 109, 142, 11, 69, 11, 194, 182, 160, 219, 61, 105, 213, 252, 195, 252, 3, 194, 232, 51, 118, 246, 240, 224, 30, 140, 50, 233, 243, 255, 149, 128, 10, 31, 89, 206, 223, 181, 46, 123, 201, 38, 6, 21, 241, 24, 29, 80, 9, 38, 218, 186, 11, 7, 244, 92, 143, 144, 243, 164, 147, 107, 135, 84, 219, 126, 251, 85, 121, 234, 63, 55, 144, 17, 3, 107, 131, 231, 250, 79, 218, 254, 2, 84, 94, 232, 98, 53, 237, 134, 201, 186, 183])) }, Message { version: TLSv1_2, payload: ApplicationData(Payload([150, 122, 131, 193, 166, 117, 201, 137, 10, 82, 199, 42, 53, 33, 93, 229, 46, 187, 133, 200, 145, 230, 229, 76, 119, 46, 122, 44, 156, 132, 34, 168, 226, 61, 250, 253, 209, 135, 223, 208, 210, 201, 79, 166, 102, 76, 197, 231, 59, 121, 70, 174, 144, 90, 198, 116, 102, 19, 225, 212, 204, 246, 228, 53, 89, 1, 226, 4, 130, 251, 125, 246, 17, 212, 217, 243, 193, 28, 75, 7, 46, 197, 49, 112, 5, 39, 233, 239, 75, 100, 115, 37, 150, 229, 29, 192, 238, 87, 245, 96, 146, 154, 211, 145, 245, 155, 70, 45, 50, 230, 18, 177, 213, 85, 14, 156, 237, 188, 88, 111, 64, 137, 131, 26, 249, 16, 74, 175, 108, 141, 103, 226, 155, 85, 239, 87, 109, 97, 46, 101, 38, 21, 127, 57, 173, 210, 118, 70, 197, 176, 148, 93, 25, 96, 190, 195, 105, 220, 113, 84, 15, 46, 1, 130, 94, 180, 1, 45, 206, 195, 133, 241, 160, 239, 81, 48, 245, 25, 126, 164, 10, 36, 80, 103, 225, 160, 26, 1, 179, 201, 151, 56, 69, 74, 62, 109, 87, 21, 4, 68, 84, 182, 64, 6, 198, 65, 56, 172, 89, 151, 244, 133, 66, 70, 87, 139, 207, 69, 53, 62, 187, 170, 64, 171, 169, 145, 46, 184, 135, 176, 0, 161, 224, 254, 101, 70, 2, 134, 204, 81, 236, 115, 40, 126, 230, 116, 32, 46, 14, 191, 154, 184, 196, 205, 2, 202, 93, 201, 150, 94, 173, 75, 112, 193, 13, 202, 251, 232, 119, 9, 139, 177, 141, 35, 79, 192, 85, 135, 247, 215, 198])) }, Message { version: TLSv1_2, payload: ApplicationData(Payload([214, 2, 137, 59, 5, 211, 38, 87, 122, 27, 16, 119, 179, 244, 53, 248, 124, 122, 117, 120, 224, 184, 70, 195, 186, 77, 129, 52, 140, 246, 35, 183, 120, 127, 235, 19, 184, 142, 144, 67, 57, 84, 162, 56, 150, 57, 199, 148, 160, 64, 228, 220, 80])) }] } }] } with query Query { source: Some(Agent(AgentName(0))), matcher: None, counter: 0 }
2026-04-22T14:06:05+02:00	Looking for variable KnowledgeStore { raw_knowledge: [RawKnowledge { source: Agent(AgentName(0)), step: Some(StepNumber { trace: 0, step: 0 }), matcher: None, associated_term: None, data: OpaqueMessageFlight { messages: [OpaqueMessage { typ: Handshake, version: TLSv1_2, payload: Payload([2, 0, 0, 183, 3, 3, 63, 148, 245, 191, 85, 230, 165, 49, 123, 136, 53, 52, 239, 236, 39, 162, 4, 175, 81, 216, 80, 60, 162, 59, 146, 98, 56, 55, 251, 172, 31, 22, 32, 3, 3, 3, 3, 3, 3, 3, 3, 3, 3, 3, 3, 3, 3, 3, 3, 3, 3, 3, 3, 3, 3, 3, 3, 3, 3, 3, 3, 3, 3, 3, 3, 19, 1, 0, 0, 111, 0, 51, 0, 101, 0, 24, 0, 97, 4, 102, 129, 187, 178, 183, 174, 0, 246, 178, 85, 2, 83, 76, 88, 187, 63, 10, 5, 89, 120, 46, 227, 165, 124, 209, 244, 47, 111, 216, 114, 177, 50, 25, 174, 49, 167, 209, 6, 238, 131, 8, 243, 188, 146, 212, 101, 210, 76, 240, 187, 240, 81, 150, 134, 134, 128, 140, 239, 1, 25, 250, 109, 167, 208, 212, 162, 255, 183, 122, 27, 194, 181, 242, 207, 188, 231, 40, 147, 183, 176, 193, 98, 190, 4, 151, 83, 146, 86, 69, 167, 224, 93, 120, 231, 91, 64, 0, 43, 0, 2, 3, 4]) }, OpaqueMessage { typ: ChangeCipherSpec, version: TLSv1_2, payload: Payload([1]) }, OpaqueMessage { typ: ApplicationData, version: TLSv1_2, payload: Payload([61, 183, 220, 87, 136, 131, 175, 12, 246, 81, 229, 185, 94, 197, 61, 185, 136, 35, 0, 60, 157, 138, 149]) }, OpaqueMessage { typ: ApplicationData, version: TLSv1_2, payload: Payload([85, 202, 19, 94, 245, 164, 25, 115, 111, 147, 196, 57, 226, 5, 17, 137, 213, 117, 169, 95, 89, 58, 192, 117, 13, 18, 184, 173, 210, 30, 90, 219, 139, 132, 47, 214, 65, 167, 220, 241, 174, 127, 240, 138, 245, 1, 231, 141, 95, 126, 97, 129, 167, 119, 38, 102, 214, 24, 46, 221, 220, 72, 248, 152, 241, 192, 52, 229, 80, 14, 156, 225, 235, 176, 132, 6, 179, 203, 90, 243, 232, 49, 37, 57, 219, 195, 105, 86, 219, 55, 90, 31, 112, 213, 220, 181, 234, 182, 1, 26, 53, 155, 66, 184, 205, 145, 237, 41, 188, 220, 86, 157, 253, 224, 199, 206, 227, 144, 125, 31, 200, 84, 187, 206, 149, 14, 166, 212, 0, 249, 214, 176, 56, 184, 10, 241, 127, 81, 140, 155, 20, 45, 169, 229, 140, 15, 213, 36, 161, 110, 105, 37, 247, 82, 195, 27, 90, 160, 183, 205, 178, 221, 155, 47, 210, 217, 106, 10, 97, 38, 39, 59, 25, 175, 130, 236, 35, 131, 132, 167, 198, 52, 124, 90, 135, 235, 165, 112, 245, 91, 197, 91, 90, 214, 34, 251, 99, 40, 46, 222, 5, 52, 91, 148, 201, 4, 28, 238, 173, 193, 204, 115, 191, 167, 208, 121, 16, 152, 100, 116, 119, 123, 15, 189, 67, 6, 196, 214, 37, 22, 99, 11, 183, 6, 59, 235, 230, 197, 243, 240, 169, 47, 164, 20, 84, 179, 215, 199, 144, 81, 230, 0, 10, 71, 233, 174, 163, 27, 114, 33, 82, 248, 194, 30, 251, 160, 186, 50, 143, 208, 253, 72, 215, 102, 89, 163, 109, 64, 210, 15, 115, 187, 167, 100, 135, 213, 91, 171, 170, 133, 89, 24, 117, 187, 67, 89, 87, 160, 238, 35, 239, 91, 212, 170, 85, 28, 42, 107, 98, 140, 114, 195, 26, 15, 51, 177, 158, 148, 95, 205, 209, 20, 103, 128, 158, 160, 21, 155, 219, 74, 126, 223, 215, 53, 185, 100, 76, 92, 197, 178, 171, 214, 251, 8, 150, 101, 146, 232, 129, 155, 162, 213, 93, 217, 134, 227, 2, 149, 49, 208, 145, 95, 24, 172, 31, 19, 232, 217, 73, 208, 182, 215, 252, 188, 15, 232, 78, 77, 47, 200, 227, 26, 116, 204, 87, 16, 12, 231, 17, 2, 75, 249, 146, 204, 80, 78, 104, 16, 255, 234, 139, 153, 185, 168, 145, 3, 254, 168, 115, 67, 248, 107, 85, 105, 128, 28, 142, 245, 65, 159, 33, 134, 75, 124, 47, 113, 183, 118, 119, 4, 225, 241, 218, 170, 25, 244, 166, 233, 138, 146, 135, 209, 131, 184, 125, 65, 74, 101, 243, 45, 136, 231, 12, 250, 164, 202, 79, 111, 104, 176, 104, 190, 129, 65, 45, 245, 109, 71, 110, 167, 149, 38, 101, 46, 87, 184, 245, 244, 249, 138, 218, 8, 94, 144, 212, 81, 214, 56, 20, 151, 162, 5, 16, 247, 205, 210, 216, 197, 38, 202, 170, 46, 93, 115, 118, 49, 86, 154, 101, 97, 33, 9, 181, 169, 176, 19, 150, 244, 216, 254, 111, 65, 81, 67, 50, 94, 116, 82, 254, 155, 217, 149, 198, 29, 198, 249, 119, 204, 214, 248, 86, 95, 226, 96, 80, 44, 136, 87, 75, 27, 104, 242, 187, 59, 47, 123, 158, 218, 19, 216, 220, 216, 69, 170, 35, 10, 103, 5, 49, 242, 42, 184, 132, 53, 58, 245, 38, 151, 138, 103, 144, 4, 208, 54, 139, 19, 108, 147, 110, 174, 221, 97, 221, 142, 1, 92, 122, 171, 155, 113, 149, 107, 29, 135, 92, 20, 194, 64, 15, 29, 174, 21, 36, 64, 74, 43, 78, 155, 227, 89, 64, 99, 218, 186, 56, 66, 236, 56, 27, 238, 117, 171, 1, 197, 88, 68, 0, 185, 173, 101, 217, 194, 138, 75, 81, 9, 221, 9, 3, 233, 252, 221, 255, 162, 93, 78, 216, 6, 18, 122, 33, 108, 131, 71, 209, 80, 214, 215, 114, 100, 179, 58, 190, 104, 221, 221, 183, 80, 136, 125, 129, 93, 170, 157, 112, 132, 44, 37, 250, 26, 249, 157, 117, 86, 242, 3, 108, 79, 147, 37, 203, 19, 23, 192, 51, 225, 59, 82, 203, 254, 53, 213, 25, 217, 176, 74, 57, 113, 245, 159, 58, 91, 139, 145, 220, 34, 126, 221, 117, 175, 52, 77, 44, 93, 20, 82, 138, 217, 50, 148, 217, 84, 34, 92, 219, 120, 160, 109, 142, 11, 69, 11, 194, 182, 160, 219, 61, 105, 213, 252, 195, 252, 3, 194, 232, 51, 118, 246, 240, 224, 30, 140, 50, 233, 243, 255, 149, 128, 10, 31, 89, 206, 223, 181, 46, 123, 201, 38, 6, 21, 241, 24, 29, 80, 9, 38, 218, 186, 11, 7, 244, 92, 143, 144, 243, 164, 147, 107, 135, 84, 219, 126, 251, 85, 121, 234, 63, 55, 144, 17, 3, 107, 131, 231, 250, 79, 218, 254, 2, 84, 94, 232, 98, 53, 237, 134, 201, 186, 183]) }, OpaqueMessage { typ: ApplicationData, version: TLSv1_2, payload: Payload([150, 122, 131, 193, 166, 117, 201, 137, 10, 82, 199, 42, 53, 33, 93, 229, 46, 187, 133, 200, 145, 230, 229, 76, 119, 46, 122, 44, 156, 132, 34, 168, 226, 61, 250, 253, 209, 135, 223, 208, 210, 201, 79, 166, 102, 76, 197, 231, 59, 121, 70, 174, 144, 90, 198, 116, 102, 19, 225, 212, 204, 246, 228, 53, 89, 1, 226, 4, 130, 251, 125, 246, 17, 212, 217, 243, 193, 28, 75, 7, 46, 197, 49, 112, 5, 39, 233, 239, 75, 100, 115, 37, 150, 229, 29, 192, 238, 87, 245, 96, 146, 154, 211, 145, 245, 155, 70, 45, 50, 230, 18, 177, 213, 85, 14, 156, 237, 188, 88, 111, 64, 137, 131, 26, 249, 16, 74, 175, 108, 141, 103, 226, 155, 85, 239, 87, 109, 97, 46, 101, 38, 21, 127, 57, 173, 210, 118, 70, 197, 176, 148, 93, 25, 96, 190, 195, 105, 220, 113, 84, 15, 46, 1, 130, 94, 180, 1, 45, 206, 195, 133, 241, 160, 239, 81, 48, 245, 25, 126, 164, 10, 36, 80, 103, 225, 160, 26, 1, 179, 201, 151, 56, 69, 74, 62, 109, 87, 21, 4, 68, 84, 182, 64, 6, 198, 65, 56, 172, 89, 151, 244, 133, 66, 70, 87, 139, 207, 69, 53, 62, 187, 170, 64, 171, 169, 145, 46, 184, 135, 176, 0, 161, 224, 254, 101, 70, 2, 134, 204, 81, 236, 115, 40, 126, 230, 116, 32, 46, 14, 191, 154, 184, 196, 205, 2, 202, 93, 201, 150, 94, 173, 75, 112, 193, 13, 202, 251, 232, 119, 9, 139, 177, 141, 35, 79, 192, 85, 135, 247, 215, 198]) }, OpaqueMessage { typ: ApplicationData, version: TLSv1_2, payload: Payload([214, 2, 137, 59, 5, 211, 38, 87, 122, 27, 16, 119, 179, 244, 53, 248, 124, 122, 117, 120, 224, 184, 70, 195, 186, 77, 129, 52, 140, 246, 35, 183, 120, 127, 235, 19, 184, 142, 144, 67, 57, 84, 162, 56, 150, 57, 199, 148, 160, 64, 228, 220, 80]) }] } }, RawKnowledge { source: Agent(AgentName(0)), step: Some(StepNumber { trace: 0, step: 0 }), matcher: None, associated_term: None, data: MessageFlight { messages: [Message { version: TLSv1_2, payload: Handshake(HandshakeMessagePayload { typ: ServerHello, payload: ServerHello(ServerHelloPayload { legacy_version: TLSv1_2, random: Random([63, 148, 245, 191, 85, 230, 165, 49, 123, 136, 53, 52, 239, 236, 39, 162, 4, 175, 81, 216, 80, 60, 162, 59, 146, 98, 56, 55, 251, 172, 31, 22]), session_id: SessionID([3, 3, 3, 3, 3, 3, 3, 3, 3, 3, 3, 3, 3, 3, 3, 3, 3, 3, 3, 3, 3, 3, 3, 3, 3, 3, 3, 3, 3, 3, 3, 3]), cipher_suite: TLS13_AES_128_GCM_SHA256, compression_method: Null, extensions: ServerExtensions([KeyShare(KeyShareEntry { group: secp384r1, payload: PayloadU16([4, 102, 129, 187, 178, 183, 174, 0, 246, 178, 85, 2, 83, 76, 88, 187, 63, 10, 5, 89, 120, 46, 227, 165, 124, 209, 244, 47, 111, 216, 114, 177, 50, 25, 174, 49, 167, 209, 6, 238, 131, 8, 243, 188, 146, 212, 101, 210, 76, 240, 187, 240, 81, 150, 134, 134, 128, 140, 239, 1, 25, 250, 109, 167, 208, 212, 162, 255, 183, 122, 27, 194, 181, 242, 207, 188, 231, 40, 147, 183, 176, 193, 98, 190, 4, 151, 83, 146, 86, 69, 167, 224, 93, 120, 231, 91, 64]) }), SupportedVersions(TLSv1_3)]) }) }) }, Message { version: TLSv1_2, payload: ChangeCipherSpec(ChangeCipherSpecPayload) }, Message { version: TLSv1_2, payload: ApplicationData(Payload([61, 183, 220, 87, 136, 131, 175, 12, 246, 81, 229, 185, 94, 197, 61, 185, 136, 35, 0, 60, 157, 138, 149])) }, Message { version: TLSv1_2, payload: ApplicationData(Payload([85, 202, 19, 94, 245, 164, 25, 115, 111, 147, 196, 57, 226, 5, 17, 137, 213, 117, 169, 95, 89, 58, 192, 117, 13, 18, 184, 173, 210, 30, 90, 219, 139, 132, 47, 214, 65, 167, 220, 241, 174, 127, 240, 138, 245, 1, 231, 141, 95, 126, 97, 129, 167, 119, 38, 102, 214, 24, 46, 221, 220, 72, 248, 152, 241, 192, 52, 229, 80, 14, 156, 225, 235, 176, 132, 6, 179, 203, 90, 243, 232, 49, 37, 57, 219, 195, 105, 86, 219, 55, 90, 31, 112, 213, 220, 181, 234, 182, 1, 26, 53, 155, 66, 184, 205, 145, 237, 41, 188, 220, 86, 157, 253, 224, 199, 206, 227, 144, 125, 31, 200, 84, 187, 206, 149, 14, 166, 212, 0, 249, 214, 176, 56, 184, 10, 241, 127, 81, 140, 155, 20, 45, 169, 229, 140, 15, 213, 36, 161, 110, 105, 37, 247, 82, 195, 27, 90, 160, 183, 205, 178, 221, 155, 47, 210, 217, 106, 10, 97, 38, 39, 59, 25, 175, 130, 236, 35, 131, 132, 167, 198, 52, 124, 90, 135, 235, 165, 112, 245, 91, 197, 91, 90, 214, 34, 251, 99, 40, 46, 222, 5, 52, 91, 148, 201, 4, 28, 238, 173, 193, 204, 115, 191, 167, 208, 121, 16, 152, 100, 116, 119, 123, 15, 189, 67, 6, 196, 214, 37, 22, 99, 11, 183, 6, 59, 235, 230, 197, 243, 240, 169, 47, 164, 20, 84, 179, 215, 199, 144, 81, 230, 0, 10, 71, 233, 174, 163, 27, 114, 33, 82, 248, 194, 30, 251, 160, 186, 50, 143, 208, 253, 72, 215, 102, 89, 163, 109, 64, 210, 15, 115, 187, 167, 100, 135, 213, 91, 171, 170, 133, 89, 24, 117, 187, 67, 89, 87, 160, 238, 35, 239, 91, 212, 170, 85, 28, 42, 107, 98, 140, 114, 195, 26, 15, 51, 177, 158, 148, 95, 205, 209, 20, 103, 128, 158, 160, 21, 155, 219, 74, 126, 223, 215, 53, 185, 100, 76, 92, 197, 178, 171, 214, 251, 8, 150, 101, 146, 232, 129, 155, 162, 213, 93, 217, 134, 227, 2, 149, 49, 208, 145, 95, 24, 172, 31, 19, 232, 217, 73, 208, 182, 215, 252, 188, 15, 232, 78, 77, 47, 200, 227, 26, 116, 204, 87, 16, 12, 231, 17, 2, 75, 249, 146, 204, 80, 78, 104, 16, 255, 234, 139, 153, 185, 168, 145, 3, 254, 168, 115, 67, 248, 107, 85, 105, 128, 28, 142, 245, 65, 159, 33, 134, 75, 124, 47, 113, 183, 118, 119, 4, 225, 241, 218, 170, 25, 244, 166, 233, 138, 146, 135, 209, 131, 184, 125, 65, 74, 101, 243, 45, 136, 231, 12, 250, 164, 202, 79, 111, 104, 176, 104, 190, 129, 65, 45, 245, 109, 71, 110, 167, 149, 38, 101, 46, 87, 184, 245, 244, 249, 138, 218, 8, 94, 144, 212, 81, 214, 56, 20, 151, 162, 5, 16, 247, 205, 210, 216, 197, 38, 202, 170, 46, 93, 115, 118, 49, 86, 154, 101, 97, 33, 9, 181, 169, 176, 19, 150, 244, 216, 254, 111, 65, 81, 67, 50, 94, 116, 82, 254, 155, 217, 149, 198, 29, 198, 249, 119, 204, 214, 248, 86, 95, 226, 96, 80, 44, 136, 87, 75, 27, 104, 242, 187, 59, 47, 123, 158, 218, 19, 216, 220, 216, 69, 170, 35, 10, 103, 5, 49, 242, 42, 184, 132, 53, 58, 245, 38, 151, 138, 103, 144, 4, 208, 54, 139, 19, 108, 147, 110, 174, 221, 97, 221, 142, 1, 92, 122, 171, 155, 113, 149, 107, 29, 135, 92, 20, 194, 64, 15, 29, 174, 21, 36, 64, 74, 43, 78, 155, 227, 89, 64, 99, 218, 186, 56, 66, 236, 56, 27, 238, 117, 171, 1, 197, 88, 68, 0, 185, 173, 101, 217, 194, 138, 75, 81, 9, 221, 9, 3, 233, 252, 221, 255, 162, 93, 78, 216, 6, 18, 122, 33, 108, 131, 71, 209, 80, 214, 215, 114, 100, 179, 58, 190, 104, 221, 221, 183, 80, 136, 125, 129, 93, 170, 157, 112, 132, 44, 37, 250, 26, 249, 157, 117, 86, 242, 3, 108, 79, 147, 37, 203, 19, 23, 192, 51, 225, 59, 82, 203, 254, 53, 213, 25, 217, 176, 74, 57, 113, 245, 159, 58, 91, 139, 145, 220, 34, 126, 221, 117, 175, 52, 77, 44, 93, 20, 82, 138, 217, 50, 148, 217, 84, 34, 92, 219, 120, 160, 109, 142, 11, 69, 11, 194, 182, 160, 219, 61, 105, 213, 252, 195, 252, 3, 194, 232, 51, 118, 246, 240, 224, 30, 140, 50, 233, 243, 255, 149, 128, 10, 31, 89, 206, 223, 181, 46, 123, 201, 38, 6, 21, 241, 24, 29, 80, 9, 38, 218, 186, 11, 7, 244, 92, 143, 144, 243, 164, 147, 107, 135, 84, 219, 126, 251, 85, 121, 234, 63, 55, 144, 17, 3, 107, 131, 231, 250, 79, 218, 254, 2, 84, 94, 232, 98, 53, 237, 134, 201, 186, 183])) }, Message { version: TLSv1_2, payload: ApplicationData(Payload([150, 122, 131, 193, 166, 117, 201, 137, 10, 82, 199, 42, 53, 33, 93, 229, 46, 187, 133, 200, 145, 230, 229, 76, 119, 46, 122, 44, 156, 132, 34, 168, 226, 61, 250, 253, 209, 135, 223, 208, 210, 201, 79, 166, 102, 76, 197, 231, 59, 121, 70, 174, 144, 90, 198, 116, 102, 19, 225, 212, 204, 246, 228, 53, 89, 1, 226, 4, 130, 251, 125, 246, 17, 212, 217, 243, 193, 28, 75, 7, 46, 197, 49, 112, 5, 39, 233, 239, 75, 100, 115, 37, 150, 229, 29, 192, 238, 87, 245, 96, 146, 154, 211, 145, 245, 155, 70, 45, 50, 230, 18, 177, 213, 85, 14, 156, 237, 188, 88, 111, 64, 137, 131, 26, 249, 16, 74, 175, 108, 141, 103, 226, 155, 85, 239, 87, 109, 97, 46, 101, 38, 21, 127, 57, 173, 210, 118, 70, 197, 176, 148, 93, 25, 96, 190, 195, 105, 220, 113, 84, 15, 46, 1, 130, 94, 180, 1, 45, 206, 195, 133, 241, 160, 239, 81, 48, 245, 25, 126, 164, 10, 36, 80, 103, 225, 160, 26, 1, 179, 201, 151, 56, 69, 74, 62, 109, 87, 21, 4, 68, 84, 182, 64, 6, 198, 65, 56, 172, 89, 151, 244, 133, 66, 70, 87, 139, 207, 69, 53, 62, 187, 170, 64, 171, 169, 145, 46, 184, 135, 176, 0, 161, 224, 254, 101, 70, 2, 134, 204, 81, 236, 115, 40, 126, 230, 116, 32, 46, 14, 191, 154, 184, 196, 205, 2, 202, 93, 201, 150, 94, 173, 75, 112, 193, 13, 202, 251, 232, 119, 9, 139, 177, 141, 35, 79, 192, 85, 135, 247, 215, 198])) }, Message { version: TLSv1_2, payload: ApplicationData(Payload([214, 2, 137, 59, 5, 211, 38, 87, 122, 27, 16, 119, 179, 244, 53, 248, 124, 122, 117, 120, 224, 184, 70, 195, 186, 77, 129, 52, 140, 246, 35, 183, 120, 127, 235, 19, 184, 142, 144, 67, 57, 84, 162, 56, 150, 57, 199, 148, 160, 64, 228, 220, 80])) }] } }] } with query_type_shape TypeShape { inner_type_id: TypeId(0xea2f31b72807dda8ae84a773e84ad164), name: "tlspuffin::claims::TranscriptServerHello", phantom: PhantomData<tlspuffin::protocol::TLSProtocolTypes> } and query Query { source: Some(Agent(AgentName(0))), matcher: None, counter: 0 }
2026-04-22T14:06:05+02:00	Extract atom: Random
2026-04-22T14:06:05+02:00	Extract atom: SessionID
2026-04-22T14:06:05+02:00	Extract atom: ServerExtension
2026-04-22T14:06:05+02:00	Extract atom: ServerExtension
2026-04-22T14:06:05+02:00	        / Variable evaluated into: [32, 57, 224, 88, 144, 7, 34, 64, 171, 15, 95, 255, 82, 183, 68, 150, 28, 126, 203, 252, 146, 88, 66, 191, 29, 69, 122, 143, 99, 11, 242, 179, 226]
2026-04-22T14:06:05+02:00	[eval_until_opaque] [Var] Did not add a payload for a leaf at path: [0, 0, 1, 0] and eval is: [32, 57, 224, 88, 144, 7, 34, 64, 171, 15, 95, 255, 82, 183, 68, 150, 28, 126, 203, 252, 146, 88, 66, 191, 29, 69, 122, 143, 99, 11, 242, 179, 226]
2026-04-22T14:06:05+02:00	  + Ending treating argument # 0 from path [0, 0, 1]...
2026-04-22T14:06:05+02:00	[eval_until_opaque] Now calling the function symbol tlspuffin::tls::fn_impl::fn_transcript::fn_server_hello_transcript implementation and then updating payloads...
2026-04-22T14:06:05+02:00	TranscriptServerHello.as_slice: TranscriptServerHello(TlsTranscript([57, 224, 88, 144, 7, 34, 64, 171, 15, 95, 255, 82, 183, 68, 150, 28, 126, 203, 252, 146, 88, 66, 191, 29, 69, 122, 143, 99, 11, 242, 179, 226, 0, 0, 0, 0, 0, 0, 0, 0, 0, 0, 0, 0, 0, 0, 0, 0, 0, 0, 0, 0, 0, 0, 0, 0, 0, 0, 0, 0, 0, 0, 0, 0], 32))
2026-04-22T14:06:05+02:00	  + Ending treating argument # 1 from path [0, 0]...
2026-04-22T14:06:05+02:00	  + Treating argument # 2 from path [0, 0]...
2026-04-22T14:06:05+02:00	[eval_until_opaque] [START]: Eval term:
 fn_get_server_key_share(
	(Some(Agent(AgentName(0))), 0)[None]/Vec<ServerExtension>
) -> Vec<u8>>
2026-04-22T14:06:05+02:00	[eval_until_opaque] [App]: Application from path=[0, 0, 2]
2026-04-22T14:06:05+02:00	  + Treating argument # 0 from path [0, 0, 2]...
2026-04-22T14:06:05+02:00	[eval_until_opaque] [START]: Eval term:
 (Some(Agent(AgentName(0))), 0)[None]/Vec<ServerExtension>
2026-04-22T14:06:05+02:00	Looking for variable in KnowledgeStore { raw_knowledge: [RawKnowledge { source: Agent(AgentName(0)), step: Some(StepNumber { trace: 0, step: 0 }), matcher: None, associated_term: None, data: OpaqueMessageFlight { messages: [OpaqueMessage { typ: Handshake, version: TLSv1_2, payload: Payload([2, 0, 0, 183, 3, 3, 63, 148, 245, 191, 85, 230, 165, 49, 123, 136, 53, 52, 239, 236, 39, 162, 4, 175, 81, 216, 80, 60, 162, 59, 146, 98, 56, 55, 251, 172, 31, 22, 32, 3, 3, 3, 3, 3, 3, 3, 3, 3, 3, 3, 3, 3, 3, 3, 3, 3, 3, 3, 3, 3, 3, 3, 3, 3, 3, 3, 3, 3, 3, 3, 3, 19, 1, 0, 0, 111, 0, 51, 0, 101, 0, 24, 0, 97, 4, 102, 129, 187, 178, 183, 174, 0, 246, 178, 85, 2, 83, 76, 88, 187, 63, 10, 5, 89, 120, 46, 227, 165, 124, 209, 244, 47, 111, 216, 114, 177, 50, 25, 174, 49, 167, 209, 6, 238, 131, 8, 243, 188, 146, 212, 101, 210, 76, 240, 187, 240, 81, 150, 134, 134, 128, 140, 239, 1, 25, 250, 109, 167, 208, 212, 162, 255, 183, 122, 27, 194, 181, 242, 207, 188, 231, 40, 147, 183, 176, 193, 98, 190, 4, 151, 83, 146, 86, 69, 167, 224, 93, 120, 231, 91, 64, 0, 43, 0, 2, 3, 4]) }, OpaqueMessage { typ: ChangeCipherSpec, version: TLSv1_2, payload: Payload([1]) }, OpaqueMessage { typ: ApplicationData, version: TLSv1_2, payload: Payload([61, 183, 220, 87, 136, 131, 175, 12, 246, 81, 229, 185, 94, 197, 61, 185, 136, 35, 0, 60, 157, 138, 149]) }, OpaqueMessage { typ: ApplicationData, version: TLSv1_2, payload: Payload([85, 202, 19, 94, 245, 164, 25, 115, 111, 147, 196, 57, 226, 5, 17, 137, 213, 117, 169, 95, 89, 58, 192, 117, 13, 18, 184, 173, 210, 30, 90, 219, 139, 132, 47, 214, 65, 167, 220, 241, 174, 127, 240, 138, 245, 1, 231, 141, 95, 126, 97, 129, 167, 119, 38, 102, 214, 24, 46, 221, 220, 72, 248, 152, 241, 192, 52, 229, 80, 14, 156, 225, 235, 176, 132, 6, 179, 203, 90, 243, 232, 49, 37, 57, 219, 195, 105, 86, 219, 55, 90, 31, 112, 213, 220, 181, 234, 182, 1, 26, 53, 155, 66, 184, 205, 145, 237, 41, 188, 220, 86, 157, 253, 224, 199, 206, 227, 144, 125, 31, 200, 84, 187, 206, 149, 14, 166, 212, 0, 249, 214, 176, 56, 184, 10, 241, 127, 81, 140, 155, 20, 45, 169, 229, 140, 15, 213, 36, 161, 110, 105, 37, 247, 82, 195, 27, 90, 160, 183, 205, 178, 221, 155, 47, 210, 217, 106, 10, 97, 38, 39, 59, 25, 175, 130, 236, 35, 131, 132, 167, 198, 52, 124, 90, 135, 235, 165, 112, 245, 91, 197, 91, 90, 214, 34, 251, 99, 40, 46, 222, 5, 52, 91, 148, 201, 4, 28, 238, 173, 193, 204, 115, 191, 167, 208, 121, 16, 152, 100, 116, 119, 123, 15, 189, 67, 6, 196, 214, 37, 22, 99, 11, 183, 6, 59, 235, 230, 197, 243, 240, 169, 47, 164, 20, 84, 179, 215, 199, 144, 81, 230, 0, 10, 71, 233, 174, 163, 27, 114, 33, 82, 248, 194, 30, 251, 160, 186, 50, 143, 208, 253, 72, 215, 102, 89, 163, 109, 64, 210, 15, 115, 187, 167, 100, 135, 213, 91, 171, 170, 133, 89, 24, 117, 187, 67, 89, 87, 160, 238, 35, 239, 91, 212, 170, 85, 28, 42, 107, 98, 140, 114, 195, 26, 15, 51, 177, 158, 148, 95, 205, 209, 20, 103, 128, 158, 160, 21, 155, 219, 74, 126, 223, 215, 53, 185, 100, 76, 92, 197, 178, 171, 214, 251, 8, 150, 101, 146, 232, 129, 155, 162, 213, 93, 217, 134, 227, 2, 149, 49, 208, 145, 95, 24, 172, 31, 19, 232, 217, 73, 208, 182, 215, 252, 188, 15, 232, 78, 77, 47, 200, 227, 26, 116, 204, 87, 16, 12, 231, 17, 2, 75, 249, 146, 204, 80, 78, 104, 16, 255, 234, 139, 153, 185, 168, 145, 3, 254, 168, 115, 67, 248, 107, 85, 105, 128, 28, 142, 245, 65, 159, 33, 134, 75, 124, 47, 113, 183, 118, 119, 4, 225, 241, 218, 170, 25, 244, 166, 233, 138, 146, 135, 209, 131, 184, 125, 65, 74, 101, 243, 45, 136, 231, 12, 250, 164, 202, 79, 111, 104, 176, 104, 190, 129, 65, 45, 245, 109, 71, 110, 167, 149, 38, 101, 46, 87, 184, 245, 244, 249, 138, 218, 8, 94, 144, 212, 81, 214, 56, 20, 151, 162, 5, 16, 247, 205, 210, 216, 197, 38, 202, 170, 46, 93, 115, 118, 49, 86, 154, 101, 97, 33, 9, 181, 169, 176, 19, 150, 244, 216, 254, 111, 65, 81, 67, 50, 94, 116, 82, 254, 155, 217, 149, 198, 29, 198, 249, 119, 204, 214, 248, 86, 95, 226, 96, 80, 44, 136, 87, 75, 27, 104, 242, 187, 59, 47, 123, 158, 218, 19, 216, 220, 216, 69, 170, 35, 10, 103, 5, 49, 242, 42, 184, 132, 53, 58, 245, 38, 151, 138, 103, 144, 4, 208, 54, 139, 19, 108, 147, 110, 174, 221, 97, 221, 142, 1, 92, 122, 171, 155, 113, 149, 107, 29, 135, 92, 20, 194, 64, 15, 29, 174, 21, 36, 64, 74, 43, 78, 155, 227, 89, 64, 99, 218, 186, 56, 66, 236, 56, 27, 238, 117, 171, 1, 197, 88, 68, 0, 185, 173, 101, 217, 194, 138, 75, 81, 9, 221, 9, 3, 233, 252, 221, 255, 162, 93, 78, 216, 6, 18, 122, 33, 108, 131, 71, 209, 80, 214, 215, 114, 100, 179, 58, 190, 104, 221, 221, 183, 80, 136, 125, 129, 93, 170, 157, 112, 132, 44, 37, 250, 26, 249, 157, 117, 86, 242, 3, 108, 79, 147, 37, 203, 19, 23, 192, 51, 225, 59, 82, 203, 254, 53, 213, 25, 217, 176, 74, 57, 113, 245, 159, 58, 91, 139, 145, 220, 34, 126, 221, 117, 175, 52, 77, 44, 93, 20, 82, 138, 217, 50, 148, 217, 84, 34, 92, 219, 120, 160, 109, 142, 11, 69, 11, 194, 182, 160, 219, 61, 105, 213, 252, 195, 252, 3, 194, 232, 51, 118, 246, 240, 224, 30, 140, 50, 233, 243, 255, 149, 128, 10, 31, 89, 206, 223, 181, 46, 123, 201, 38, 6, 21, 241, 24, 29, 80, 9, 38, 218, 186, 11, 7, 244, 92, 143, 144, 243, 164, 147, 107, 135, 84, 219, 126, 251, 85, 121, 234, 63, 55, 144, 17, 3, 107, 131, 231, 250, 79, 218, 254, 2, 84, 94, 232, 98, 53, 237, 134, 201, 186, 183]) }, OpaqueMessage { typ: ApplicationData, version: TLSv1_2, payload: Payload([150, 122, 131, 193, 166, 117, 201, 137, 10, 82, 199, 42, 53, 33, 93, 229, 46, 187, 133, 200, 145, 230, 229, 76, 119, 46, 122, 44, 156, 132, 34, 168, 226, 61, 250, 253, 209, 135, 223, 208, 210, 201, 79, 166, 102, 76, 197, 231, 59, 121, 70, 174, 144, 90, 198, 116, 102, 19, 225, 212, 204, 246, 228, 53, 89, 1, 226, 4, 130, 251, 125, 246, 17, 212, 217, 243, 193, 28, 75, 7, 46, 197, 49, 112, 5, 39, 233, 239, 75, 100, 115, 37, 150, 229, 29, 192, 238, 87, 245, 96, 146, 154, 211, 145, 245, 155, 70, 45, 50, 230, 18, 177, 213, 85, 14, 156, 237, 188, 88, 111, 64, 137, 131, 26, 249, 16, 74, 175, 108, 141, 103, 226, 155, 85, 239, 87, 109, 97, 46, 101, 38, 21, 127, 57, 173, 210, 118, 70, 197, 176, 148, 93, 25, 96, 190, 195, 105, 220, 113, 84, 15, 46, 1, 130, 94, 180, 1, 45, 206, 195, 133, 241, 160, 239, 81, 48, 245, 25, 126, 164, 10, 36, 80, 103, 225, 160, 26, 1, 179, 201, 151, 56, 69, 74, 62, 109, 87, 21, 4, 68, 84, 182, 64, 6, 198, 65, 56, 172, 89, 151, 244, 133, 66, 70, 87, 139, 207, 69, 53, 62, 187, 170, 64, 171, 169, 145, 46, 184, 135, 176, 0, 161, 224, 254, 101, 70, 2, 134, 204, 81, 236, 115, 40, 126, 230, 116, 32, 46, 14, 191, 154, 184, 196, 205, 2, 202, 93, 201, 150, 94, 173, 75, 112, 193, 13, 202, 251, 232, 119, 9, 139, 177, 141, 35, 79, 192, 85, 135, 247, 215, 198]) }, OpaqueMessage { typ: ApplicationData, version: TLSv1_2, payload: Payload([214, 2, 137, 59, 5, 211, 38, 87, 122, 27, 16, 119, 179, 244, 53, 248, 124, 122, 117, 120, 224, 184, 70, 195, 186, 77, 129, 52, 140, 246, 35, 183, 120, 127, 235, 19, 184, 142, 144, 67, 57, 84, 162, 56, 150, 57, 199, 148, 160, 64, 228, 220, 80]) }] } }, RawKnowledge { source: Agent(AgentName(0)), step: Some(StepNumber { trace: 0, step: 0 }), matcher: None, associated_term: None, data: MessageFlight { messages: [Message { version: TLSv1_2, payload: Handshake(HandshakeMessagePayload { typ: ServerHello, payload: ServerHello(ServerHelloPayload { legacy_version: TLSv1_2, random: Random([63, 148, 245, 191, 85, 230, 165, 49, 123, 136, 53, 52, 239, 236, 39, 162, 4, 175, 81, 216, 80, 60, 162, 59, 146, 98, 56, 55, 251, 172, 31, 22]), session_id: SessionID([3, 3, 3, 3, 3, 3, 3, 3, 3, 3, 3, 3, 3, 3, 3, 3, 3, 3, 3, 3, 3, 3, 3, 3, 3, 3, 3, 3, 3, 3, 3, 3]), cipher_suite: TLS13_AES_128_GCM_SHA256, compression_method: Null, extensions: ServerExtensions([KeyShare(KeyShareEntry { group: secp384r1, payload: PayloadU16([4, 102, 129, 187, 178, 183, 174, 0, 246, 178, 85, 2, 83, 76, 88, 187, 63, 10, 5, 89, 120, 46, 227, 165, 124, 209, 244, 47, 111, 216, 114, 177, 50, 25, 174, 49, 167, 209, 6, 238, 131, 8, 243, 188, 146, 212, 101, 210, 76, 240, 187, 240, 81, 150, 134, 134, 128, 140, 239, 1, 25, 250, 109, 167, 208, 212, 162, 255, 183, 122, 27, 194, 181, 242, 207, 188, 231, 40, 147, 183, 176, 193, 98, 190, 4, 151, 83, 146, 86, 69, 167, 224, 93, 120, 231, 91, 64]) }), SupportedVersions(TLSv1_3)]) }) }) }, Message { version: TLSv1_2, payload: ChangeCipherSpec(ChangeCipherSpecPayload) }, Message { version: TLSv1_2, payload: ApplicationData(Payload([61, 183, 220, 87, 136, 131, 175, 12, 246, 81, 229, 185, 94, 197, 61, 185, 136, 35, 0, 60, 157, 138, 149])) }, Message { version: TLSv1_2, payload: ApplicationData(Payload([85, 202, 19, 94, 245, 164, 25, 115, 111, 147, 196, 57, 226, 5, 17, 137, 213, 117, 169, 95, 89, 58, 192, 117, 13, 18, 184, 173, 210, 30, 90, 219, 139, 132, 47, 214, 65, 167, 220, 241, 174, 127, 240, 138, 245, 1, 231, 141, 95, 126, 97, 129, 167, 119, 38, 102, 214, 24, 46, 221, 220, 72, 248, 152, 241, 192, 52, 229, 80, 14, 156, 225, 235, 176, 132, 6, 179, 203, 90, 243, 232, 49, 37, 57, 219, 195, 105, 86, 219, 55, 90, 31, 112, 213, 220, 181, 234, 182, 1, 26, 53, 155, 66, 184, 205, 145, 237, 41, 188, 220, 86, 157, 253, 224, 199, 206, 227, 144, 125, 31, 200, 84, 187, 206, 149, 14, 166, 212, 0, 249, 214, 176, 56, 184, 10, 241, 127, 81, 140, 155, 20, 45, 169, 229, 140, 15, 213, 36, 161, 110, 105, 37, 247, 82, 195, 27, 90, 160, 183, 205, 178, 221, 155, 47, 210, 217, 106, 10, 97, 38, 39, 59, 25, 175, 130, 236, 35, 131, 132, 167, 198, 52, 124, 90, 135, 235, 165, 112, 245, 91, 197, 91, 90, 214, 34, 251, 99, 40, 46, 222, 5, 52, 91, 148, 201, 4, 28, 238, 173, 193, 204, 115, 191, 167, 208, 121, 16, 152, 100, 116, 119, 123, 15, 189, 67, 6, 196, 214, 37, 22, 99, 11, 183, 6, 59, 235, 230, 197, 243, 240, 169, 47, 164, 20, 84, 179, 215, 199, 144, 81, 230, 0, 10, 71, 233, 174, 163, 27, 114, 33, 82, 248, 194, 30, 251, 160, 186, 50, 143, 208, 253, 72, 215, 102, 89, 163, 109, 64, 210, 15, 115, 187, 167, 100, 135, 213, 91, 171, 170, 133, 89, 24, 117, 187, 67, 89, 87, 160, 238, 35, 239, 91, 212, 170, 85, 28, 42, 107, 98, 140, 114, 195, 26, 15, 51, 177, 158, 148, 95, 205, 209, 20, 103, 128, 158, 160, 21, 155, 219, 74, 126, 223, 215, 53, 185, 100, 76, 92, 197, 178, 171, 214, 251, 8, 150, 101, 146, 232, 129, 155, 162, 213, 93, 217, 134, 227, 2, 149, 49, 208, 145, 95, 24, 172, 31, 19, 232, 217, 73, 208, 182, 215, 252, 188, 15, 232, 78, 77, 47, 200, 227, 26, 116, 204, 87, 16, 12, 231, 17, 2, 75, 249, 146, 204, 80, 78, 104, 16, 255, 234, 139, 153, 185, 168, 145, 3, 254, 168, 115, 67, 248, 107, 85, 105, 128, 28, 142, 245, 65, 159, 33, 134, 75, 124, 47, 113, 183, 118, 119, 4, 225, 241, 218, 170, 25, 244, 166, 233, 138, 146, 135, 209, 131, 184, 125, 65, 74, 101, 243, 45, 136, 231, 12, 250, 164, 202, 79, 111, 104, 176, 104, 190, 129, 65, 45, 245, 109, 71, 110, 167, 149, 38, 101, 46, 87, 184, 245, 244, 249, 138, 218, 8, 94, 144, 212, 81, 214, 56, 20, 151, 162, 5, 16, 247, 205, 210, 216, 197, 38, 202, 170, 46, 93, 115, 118, 49, 86, 154, 101, 97, 33, 9, 181, 169, 176, 19, 150, 244, 216, 254, 111, 65, 81, 67, 50, 94, 116, 82, 254, 155, 217, 149, 198, 29, 198, 249, 119, 204, 214, 248, 86, 95, 226, 96, 80, 44, 136, 87, 75, 27, 104, 242, 187, 59, 47, 123, 158, 218, 19, 216, 220, 216, 69, 170, 35, 10, 103, 5, 49, 242, 42, 184, 132, 53, 58, 245, 38, 151, 138, 103, 144, 4, 208, 54, 139, 19, 108, 147, 110, 174, 221, 97, 221, 142, 1, 92, 122, 171, 155, 113, 149, 107, 29, 135, 92, 20, 194, 64, 15, 29, 174, 21, 36, 64, 74, 43, 78, 155, 227, 89, 64, 99, 218, 186, 56, 66, 236, 56, 27, 238, 117, 171, 1, 197, 88, 68, 0, 185, 173, 101, 217, 194, 138, 75, 81, 9, 221, 9, 3, 233, 252, 221, 255, 162, 93, 78, 216, 6, 18, 122, 33, 108, 131, 71, 209, 80, 214, 215, 114, 100, 179, 58, 190, 104, 221, 221, 183, 80, 136, 125, 129, 93, 170, 157, 112, 132, 44, 37, 250, 26, 249, 157, 117, 86, 242, 3, 108, 79, 147, 37, 203, 19, 23, 192, 51, 225, 59, 82, 203, 254, 53, 213, 25, 217, 176, 74, 57, 113, 245, 159, 58, 91, 139, 145, 220, 34, 126, 221, 117, 175, 52, 77, 44, 93, 20, 82, 138, 217, 50, 148, 217, 84, 34, 92, 219, 120, 160, 109, 142, 11, 69, 11, 194, 182, 160, 219, 61, 105, 213, 252, 195, 252, 3, 194, 232, 51, 118, 246, 240, 224, 30, 140, 50, 233, 243, 255, 149, 128, 10, 31, 89, 206, 223, 181, 46, 123, 201, 38, 6, 21, 241, 24, 29, 80, 9, 38, 218, 186, 11, 7, 244, 92, 143, 144, 243, 164, 147, 107, 135, 84, 219, 126, 251, 85, 121, 234, 63, 55, 144, 17, 3, 107, 131, 231, 250, 79, 218, 254, 2, 84, 94, 232, 98, 53, 237, 134, 201, 186, 183])) }, Message { version: TLSv1_2, payload: ApplicationData(Payload([150, 122, 131, 193, 166, 117, 201, 137, 10, 82, 199, 42, 53, 33, 93, 229, 46, 187, 133, 200, 145, 230, 229, 76, 119, 46, 122, 44, 156, 132, 34, 168, 226, 61, 250, 253, 209, 135, 223, 208, 210, 201, 79, 166, 102, 76, 197, 231, 59, 121, 70, 174, 144, 90, 198, 116, 102, 19, 225, 212, 204, 246, 228, 53, 89, 1, 226, 4, 130, 251, 125, 246, 17, 212, 217, 243, 193, 28, 75, 7, 46, 197, 49, 112, 5, 39, 233, 239, 75, 100, 115, 37, 150, 229, 29, 192, 238, 87, 245, 96, 146, 154, 211, 145, 245, 155, 70, 45, 50, 230, 18, 177, 213, 85, 14, 156, 237, 188, 88, 111, 64, 137, 131, 26, 249, 16, 74, 175, 108, 141, 103, 226, 155, 85, 239, 87, 109, 97, 46, 101, 38, 21, 127, 57, 173, 210, 118, 70, 197, 176, 148, 93, 25, 96, 190, 195, 105, 220, 113, 84, 15, 46, 1, 130, 94, 180, 1, 45, 206, 195, 133, 241, 160, 239, 81, 48, 245, 25, 126, 164, 10, 36, 80, 103, 225, 160, 26, 1, 179, 201, 151, 56, 69, 74, 62, 109, 87, 21, 4, 68, 84, 182, 64, 6, 198, 65, 56, 172, 89, 151, 244, 133, 66, 70, 87, 139, 207, 69, 53, 62, 187, 170, 64, 171, 169, 145, 46, 184, 135, 176, 0, 161, 224, 254, 101, 70, 2, 134, 204, 81, 236, 115, 40, 126, 230, 116, 32, 46, 14, 191, 154, 184, 196, 205, 2, 202, 93, 201, 150, 94, 173, 75, 112, 193, 13, 202, 251, 232, 119, 9, 139, 177, 141, 35, 79, 192, 85, 135, 247, 215, 198])) }, Message { version: TLSv1_2, payload: ApplicationData(Payload([214, 2, 137, 59, 5, 211, 38, 87, 122, 27, 16, 119, 179, 244, 53, 248, 124, 122, 117, 120, 224, 184, 70, 195, 186, 77, 129, 52, 140, 246, 35, 183, 120, 127, 235, 19, 184, 142, 144, 67, 57, 84, 162, 56, 150, 57, 199, 148, 160, 64, 228, 220, 80])) }] } }] } with query Query { source: Some(Agent(AgentName(0))), matcher: None, counter: 0 }
2026-04-22T14:06:05+02:00	Looking for variable KnowledgeStore { raw_knowledge: [RawKnowledge { source: Agent(AgentName(0)), step: Some(StepNumber { trace: 0, step: 0 }), matcher: None, associated_term: None, data: OpaqueMessageFlight { messages: [OpaqueMessage { typ: Handshake, version: TLSv1_2, payload: Payload([2, 0, 0, 183, 3, 3, 63, 148, 245, 191, 85, 230, 165, 49, 123, 136, 53, 52, 239, 236, 39, 162, 4, 175, 81, 216, 80, 60, 162, 59, 146, 98, 56, 55, 251, 172, 31, 22, 32, 3, 3, 3, 3, 3, 3, 3, 3, 3, 3, 3, 3, 3, 3, 3, 3, 3, 3, 3, 3, 3, 3, 3, 3, 3, 3, 3, 3, 3, 3, 3, 3, 19, 1, 0, 0, 111, 0, 51, 0, 101, 0, 24, 0, 97, 4, 102, 129, 187, 178, 183, 174, 0, 246, 178, 85, 2, 83, 76, 88, 187, 63, 10, 5, 89, 120, 46, 227, 165, 124, 209, 244, 47, 111, 216, 114, 177, 50, 25, 174, 49, 167, 209, 6, 238, 131, 8, 243, 188, 146, 212, 101, 210, 76, 240, 187, 240, 81, 150, 134, 134, 128, 140, 239, 1, 25, 250, 109, 167, 208, 212, 162, 255, 183, 122, 27, 194, 181, 242, 207, 188, 231, 40, 147, 183, 176, 193, 98, 190, 4, 151, 83, 146, 86, 69, 167, 224, 93, 120, 231, 91, 64, 0, 43, 0, 2, 3, 4]) }, OpaqueMessage { typ: ChangeCipherSpec, version: TLSv1_2, payload: Payload([1]) }, OpaqueMessage { typ: ApplicationData, version: TLSv1_2, payload: Payload([61, 183, 220, 87, 136, 131, 175, 12, 246, 81, 229, 185, 94, 197, 61, 185, 136, 35, 0, 60, 157, 138, 149]) }, OpaqueMessage { typ: ApplicationData, version: TLSv1_2, payload: Payload([85, 202, 19, 94, 245, 164, 25, 115, 111, 147, 196, 57, 226, 5, 17, 137, 213, 117, 169, 95, 89, 58, 192, 117, 13, 18, 184, 173, 210, 30, 90, 219, 139, 132, 47, 214, 65, 167, 220, 241, 174, 127, 240, 138, 245, 1, 231, 141, 95, 126, 97, 129, 167, 119, 38, 102, 214, 24, 46, 221, 220, 72, 248, 152, 241, 192, 52, 229, 80, 14, 156, 225, 235, 176, 132, 6, 179, 203, 90, 243, 232, 49, 37, 57, 219, 195, 105, 86, 219, 55, 90, 31, 112, 213, 220, 181, 234, 182, 1, 26, 53, 155, 66, 184, 205, 145, 237, 41, 188, 220, 86, 157, 253, 224, 199, 206, 227, 144, 125, 31, 200, 84, 187, 206, 149, 14, 166, 212, 0, 249, 214, 176, 56, 184, 10, 241, 127, 81, 140, 155, 20, 45, 169, 229, 140, 15, 213, 36, 161, 110, 105, 37, 247, 82, 195, 27, 90, 160, 183, 205, 178, 221, 155, 47, 210, 217, 106, 10, 97, 38, 39, 59, 25, 175, 130, 236, 35, 131, 132, 167, 198, 52, 124, 90, 135, 235, 165, 112, 245, 91, 197, 91, 90, 214, 34, 251, 99, 40, 46, 222, 5, 52, 91, 148, 201, 4, 28, 238, 173, 193, 204, 115, 191, 167, 208, 121, 16, 152, 100, 116, 119, 123, 15, 189, 67, 6, 196, 214, 37, 22, 99, 11, 183, 6, 59, 235, 230, 197, 243, 240, 169, 47, 164, 20, 84, 179, 215, 199, 144, 81, 230, 0, 10, 71, 233, 174, 163, 27, 114, 33, 82, 248, 194, 30, 251, 160, 186, 50, 143, 208, 253, 72, 215, 102, 89, 163, 109, 64, 210, 15, 115, 187, 167, 100, 135, 213, 91, 171, 170, 133, 89, 24, 117, 187, 67, 89, 87, 160, 238, 35, 239, 91, 212, 170, 85, 28, 42, 107, 98, 140, 114, 195, 26, 15, 51, 177, 158, 148, 95, 205, 209, 20, 103, 128, 158, 160, 21, 155, 219, 74, 126, 223, 215, 53, 185, 100, 76, 92, 197, 178, 171, 214, 251, 8, 150, 101, 146, 232, 129, 155, 162, 213, 93, 217, 134, 227, 2, 149, 49, 208, 145, 95, 24, 172, 31, 19, 232, 217, 73, 208, 182, 215, 252, 188, 15, 232, 78, 77, 47, 200, 227, 26, 116, 204, 87, 16, 12, 231, 17, 2, 75, 249, 146, 204, 80, 78, 104, 16, 255, 234, 139, 153, 185, 168, 145, 3, 254, 168, 115, 67, 248, 107, 85, 105, 128, 28, 142, 245, 65, 159, 33, 134, 75, 124, 47, 113, 183, 118, 119, 4, 225, 241, 218, 170, 25, 244, 166, 233, 138, 146, 135, 209, 131, 184, 125, 65, 74, 101, 243, 45, 136, 231, 12, 250, 164, 202, 79, 111, 104, 176, 104, 190, 129, 65, 45, 245, 109, 71, 110, 167, 149, 38, 101, 46, 87, 184, 245, 244, 249, 138, 218, 8, 94, 144, 212, 81, 214, 56, 20, 151, 162, 5, 16, 247, 205, 210, 216, 197, 38, 202, 170, 46, 93, 115, 118, 49, 86, 154, 101, 97, 33, 9, 181, 169, 176, 19, 150, 244, 216, 254, 111, 65, 81, 67, 50, 94, 116, 82, 254, 155, 217, 149, 198, 29, 198, 249, 119, 204, 214, 248, 86, 95, 226, 96, 80, 44, 136, 87, 75, 27, 104, 242, 187, 59, 47, 123, 158, 218, 19, 216, 220, 216, 69, 170, 35, 10, 103, 5, 49, 242, 42, 184, 132, 53, 58, 245, 38, 151, 138, 103, 144, 4, 208, 54, 139, 19, 108, 147, 110, 174, 221, 97, 221, 142, 1, 92, 122, 171, 155, 113, 149, 107, 29, 135, 92, 20, 194, 64, 15, 29, 174, 21, 36, 64, 74, 43, 78, 155, 227, 89, 64, 99, 218, 186, 56, 66, 236, 56, 27, 238, 117, 171, 1, 197, 88, 68, 0, 185, 173, 101, 217, 194, 138, 75, 81, 9, 221, 9, 3, 233, 252, 221, 255, 162, 93, 78, 216, 6, 18, 122, 33, 108, 131, 71, 209, 80, 214, 215, 114, 100, 179, 58, 190, 104, 221, 221, 183, 80, 136, 125, 129, 93, 170, 157, 112, 132, 44, 37, 250, 26, 249, 157, 117, 86, 242, 3, 108, 79, 147, 37, 203, 19, 23, 192, 51, 225, 59, 82, 203, 254, 53, 213, 25, 217, 176, 74, 57, 113, 245, 159, 58, 91, 139, 145, 220, 34, 126, 221, 117, 175, 52, 77, 44, 93, 20, 82, 138, 217, 50, 148, 217, 84, 34, 92, 219, 120, 160, 109, 142, 11, 69, 11, 194, 182, 160, 219, 61, 105, 213, 252, 195, 252, 3, 194, 232, 51, 118, 246, 240, 224, 30, 140, 50, 233, 243, 255, 149, 128, 10, 31, 89, 206, 223, 181, 46, 123, 201, 38, 6, 21, 241, 24, 29, 80, 9, 38, 218, 186, 11, 7, 244, 92, 143, 144, 243, 164, 147, 107, 135, 84, 219, 126, 251, 85, 121, 234, 63, 55, 144, 17, 3, 107, 131, 231, 250, 79, 218, 254, 2, 84, 94, 232, 98, 53, 237, 134, 201, 186, 183]) }, OpaqueMessage { typ: ApplicationData, version: TLSv1_2, payload: Payload([150, 122, 131, 193, 166, 117, 201, 137, 10, 82, 199, 42, 53, 33, 93, 229, 46, 187, 133, 200, 145, 230, 229, 76, 119, 46, 122, 44, 156, 132, 34, 168, 226, 61, 250, 253, 209, 135, 223, 208, 210, 201, 79, 166, 102, 76, 197, 231, 59, 121, 70, 174, 144, 90, 198, 116, 102, 19, 225, 212, 204, 246, 228, 53, 89, 1, 226, 4, 130, 251, 125, 246, 17, 212, 217, 243, 193, 28, 75, 7, 46, 197, 49, 112, 5, 39, 233, 239, 75, 100, 115, 37, 150, 229, 29, 192, 238, 87, 245, 96, 146, 154, 211, 145, 245, 155, 70, 45, 50, 230, 18, 177, 213, 85, 14, 156, 237, 188, 88, 111, 64, 137, 131, 26, 249, 16, 74, 175, 108, 141, 103, 226, 155, 85, 239, 87, 109, 97, 46, 101, 38, 21, 127, 57, 173, 210, 118, 70, 197, 176, 148, 93, 25, 96, 190, 195, 105, 220, 113, 84, 15, 46, 1, 130, 94, 180, 1, 45, 206, 195, 133, 241, 160, 239, 81, 48, 245, 25, 126, 164, 10, 36, 80, 103, 225, 160, 26, 1, 179, 201, 151, 56, 69, 74, 62, 109, 87, 21, 4, 68, 84, 182, 64, 6, 198, 65, 56, 172, 89, 151, 244, 133, 66, 70, 87, 139, 207, 69, 53, 62, 187, 170, 64, 171, 169, 145, 46, 184, 135, 176, 0, 161, 224, 254, 101, 70, 2, 134, 204, 81, 236, 115, 40, 126, 230, 116, 32, 46, 14, 191, 154, 184, 196, 205, 2, 202, 93, 201, 150, 94, 173, 75, 112, 193, 13, 202, 251, 232, 119, 9, 139, 177, 141, 35, 79, 192, 85, 135, 247, 215, 198]) }, OpaqueMessage { typ: ApplicationData, version: TLSv1_2, payload: Payload([214, 2, 137, 59, 5, 211, 38, 87, 122, 27, 16, 119, 179, 244, 53, 248, 124, 122, 117, 120, 224, 184, 70, 195, 186, 77, 129, 52, 140, 246, 35, 183, 120, 127, 235, 19, 184, 142, 144, 67, 57, 84, 162, 56, 150, 57, 199, 148, 160, 64, 228, 220, 80]) }] } }, RawKnowledge { source: Agent(AgentName(0)), step: Some(StepNumber { trace: 0, step: 0 }), matcher: None, associated_term: None, data: MessageFlight { messages: [Message { version: TLSv1_2, payload: Handshake(HandshakeMessagePayload { typ: ServerHello, payload: ServerHello(ServerHelloPayload { legacy_version: TLSv1_2, random: Random([63, 148, 245, 191, 85, 230, 165, 49, 123, 136, 53, 52, 239, 236, 39, 162, 4, 175, 81, 216, 80, 60, 162, 59, 146, 98, 56, 55, 251, 172, 31, 22]), session_id: SessionID([3, 3, 3, 3, 3, 3, 3, 3, 3, 3, 3, 3, 3, 3, 3, 3, 3, 3, 3, 3, 3, 3, 3, 3, 3, 3, 3, 3, 3, 3, 3, 3]), cipher_suite: TLS13_AES_128_GCM_SHA256, compression_method: Null, extensions: ServerExtensions([KeyShare(KeyShareEntry { group: secp384r1, payload: PayloadU16([4, 102, 129, 187, 178, 183, 174, 0, 246, 178, 85, 2, 83, 76, 88, 187, 63, 10, 5, 89, 120, 46, 227, 165, 124, 209, 244, 47, 111, 216, 114, 177, 50, 25, 174, 49, 167, 209, 6, 238, 131, 8, 243, 188, 146, 212, 101, 210, 76, 240, 187, 240, 81, 150, 134, 134, 128, 140, 239, 1, 25, 250, 109, 167, 208, 212, 162, 255, 183, 122, 27, 194, 181, 242, 207, 188, 231, 40, 147, 183, 176, 193, 98, 190, 4, 151, 83, 146, 86, 69, 167, 224, 93, 120, 231, 91, 64]) }), SupportedVersions(TLSv1_3)]) }) }) }, Message { version: TLSv1_2, payload: ChangeCipherSpec(ChangeCipherSpecPayload) }, Message { version: TLSv1_2, payload: ApplicationData(Payload([61, 183, 220, 87, 136, 131, 175, 12, 246, 81, 229, 185, 94, 197, 61, 185, 136, 35, 0, 60, 157, 138, 149])) }, Message { version: TLSv1_2, payload: ApplicationData(Payload([85, 202, 19, 94, 245, 164, 25, 115, 111, 147, 196, 57, 226, 5, 17, 137, 213, 117, 169, 95, 89, 58, 192, 117, 13, 18, 184, 173, 210, 30, 90, 219, 139, 132, 47, 214, 65, 167, 220, 241, 174, 127, 240, 138, 245, 1, 231, 141, 95, 126, 97, 129, 167, 119, 38, 102, 214, 24, 46, 221, 220, 72, 248, 152, 241, 192, 52, 229, 80, 14, 156, 225, 235, 176, 132, 6, 179, 203, 90, 243, 232, 49, 37, 57, 219, 195, 105, 86, 219, 55, 90, 31, 112, 213, 220, 181, 234, 182, 1, 26, 53, 155, 66, 184, 205, 145, 237, 41, 188, 220, 86, 157, 253, 224, 199, 206, 227, 144, 125, 31, 200, 84, 187, 206, 149, 14, 166, 212, 0, 249, 214, 176, 56, 184, 10, 241, 127, 81, 140, 155, 20, 45, 169, 229, 140, 15, 213, 36, 161, 110, 105, 37, 247, 82, 195, 27, 90, 160, 183, 205, 178, 221, 155, 47, 210, 217, 106, 10, 97, 38, 39, 59, 25, 175, 130, 236, 35, 131, 132, 167, 198, 52, 124, 90, 135, 235, 165, 112, 245, 91, 197, 91, 90, 214, 34, 251, 99, 40, 46, 222, 5, 52, 91, 148, 201, 4, 28, 238, 173, 193, 204, 115, 191, 167, 208, 121, 16, 152, 100, 116, 119, 123, 15, 189, 67, 6, 196, 214, 37, 22, 99, 11, 183, 6, 59, 235, 230, 197, 243, 240, 169, 47, 164, 20, 84, 179, 215, 199, 144, 81, 230, 0, 10, 71, 233, 174, 163, 27, 114, 33, 82, 248, 194, 30, 251, 160, 186, 50, 143, 208, 253, 72, 215, 102, 89, 163, 109, 64, 210, 15, 115, 187, 167, 100, 135, 213, 91, 171, 170, 133, 89, 24, 117, 187, 67, 89, 87, 160, 238, 35, 239, 91, 212, 170, 85, 28, 42, 107, 98, 140, 114, 195, 26, 15, 51, 177, 158, 148, 95, 205, 209, 20, 103, 128, 158, 160, 21, 155, 219, 74, 126, 223, 215, 53, 185, 100, 76, 92, 197, 178, 171, 214, 251, 8, 150, 101, 146, 232, 129, 155, 162, 213, 93, 217, 134, 227, 2, 149, 49, 208, 145, 95, 24, 172, 31, 19, 232, 217, 73, 208, 182, 215, 252, 188, 15, 232, 78, 77, 47, 200, 227, 26, 116, 204, 87, 16, 12, 231, 17, 2, 75, 249, 146, 204, 80, 78, 104, 16, 255, 234, 139, 153, 185, 168, 145, 3, 254, 168, 115, 67, 248, 107, 85, 105, 128, 28, 142, 245, 65, 159, 33, 134, 75, 124, 47, 113, 183, 118, 119, 4, 225, 241, 218, 170, 25, 244, 166, 233, 138, 146, 135, 209, 131, 184, 125, 65, 74, 101, 243, 45, 136, 231, 12, 250, 164, 202, 79, 111, 104, 176, 104, 190, 129, 65, 45, 245, 109, 71, 110, 167, 149, 38, 101, 46, 87, 184, 245, 244, 249, 138, 218, 8, 94, 144, 212, 81, 214, 56, 20, 151, 162, 5, 16, 247, 205, 210, 216, 197, 38, 202, 170, 46, 93, 115, 118, 49, 86, 154, 101, 97, 33, 9, 181, 169, 176, 19, 150, 244, 216, 254, 111, 65, 81, 67, 50, 94, 116, 82, 254, 155, 217, 149, 198, 29, 198, 249, 119, 204, 214, 248, 86, 95, 226, 96, 80, 44, 136, 87, 75, 27, 104, 242, 187, 59, 47, 123, 158, 218, 19, 216, 220, 216, 69, 170, 35, 10, 103, 5, 49, 242, 42, 184, 132, 53, 58, 245, 38, 151, 138, 103, 144, 4, 208, 54, 139, 19, 108, 147, 110, 174, 221, 97, 221, 142, 1, 92, 122, 171, 155, 113, 149, 107, 29, 135, 92, 20, 194, 64, 15, 29, 174, 21, 36, 64, 74, 43, 78, 155, 227, 89, 64, 99, 218, 186, 56, 66, 236, 56, 27, 238, 117, 171, 1, 197, 88, 68, 0, 185, 173, 101, 217, 194, 138, 75, 81, 9, 221, 9, 3, 233, 252, 221, 255, 162, 93, 78, 216, 6, 18, 122, 33, 108, 131, 71, 209, 80, 214, 215, 114, 100, 179, 58, 190, 104, 221, 221, 183, 80, 136, 125, 129, 93, 170, 157, 112, 132, 44, 37, 250, 26, 249, 157, 117, 86, 242, 3, 108, 79, 147, 37, 203, 19, 23, 192, 51, 225, 59, 82, 203, 254, 53, 213, 25, 217, 176, 74, 57, 113, 245, 159, 58, 91, 139, 145, 220, 34, 126, 221, 117, 175, 52, 77, 44, 93, 20, 82, 138, 217, 50, 148, 217, 84, 34, 92, 219, 120, 160, 109, 142, 11, 69, 11, 194, 182, 160, 219, 61, 105, 213, 252, 195, 252, 3, 194, 232, 51, 118, 246, 240, 224, 30, 140, 50, 233, 243, 255, 149, 128, 10, 31, 89, 206, 223, 181, 46, 123, 201, 38, 6, 21, 241, 24, 29, 80, 9, 38, 218, 186, 11, 7, 244, 92, 143, 144, 243, 164, 147, 107, 135, 84, 219, 126, 251, 85, 121, 234, 63, 55, 144, 17, 3, 107, 131, 231, 250, 79, 218, 254, 2, 84, 94, 232, 98, 53, 237, 134, 201, 186, 183])) }, Message { version: TLSv1_2, payload: ApplicationData(Payload([150, 122, 131, 193, 166, 117, 201, 137, 10, 82, 199, 42, 53, 33, 93, 229, 46, 187, 133, 200, 145, 230, 229, 76, 119, 46, 122, 44, 156, 132, 34, 168, 226, 61, 250, 253, 209, 135, 223, 208, 210, 201, 79, 166, 102, 76, 197, 231, 59, 121, 70, 174, 144, 90, 198, 116, 102, 19, 225, 212, 204, 246, 228, 53, 89, 1, 226, 4, 130, 251, 125, 246, 17, 212, 217, 243, 193, 28, 75, 7, 46, 197, 49, 112, 5, 39, 233, 239, 75, 100, 115, 37, 150, 229, 29, 192, 238, 87, 245, 96, 146, 154, 211, 145, 245, 155, 70, 45, 50, 230, 18, 177, 213, 85, 14, 156, 237, 188, 88, 111, 64, 137, 131, 26, 249, 16, 74, 175, 108, 141, 103, 226, 155, 85, 239, 87, 109, 97, 46, 101, 38, 21, 127, 57, 173, 210, 118, 70, 197, 176, 148, 93, 25, 96, 190, 195, 105, 220, 113, 84, 15, 46, 1, 130, 94, 180, 1, 45, 206, 195, 133, 241, 160, 239, 81, 48, 245, 25, 126, 164, 10, 36, 80, 103, 225, 160, 26, 1, 179, 201, 151, 56, 69, 74, 62, 109, 87, 21, 4, 68, 84, 182, 64, 6, 198, 65, 56, 172, 89, 151, 244, 133, 66, 70, 87, 139, 207, 69, 53, 62, 187, 170, 64, 171, 169, 145, 46, 184, 135, 176, 0, 161, 224, 254, 101, 70, 2, 134, 204, 81, 236, 115, 40, 126, 230, 116, 32, 46, 14, 191, 154, 184, 196, 205, 2, 202, 93, 201, 150, 94, 173, 75, 112, 193, 13, 202, 251, 232, 119, 9, 139, 177, 141, 35, 79, 192, 85, 135, 247, 215, 198])) }, Message { version: TLSv1_2, payload: ApplicationData(Payload([214, 2, 137, 59, 5, 211, 38, 87, 122, 27, 16, 119, 179, 244, 53, 248, 124, 122, 117, 120, 224, 184, 70, 195, 186, 77, 129, 52, 140, 246, 35, 183, 120, 127, 235, 19, 184, 142, 144, 67, 57, 84, 162, 56, 150, 57, 199, 148, 160, 64, 228, 220, 80])) }] } }] } with query_type_shape TypeShape { inner_type_id: TypeId(0xf679f590e56d96d3dcd7e8327a8ccc19), name: "alloc::vec::Vec<tlspuffin::tls::rustls::msgs::handshake::ServerExtension>", phantom: PhantomData<tlspuffin::protocol::TLSProtocolTypes> } and query Query { source: Some(Agent(AgentName(0))), matcher: None, counter: 0 }
2026-04-22T14:06:05+02:00	Extract atom: Random
2026-04-22T14:06:05+02:00	Extract atom: SessionID
2026-04-22T14:06:05+02:00	Extract atom: ServerExtension
2026-04-22T14:06:05+02:00	Extract atom: ServerExtension
2026-04-22T14:06:05+02:00	        / Variable evaluated into: [0, 51, 0, 101, 0, 24, 0, 97, 4, 102, 129, 187, 178, 183, 174, 0, 246, 178, 85, 2, 83, 76, 88, 187, 63, 10, 5, 89, 120, 46, 227, 165, 124, 209, 244, 47, 111, 216, 114, 177, 50, 25, 174, 49, 167, 209, 6, 238, 131, 8, 243, 188, 146, 212, 101, 210, 76, 240, 187, 240, 81, 150, 134, 134, 128, 140, 239, 1, 25, 250, 109, 167, 208, 212, 162, 255, 183, 122, 27, 194, 181, 242, 207, 188, 231, 40, 147, 183, 176, 193, 98, 190, 4, 151, 83, 146, 86, 69, 167, 224, 93, 120, 231, 91, 64, 0, 43, 0, 2, 3, 4]
2026-04-22T14:06:05+02:00	[eval_until_opaque] [Var] Did not add a payload for a leaf at path: [0, 0, 2, 0] and eval is: [0, 51, 0, 101, 0, 24, 0, 97, 4, 102, 129, 187, 178, 183, 174, 0, 246, 178, 85, 2, 83, 76, 88, 187, 63, 10, 5, 89, 120, 46, 227, 165, 124, 209, 244, 47, 111, 216, 114, 177, 50, 25, 174, 49, 167, 209, 6, 238, 131, 8, 243, 188, 146, 212, 101, 210, 76, 240, 187, 240, 81, 150, 134, 134, 128, 140, 239, 1, 25, 250, 109, 167, 208, 212, 162, 255, 183, 122, 27, 194, 181, 242, 207, 188, 231, 40, 147, 183, 176, 193, 98, 190, 4, 151, 83, 146, 86, 69, 167, 224, 93, 120, 231, 91, 64, 0, 43, 0, 2, 3, 4]
2026-04-22T14:06:05+02:00	  + Ending treating argument # 0 from path [0, 0, 2]...
2026-04-22T14:06:05+02:00	[eval_until_opaque] Now calling the function symbol tlspuffin::tls::fn_impl::fn_fields::fn_get_server_key_share implementation and then updating payloads...
2026-04-22T14:06:05+02:00	  + Ending treating argument # 2 from path [0, 0]...
2026-04-22T14:06:05+02:00	  + Treating argument # 3 from path [0, 0]...
2026-04-22T14:06:05+02:00	[eval_until_opaque] [START]: Eval term:
 fn_no_psk -> Vec<u8>>
2026-04-22T14:06:05+02:00	[eval_until_opaque] [App]: Application from path=[0, 0, 3]
2026-04-22T14:06:05+02:00	[eval_until_opaque] Now calling the function symbol tlspuffin::tls::fn_impl::fn_utils::fn_no_psk implementation and then updating payloads...
2026-04-22T14:06:05+02:00	  + Ending treating argument # 3 from path [0, 0]...
2026-04-22T14:06:05+02:00	  + Treating argument # 4 from path [0, 0]...
2026-04-22T14:06:05+02:00	[eval_until_opaque] [START]: Eval term:
 fn_named_group_secp384r1 -> NamedGroup
2026-04-22T14:06:05+02:00	[eval_until_opaque] [App]: Application from path=[0, 0, 4]
2026-04-22T14:06:05+02:00	[eval_until_opaque] Now calling the function symbol tlspuffin::tls::fn_impl::fn_utils::fn_named_group_secp384r1 implementation and then updating payloads...
2026-04-22T14:06:05+02:00	  + Ending treating argument # 4 from path [0, 0]...
2026-04-22T14:06:05+02:00	  + Treating argument # 5 from path [0, 0]...
2026-04-22T14:06:05+02:00	[eval_until_opaque] [START]: Eval term:
 fn_new_random -> Random
2026-04-22T14:06:05+02:00	[eval_until_opaque] [App]: Application from path=[0, 0, 5]
2026-04-22T14:06:05+02:00	[eval_until_opaque] Now calling the function symbol tlspuffin::tls::fn_impl::fn_fields::fn_new_random implementation and then updating payloads...
2026-04-22T14:06:05+02:00	  + Ending treating argument # 5 from path [0, 0]...
2026-04-22T14:06:05+02:00	  + Treating argument # 6 from path [0, 0]...
2026-04-22T14:06:05+02:00	[eval_until_opaque] [START]: Eval term:
 fn_cipher_suite13_aes_128_gcm_sha256 -> CipherSuite
2026-04-22T14:06:05+02:00	[eval_until_opaque] [App]: Application from path=[0, 0, 6]
2026-04-22T14:06:05+02:00	[eval_until_opaque] Now calling the function symbol tlspuffin::tls::fn_impl::fn_fields::fn_cipher_suite13_aes_128_gcm_sha256 implementation and then updating payloads...
2026-04-22T14:06:05+02:00	  + Ending treating argument # 6 from path [0, 0]...
2026-04-22T14:06:05+02:00	[eval_until_opaque] Now calling the function symbol tlspuffin::tls::fn_impl::fn_fields::fn_verify_data implementation and then updating payloads...
2026-04-22T14:06:05+02:00	  + Ending treating argument # 0 from path [0]...
2026-04-22T14:06:05+02:00	[eval_until_opaque] Now calling the function symbol tlspuffin::tls::fn_impl::fn_messages::fn_finished implementation and then updating payloads...
2026-04-22T14:06:05+02:00	  + Ending treating argument # 0 from path []...
2026-04-22T14:06:05+02:00	  + Treating argument # 1 from path []...
2026-04-22T14:06:05+02:00	[eval_until_opaque] [START]: Eval term:
 fn_server_hello_transcript(
	(Some(Agent(AgentName(0))), 0)[None]/TranscriptServerHello
) -> HandshakeHash
2026-04-22T14:06:05+02:00	[eval_until_opaque] [App]: Application from path=[1]
2026-04-22T14:06:05+02:00	  + Treating argument # 0 from path [1]...
2026-04-22T14:06:05+02:00	[eval_until_opaque] [START]: Eval term:
 (Some(Agent(AgentName(0))), 0)[None]/TranscriptServerHello
2026-04-22T14:06:05+02:00	Looking for variable in KnowledgeStore { raw_knowledge: [RawKnowledge { source: Agent(AgentName(0)), step: Some(StepNumber { trace: 0, step: 0 }), matcher: None, associated_term: None, data: OpaqueMessageFlight { messages: [OpaqueMessage { typ: Handshake, version: TLSv1_2, payload: Payload([2, 0, 0, 183, 3, 3, 63, 148, 245, 191, 85, 230, 165, 49, 123, 136, 53, 52, 239, 236, 39, 162, 4, 175, 81, 216, 80, 60, 162, 59, 146, 98, 56, 55, 251, 172, 31, 22, 32, 3, 3, 3, 3, 3, 3, 3, 3, 3, 3, 3, 3, 3, 3, 3, 3, 3, 3, 3, 3, 3, 3, 3, 3, 3, 3, 3, 3, 3, 3, 3, 3, 19, 1, 0, 0, 111, 0, 51, 0, 101, 0, 24, 0, 97, 4, 102, 129, 187, 178, 183, 174, 0, 246, 178, 85, 2, 83, 76, 88, 187, 63, 10, 5, 89, 120, 46, 227, 165, 124, 209, 244, 47, 111, 216, 114, 177, 50, 25, 174, 49, 167, 209, 6, 238, 131, 8, 243, 188, 146, 212, 101, 210, 76, 240, 187, 240, 81, 150, 134, 134, 128, 140, 239, 1, 25, 250, 109, 167, 208, 212, 162, 255, 183, 122, 27, 194, 181, 242, 207, 188, 231, 40, 147, 183, 176, 193, 98, 190, 4, 151, 83, 146, 86, 69, 167, 224, 93, 120, 231, 91, 64, 0, 43, 0, 2, 3, 4]) }, OpaqueMessage { typ: ChangeCipherSpec, version: TLSv1_2, payload: Payload([1]) }, OpaqueMessage { typ: ApplicationData, version: TLSv1_2, payload: Payload([61, 183, 220, 87, 136, 131, 175, 12, 246, 81, 229, 185, 94, 197, 61, 185, 136, 35, 0, 60, 157, 138, 149]) }, OpaqueMessage { typ: ApplicationData, version: TLSv1_2, payload: Payload([85, 202, 19, 94, 245, 164, 25, 115, 111, 147, 196, 57, 226, 5, 17, 137, 213, 117, 169, 95, 89, 58, 192, 117, 13, 18, 184, 173, 210, 30, 90, 219, 139, 132, 47, 214, 65, 167, 220, 241, 174, 127, 240, 138, 245, 1, 231, 141, 95, 126, 97, 129, 167, 119, 38, 102, 214, 24, 46, 221, 220, 72, 248, 152, 241, 192, 52, 229, 80, 14, 156, 225, 235, 176, 132, 6, 179, 203, 90, 243, 232, 49, 37, 57, 219, 195, 105, 86, 219, 55, 90, 31, 112, 213, 220, 181, 234, 182, 1, 26, 53, 155, 66, 184, 205, 145, 237, 41, 188, 220, 86, 157, 253, 224, 199, 206, 227, 144, 125, 31, 200, 84, 187, 206, 149, 14, 166, 212, 0, 249, 214, 176, 56, 184, 10, 241, 127, 81, 140, 155, 20, 45, 169, 229, 140, 15, 213, 36, 161, 110, 105, 37, 247, 82, 195, 27, 90, 160, 183, 205, 178, 221, 155, 47, 210, 217, 106, 10, 97, 38, 39, 59, 25, 175, 130, 236, 35, 131, 132, 167, 198, 52, 124, 90, 135, 235, 165, 112, 245, 91, 197, 91, 90, 214, 34, 251, 99, 40, 46, 222, 5, 52, 91, 148, 201, 4, 28, 238, 173, 193, 204, 115, 191, 167, 208, 121, 16, 152, 100, 116, 119, 123, 15, 189, 67, 6, 196, 214, 37, 22, 99, 11, 183, 6, 59, 235, 230, 197, 243, 240, 169, 47, 164, 20, 84, 179, 215, 199, 144, 81, 230, 0, 10, 71, 233, 174, 163, 27, 114, 33, 82, 248, 194, 30, 251, 160, 186, 50, 143, 208, 253, 72, 215, 102, 89, 163, 109, 64, 210, 15, 115, 187, 167, 100, 135, 213, 91, 171, 170, 133, 89, 24, 117, 187, 67, 89, 87, 160, 238, 35, 239, 91, 212, 170, 85, 28, 42, 107, 98, 140, 114, 195, 26, 15, 51, 177, 158, 148, 95, 205, 209, 20, 103, 128, 158, 160, 21, 155, 219, 74, 126, 223, 215, 53, 185, 100, 76, 92, 197, 178, 171, 214, 251, 8, 150, 101, 146, 232, 129, 155, 162, 213, 93, 217, 134, 227, 2, 149, 49, 208, 145, 95, 24, 172, 31, 19, 232, 217, 73, 208, 182, 215, 252, 188, 15, 232, 78, 77, 47, 200, 227, 26, 116, 204, 87, 16, 12, 231, 17, 2, 75, 249, 146, 204, 80, 78, 104, 16, 255, 234, 139, 153, 185, 168, 145, 3, 254, 168, 115, 67, 248, 107, 85, 105, 128, 28, 142, 245, 65, 159, 33, 134, 75, 124, 47, 113, 183, 118, 119, 4, 225, 241, 218, 170, 25, 244, 166, 233, 138, 146, 135, 209, 131, 184, 125, 65, 74, 101, 243, 45, 136, 231, 12, 250, 164, 202, 79, 111, 104, 176, 104, 190, 129, 65, 45, 245, 109, 71, 110, 167, 149, 38, 101, 46, 87, 184, 245, 244, 249, 138, 218, 8, 94, 144, 212, 81, 214, 56, 20, 151, 162, 5, 16, 247, 205, 210, 216, 197, 38, 202, 170, 46, 93, 115, 118, 49, 86, 154, 101, 97, 33, 9, 181, 169, 176, 19, 150, 244, 216, 254, 111, 65, 81, 67, 50, 94, 116, 82, 254, 155, 217, 149, 198, 29, 198, 249, 119, 204, 214, 248, 86, 95, 226, 96, 80, 44, 136, 87, 75, 27, 104, 242, 187, 59, 47, 123, 158, 218, 19, 216, 220, 216, 69, 170, 35, 10, 103, 5, 49, 242, 42, 184, 132, 53, 58, 245, 38, 151, 138, 103, 144, 4, 208, 54, 139, 19, 108, 147, 110, 174, 221, 97, 221, 142, 1, 92, 122, 171, 155, 113, 149, 107, 29, 135, 92, 20, 194, 64, 15, 29, 174, 21, 36, 64, 74, 43, 78, 155, 227, 89, 64, 99, 218, 186, 56, 66, 236, 56, 27, 238, 117, 171, 1, 197, 88, 68, 0, 185, 173, 101, 217, 194, 138, 75, 81, 9, 221, 9, 3, 233, 252, 221, 255, 162, 93, 78, 216, 6, 18, 122, 33, 108, 131, 71, 209, 80, 214, 215, 114, 100, 179, 58, 190, 104, 221, 221, 183, 80, 136, 125, 129, 93, 170, 157, 112, 132, 44, 37, 250, 26, 249, 157, 117, 86, 242, 3, 108, 79, 147, 37, 203, 19, 23, 192, 51, 225, 59, 82, 203, 254, 53, 213, 25, 217, 176, 74, 57, 113, 245, 159, 58, 91, 139, 145, 220, 34, 126, 221, 117, 175, 52, 77, 44, 93, 20, 82, 138, 217, 50, 148, 217, 84, 34, 92, 219, 120, 160, 109, 142, 11, 69, 11, 194, 182, 160, 219, 61, 105, 213, 252, 195, 252, 3, 194, 232, 51, 118, 246, 240, 224, 30, 140, 50, 233, 243, 255, 149, 128, 10, 31, 89, 206, 223, 181, 46, 123, 201, 38, 6, 21, 241, 24, 29, 80, 9, 38, 218, 186, 11, 7, 244, 92, 143, 144, 243, 164, 147, 107, 135, 84, 219, 126, 251, 85, 121, 234, 63, 55, 144, 17, 3, 107, 131, 231, 250, 79, 218, 254, 2, 84, 94, 232, 98, 53, 237, 134, 201, 186, 183]) }, OpaqueMessage { typ: ApplicationData, version: TLSv1_2, payload: Payload([150, 122, 131, 193, 166, 117, 201, 137, 10, 82, 199, 42, 53, 33, 93, 229, 46, 187, 133, 200, 145, 230, 229, 76, 119, 46, 122, 44, 156, 132, 34, 168, 226, 61, 250, 253, 209, 135, 223, 208, 210, 201, 79, 166, 102, 76, 197, 231, 59, 121, 70, 174, 144, 90, 198, 116, 102, 19, 225, 212, 204, 246, 228, 53, 89, 1, 226, 4, 130, 251, 125, 246, 17, 212, 217, 243, 193, 28, 75, 7, 46, 197, 49, 112, 5, 39, 233, 239, 75, 100, 115, 37, 150, 229, 29, 192, 238, 87, 245, 96, 146, 154, 211, 145, 245, 155, 70, 45, 50, 230, 18, 177, 213, 85, 14, 156, 237, 188, 88, 111, 64, 137, 131, 26, 249, 16, 74, 175, 108, 141, 103, 226, 155, 85, 239, 87, 109, 97, 46, 101, 38, 21, 127, 57, 173, 210, 118, 70, 197, 176, 148, 93, 25, 96, 190, 195, 105, 220, 113, 84, 15, 46, 1, 130, 94, 180, 1, 45, 206, 195, 133, 241, 160, 239, 81, 48, 245, 25, 126, 164, 10, 36, 80, 103, 225, 160, 26, 1, 179, 201, 151, 56, 69, 74, 62, 109, 87, 21, 4, 68, 84, 182, 64, 6, 198, 65, 56, 172, 89, 151, 244, 133, 66, 70, 87, 139, 207, 69, 53, 62, 187, 170, 64, 171, 169, 145, 46, 184, 135, 176, 0, 161, 224, 254, 101, 70, 2, 134, 204, 81, 236, 115, 40, 126, 230, 116, 32, 46, 14, 191, 154, 184, 196, 205, 2, 202, 93, 201, 150, 94, 173, 75, 112, 193, 13, 202, 251, 232, 119, 9, 139, 177, 141, 35, 79, 192, 85, 135, 247, 215, 198]) }, OpaqueMessage { typ: ApplicationData, version: TLSv1_2, payload: Payload([214, 2, 137, 59, 5, 211, 38, 87, 122, 27, 16, 119, 179, 244, 53, 248, 124, 122, 117, 120, 224, 184, 70, 195, 186, 77, 129, 52, 140, 246, 35, 183, 120, 127, 235, 19, 184, 142, 144, 67, 57, 84, 162, 56, 150, 57, 199, 148, 160, 64, 228, 220, 80]) }] } }, RawKnowledge { source: Agent(AgentName(0)), step: Some(StepNumber { trace: 0, step: 0 }), matcher: None, associated_term: None, data: MessageFlight { messages: [Message { version: TLSv1_2, payload: Handshake(HandshakeMessagePayload { typ: ServerHello, payload: ServerHello(ServerHelloPayload { legacy_version: TLSv1_2, random: Random([63, 148, 245, 191, 85, 230, 165, 49, 123, 136, 53, 52, 239, 236, 39, 162, 4, 175, 81, 216, 80, 60, 162, 59, 146, 98, 56, 55, 251, 172, 31, 22]), session_id: SessionID([3, 3, 3, 3, 3, 3, 3, 3, 3, 3, 3, 3, 3, 3, 3, 3, 3, 3, 3, 3, 3, 3, 3, 3, 3, 3, 3, 3, 3, 3, 3, 3]), cipher_suite: TLS13_AES_128_GCM_SHA256, compression_method: Null, extensions: ServerExtensions([KeyShare(KeyShareEntry { group: secp384r1, payload: PayloadU16([4, 102, 129, 187, 178, 183, 174, 0, 246, 178, 85, 2, 83, 76, 88, 187, 63, 10, 5, 89, 120, 46, 227, 165, 124, 209, 244, 47, 111, 216, 114, 177, 50, 25, 174, 49, 167, 209, 6, 238, 131, 8, 243, 188, 146, 212, 101, 210, 76, 240, 187, 240, 81, 150, 134, 134, 128, 140, 239, 1, 25, 250, 109, 167, 208, 212, 162, 255, 183, 122, 27, 194, 181, 242, 207, 188, 231, 40, 147, 183, 176, 193, 98, 190, 4, 151, 83, 146, 86, 69, 167, 224, 93, 120, 231, 91, 64]) }), SupportedVersions(TLSv1_3)]) }) }) }, Message { version: TLSv1_2, payload: ChangeCipherSpec(ChangeCipherSpecPayload) }, Message { version: TLSv1_2, payload: ApplicationData(Payload([61, 183, 220, 87, 136, 131, 175, 12, 246, 81, 229, 185, 94, 197, 61, 185, 136, 35, 0, 60, 157, 138, 149])) }, Message { version: TLSv1_2, payload: ApplicationData(Payload([85, 202, 19, 94, 245, 164, 25, 115, 111, 147, 196, 57, 226, 5, 17, 137, 213, 117, 169, 95, 89, 58, 192, 117, 13, 18, 184, 173, 210, 30, 90, 219, 139, 132, 47, 214, 65, 167, 220, 241, 174, 127, 240, 138, 245, 1, 231, 141, 95, 126, 97, 129, 167, 119, 38, 102, 214, 24, 46, 221, 220, 72, 248, 152, 241, 192, 52, 229, 80, 14, 156, 225, 235, 176, 132, 6, 179, 203, 90, 243, 232, 49, 37, 57, 219, 195, 105, 86, 219, 55, 90, 31, 112, 213, 220, 181, 234, 182, 1, 26, 53, 155, 66, 184, 205, 145, 237, 41, 188, 220, 86, 157, 253, 224, 199, 206, 227, 144, 125, 31, 200, 84, 187, 206, 149, 14, 166, 212, 0, 249, 214, 176, 56, 184, 10, 241, 127, 81, 140, 155, 20, 45, 169, 229, 140, 15, 213, 36, 161, 110, 105, 37, 247, 82, 195, 27, 90, 160, 183, 205, 178, 221, 155, 47, 210, 217, 106, 10, 97, 38, 39, 59, 25, 175, 130, 236, 35, 131, 132, 167, 198, 52, 124, 90, 135, 235, 165, 112, 245, 91, 197, 91, 90, 214, 34, 251, 99, 40, 46, 222, 5, 52, 91, 148, 201, 4, 28, 238, 173, 193, 204, 115, 191, 167, 208, 121, 16, 152, 100, 116, 119, 123, 15, 189, 67, 6, 196, 214, 37, 22, 99, 11, 183, 6, 59, 235, 230, 197, 243, 240, 169, 47, 164, 20, 84, 179, 215, 199, 144, 81, 230, 0, 10, 71, 233, 174, 163, 27, 114, 33, 82, 248, 194, 30, 251, 160, 186, 50, 143, 208, 253, 72, 215, 102, 89, 163, 109, 64, 210, 15, 115, 187, 167, 100, 135, 213, 91, 171, 170, 133, 89, 24, 117, 187, 67, 89, 87, 160, 238, 35, 239, 91, 212, 170, 85, 28, 42, 107, 98, 140, 114, 195, 26, 15, 51, 177, 158, 148, 95, 205, 209, 20, 103, 128, 158, 160, 21, 155, 219, 74, 126, 223, 215, 53, 185, 100, 76, 92, 197, 178, 171, 214, 251, 8, 150, 101, 146, 232, 129, 155, 162, 213, 93, 217, 134, 227, 2, 149, 49, 208, 145, 95, 24, 172, 31, 19, 232, 217, 73, 208, 182, 215, 252, 188, 15, 232, 78, 77, 47, 200, 227, 26, 116, 204, 87, 16, 12, 231, 17, 2, 75, 249, 146, 204, 80, 78, 104, 16, 255, 234, 139, 153, 185, 168, 145, 3, 254, 168, 115, 67, 248, 107, 85, 105, 128, 28, 142, 245, 65, 159, 33, 134, 75, 124, 47, 113, 183, 118, 119, 4, 225, 241, 218, 170, 25, 244, 166, 233, 138, 146, 135, 209, 131, 184, 125, 65, 74, 101, 243, 45, 136, 231, 12, 250, 164, 202, 79, 111, 104, 176, 104, 190, 129, 65, 45, 245, 109, 71, 110, 167, 149, 38, 101, 46, 87, 184, 245, 244, 249, 138, 218, 8, 94, 144, 212, 81, 214, 56, 20, 151, 162, 5, 16, 247, 205, 210, 216, 197, 38, 202, 170, 46, 93, 115, 118, 49, 86, 154, 101, 97, 33, 9, 181, 169, 176, 19, 150, 244, 216, 254, 111, 65, 81, 67, 50, 94, 116, 82, 254, 155, 217, 149, 198, 29, 198, 249, 119, 204, 214, 248, 86, 95, 226, 96, 80, 44, 136, 87, 75, 27, 104, 242, 187, 59, 47, 123, 158, 218, 19, 216, 220, 216, 69, 170, 35, 10, 103, 5, 49, 242, 42, 184, 132, 53, 58, 245, 38, 151, 138, 103, 144, 4, 208, 54, 139, 19, 108, 147, 110, 174, 221, 97, 221, 142, 1, 92, 122, 171, 155, 113, 149, 107, 29, 135, 92, 20, 194, 64, 15, 29, 174, 21, 36, 64, 74, 43, 78, 155, 227, 89, 64, 99, 218, 186, 56, 66, 236, 56, 27, 238, 117, 171, 1, 197, 88, 68, 0, 185, 173, 101, 217, 194, 138, 75, 81, 9, 221, 9, 3, 233, 252, 221, 255, 162, 93, 78, 216, 6, 18, 122, 33, 108, 131, 71, 209, 80, 214, 215, 114, 100, 179, 58, 190, 104, 221, 221, 183, 80, 136, 125, 129, 93, 170, 157, 112, 132, 44, 37, 250, 26, 249, 157, 117, 86, 242, 3, 108, 79, 147, 37, 203, 19, 23, 192, 51, 225, 59, 82, 203, 254, 53, 213, 25, 217, 176, 74, 57, 113, 245, 159, 58, 91, 139, 145, 220, 34, 126, 221, 117, 175, 52, 77, 44, 93, 20, 82, 138, 217, 50, 148, 217, 84, 34, 92, 219, 120, 160, 109, 142, 11, 69, 11, 194, 182, 160, 219, 61, 105, 213, 252, 195, 252, 3, 194, 232, 51, 118, 246, 240, 224, 30, 140, 50, 233, 243, 255, 149, 128, 10, 31, 89, 206, 223, 181, 46, 123, 201, 38, 6, 21, 241, 24, 29, 80, 9, 38, 218, 186, 11, 7, 244, 92, 143, 144, 243, 164, 147, 107, 135, 84, 219, 126, 251, 85, 121, 234, 63, 55, 144, 17, 3, 107, 131, 231, 250, 79, 218, 254, 2, 84, 94, 232, 98, 53, 237, 134, 201, 186, 183])) }, Message { version: TLSv1_2, payload: ApplicationData(Payload([150, 122, 131, 193, 166, 117, 201, 137, 10, 82, 199, 42, 53, 33, 93, 229, 46, 187, 133, 200, 145, 230, 229, 76, 119, 46, 122, 44, 156, 132, 34, 168, 226, 61, 250, 253, 209, 135, 223, 208, 210, 201, 79, 166, 102, 76, 197, 231, 59, 121, 70, 174, 144, 90, 198, 116, 102, 19, 225, 212, 204, 246, 228, 53, 89, 1, 226, 4, 130, 251, 125, 246, 17, 212, 217, 243, 193, 28, 75, 7, 46, 197, 49, 112, 5, 39, 233, 239, 75, 100, 115, 37, 150, 229, 29, 192, 238, 87, 245, 96, 146, 154, 211, 145, 245, 155, 70, 45, 50, 230, 18, 177, 213, 85, 14, 156, 237, 188, 88, 111, 64, 137, 131, 26, 249, 16, 74, 175, 108, 141, 103, 226, 155, 85, 239, 87, 109, 97, 46, 101, 38, 21, 127, 57, 173, 210, 118, 70, 197, 176, 148, 93, 25, 96, 190, 195, 105, 220, 113, 84, 15, 46, 1, 130, 94, 180, 1, 45, 206, 195, 133, 241, 160, 239, 81, 48, 245, 25, 126, 164, 10, 36, 80, 103, 225, 160, 26, 1, 179, 201, 151, 56, 69, 74, 62, 109, 87, 21, 4, 68, 84, 182, 64, 6, 198, 65, 56, 172, 89, 151, 244, 133, 66, 70, 87, 139, 207, 69, 53, 62, 187, 170, 64, 171, 169, 145, 46, 184, 135, 176, 0, 161, 224, 254, 101, 70, 2, 134, 204, 81, 236, 115, 40, 126, 230, 116, 32, 46, 14, 191, 154, 184, 196, 205, 2, 202, 93, 201, 150, 94, 173, 75, 112, 193, 13, 202, 251, 232, 119, 9, 139, 177, 141, 35, 79, 192, 85, 135, 247, 215, 198])) }, Message { version: TLSv1_2, payload: ApplicationData(Payload([214, 2, 137, 59, 5, 211, 38, 87, 122, 27, 16, 119, 179, 244, 53, 248, 124, 122, 117, 120, 224, 184, 70, 195, 186, 77, 129, 52, 140, 246, 35, 183, 120, 127, 235, 19, 184, 142, 144, 67, 57, 84, 162, 56, 150, 57, 199, 148, 160, 64, 228, 220, 80])) }] } }] } with query Query { source: Some(Agent(AgentName(0))), matcher: None, counter: 0 }
2026-04-22T14:06:05+02:00	Looking for variable KnowledgeStore { raw_knowledge: [RawKnowledge { source: Agent(AgentName(0)), step: Some(StepNumber { trace: 0, step: 0 }), matcher: None, associated_term: None, data: OpaqueMessageFlight { messages: [OpaqueMessage { typ: Handshake, version: TLSv1_2, payload: Payload([2, 0, 0, 183, 3, 3, 63, 148, 245, 191, 85, 230, 165, 49, 123, 136, 53, 52, 239, 236, 39, 162, 4, 175, 81, 216, 80, 60, 162, 59, 146, 98, 56, 55, 251, 172, 31, 22, 32, 3, 3, 3, 3, 3, 3, 3, 3, 3, 3, 3, 3, 3, 3, 3, 3, 3, 3, 3, 3, 3, 3, 3, 3, 3, 3, 3, 3, 3, 3, 3, 3, 19, 1, 0, 0, 111, 0, 51, 0, 101, 0, 24, 0, 97, 4, 102, 129, 187, 178, 183, 174, 0, 246, 178, 85, 2, 83, 76, 88, 187, 63, 10, 5, 89, 120, 46, 227, 165, 124, 209, 244, 47, 111, 216, 114, 177, 50, 25, 174, 49, 167, 209, 6, 238, 131, 8, 243, 188, 146, 212, 101, 210, 76, 240, 187, 240, 81, 150, 134, 134, 128, 140, 239, 1, 25, 250, 109, 167, 208, 212, 162, 255, 183, 122, 27, 194, 181, 242, 207, 188, 231, 40, 147, 183, 176, 193, 98, 190, 4, 151, 83, 146, 86, 69, 167, 224, 93, 120, 231, 91, 64, 0, 43, 0, 2, 3, 4]) }, OpaqueMessage { typ: ChangeCipherSpec, version: TLSv1_2, payload: Payload([1]) }, OpaqueMessage { typ: ApplicationData, version: TLSv1_2, payload: Payload([61, 183, 220, 87, 136, 131, 175, 12, 246, 81, 229, 185, 94, 197, 61, 185, 136, 35, 0, 60, 157, 138, 149]) }, OpaqueMessage { typ: ApplicationData, version: TLSv1_2, payload: Payload([85, 202, 19, 94, 245, 164, 25, 115, 111, 147, 196, 57, 226, 5, 17, 137, 213, 117, 169, 95, 89, 58, 192, 117, 13, 18, 184, 173, 210, 30, 90, 219, 139, 132, 47, 214, 65, 167, 220, 241, 174, 127, 240, 138, 245, 1, 231, 141, 95, 126, 97, 129, 167, 119, 38, 102, 214, 24, 46, 221, 220, 72, 248, 152, 241, 192, 52, 229, 80, 14, 156, 225, 235, 176, 132, 6, 179, 203, 90, 243, 232, 49, 37, 57, 219, 195, 105, 86, 219, 55, 90, 31, 112, 213, 220, 181, 234, 182, 1, 26, 53, 155, 66, 184, 205, 145, 237, 41, 188, 220, 86, 157, 253, 224, 199, 206, 227, 144, 125, 31, 200, 84, 187, 206, 149, 14, 166, 212, 0, 249, 214, 176, 56, 184, 10, 241, 127, 81, 140, 155, 20, 45, 169, 229, 140, 15, 213, 36, 161, 110, 105, 37, 247, 82, 195, 27, 90, 160, 183, 205, 178, 221, 155, 47, 210, 217, 106, 10, 97, 38, 39, 59, 25, 175, 130, 236, 35, 131, 132, 167, 198, 52, 124, 90, 135, 235, 165, 112, 245, 91, 197, 91, 90, 214, 34, 251, 99, 40, 46, 222, 5, 52, 91, 148, 201, 4, 28, 238, 173, 193, 204, 115, 191, 167, 208, 121, 16, 152, 100, 116, 119, 123, 15, 189, 67, 6, 196, 214, 37, 22, 99, 11, 183, 6, 59, 235, 230, 197, 243, 240, 169, 47, 164, 20, 84, 179, 215, 199, 144, 81, 230, 0, 10, 71, 233, 174, 163, 27, 114, 33, 82, 248, 194, 30, 251, 160, 186, 50, 143, 208, 253, 72, 215, 102, 89, 163, 109, 64, 210, 15, 115, 187, 167, 100, 135, 213, 91, 171, 170, 133, 89, 24, 117, 187, 67, 89, 87, 160, 238, 35, 239, 91, 212, 170, 85, 28, 42, 107, 98, 140, 114, 195, 26, 15, 51, 177, 158, 148, 95, 205, 209, 20, 103, 128, 158, 160, 21, 155, 219, 74, 126, 223, 215, 53, 185, 100, 76, 92, 197, 178, 171, 214, 251, 8, 150, 101, 146, 232, 129, 155, 162, 213, 93, 217, 134, 227, 2, 149, 49, 208, 145, 95, 24, 172, 31, 19, 232, 217, 73, 208, 182, 215, 252, 188, 15, 232, 78, 77, 47, 200, 227, 26, 116, 204, 87, 16, 12, 231, 17, 2, 75, 249, 146, 204, 80, 78, 104, 16, 255, 234, 139, 153, 185, 168, 145, 3, 254, 168, 115, 67, 248, 107, 85, 105, 128, 28, 142, 245, 65, 159, 33, 134, 75, 124, 47, 113, 183, 118, 119, 4, 225, 241, 218, 170, 25, 244, 166, 233, 138, 146, 135, 209, 131, 184, 125, 65, 74, 101, 243, 45, 136, 231, 12, 250, 164, 202, 79, 111, 104, 176, 104, 190, 129, 65, 45, 245, 109, 71, 110, 167, 149, 38, 101, 46, 87, 184, 245, 244, 249, 138, 218, 8, 94, 144, 212, 81, 214, 56, 20, 151, 162, 5, 16, 247, 205, 210, 216, 197, 38, 202, 170, 46, 93, 115, 118, 49, 86, 154, 101, 97, 33, 9, 181, 169, 176, 19, 150, 244, 216, 254, 111, 65, 81, 67, 50, 94, 116, 82, 254, 155, 217, 149, 198, 29, 198, 249, 119, 204, 214, 248, 86, 95, 226, 96, 80, 44, 136, 87, 75, 27, 104, 242, 187, 59, 47, 123, 158, 218, 19, 216, 220, 216, 69, 170, 35, 10, 103, 5, 49, 242, 42, 184, 132, 53, 58, 245, 38, 151, 138, 103, 144, 4, 208, 54, 139, 19, 108, 147, 110, 174, 221, 97, 221, 142, 1, 92, 122, 171, 155, 113, 149, 107, 29, 135, 92, 20, 194, 64, 15, 29, 174, 21, 36, 64, 74, 43, 78, 155, 227, 89, 64, 99, 218, 186, 56, 66, 236, 56, 27, 238, 117, 171, 1, 197, 88, 68, 0, 185, 173, 101, 217, 194, 138, 75, 81, 9, 221, 9, 3, 233, 252, 221, 255, 162, 93, 78, 216, 6, 18, 122, 33, 108, 131, 71, 209, 80, 214, 215, 114, 100, 179, 58, 190, 104, 221, 221, 183, 80, 136, 125, 129, 93, 170, 157, 112, 132, 44, 37, 250, 26, 249, 157, 117, 86, 242, 3, 108, 79, 147, 37, 203, 19, 23, 192, 51, 225, 59, 82, 203, 254, 53, 213, 25, 217, 176, 74, 57, 113, 245, 159, 58, 91, 139, 145, 220, 34, 126, 221, 117, 175, 52, 77, 44, 93, 20, 82, 138, 217, 50, 148, 217, 84, 34, 92, 219, 120, 160, 109, 142, 11, 69, 11, 194, 182, 160, 219, 61, 105, 213, 252, 195, 252, 3, 194, 232, 51, 118, 246, 240, 224, 30, 140, 50, 233, 243, 255, 149, 128, 10, 31, 89, 206, 223, 181, 46, 123, 201, 38, 6, 21, 241, 24, 29, 80, 9, 38, 218, 186, 11, 7, 244, 92, 143, 144, 243, 164, 147, 107, 135, 84, 219, 126, 251, 85, 121, 234, 63, 55, 144, 17, 3, 107, 131, 231, 250, 79, 218, 254, 2, 84, 94, 232, 98, 53, 237, 134, 201, 186, 183]) }, OpaqueMessage { typ: ApplicationData, version: TLSv1_2, payload: Payload([150, 122, 131, 193, 166, 117, 201, 137, 10, 82, 199, 42, 53, 33, 93, 229, 46, 187, 133, 200, 145, 230, 229, 76, 119, 46, 122, 44, 156, 132, 34, 168, 226, 61, 250, 253, 209, 135, 223, 208, 210, 201, 79, 166, 102, 76, 197, 231, 59, 121, 70, 174, 144, 90, 198, 116, 102, 19, 225, 212, 204, 246, 228, 53, 89, 1, 226, 4, 130, 251, 125, 246, 17, 212, 217, 243, 193, 28, 75, 7, 46, 197, 49, 112, 5, 39, 233, 239, 75, 100, 115, 37, 150, 229, 29, 192, 238, 87, 245, 96, 146, 154, 211, 145, 245, 155, 70, 45, 50, 230, 18, 177, 213, 85, 14, 156, 237, 188, 88, 111, 64, 137, 131, 26, 249, 16, 74, 175, 108, 141, 103, 226, 155, 85, 239, 87, 109, 97, 46, 101, 38, 21, 127, 57, 173, 210, 118, 70, 197, 176, 148, 93, 25, 96, 190, 195, 105, 220, 113, 84, 15, 46, 1, 130, 94, 180, 1, 45, 206, 195, 133, 241, 160, 239, 81, 48, 245, 25, 126, 164, 10, 36, 80, 103, 225, 160, 26, 1, 179, 201, 151, 56, 69, 74, 62, 109, 87, 21, 4, 68, 84, 182, 64, 6, 198, 65, 56, 172, 89, 151, 244, 133, 66, 70, 87, 139, 207, 69, 53, 62, 187, 170, 64, 171, 169, 145, 46, 184, 135, 176, 0, 161, 224, 254, 101, 70, 2, 134, 204, 81, 236, 115, 40, 126, 230, 116, 32, 46, 14, 191, 154, 184, 196, 205, 2, 202, 93, 201, 150, 94, 173, 75, 112, 193, 13, 202, 251, 232, 119, 9, 139, 177, 141, 35, 79, 192, 85, 135, 247, 215, 198]) }, OpaqueMessage { typ: ApplicationData, version: TLSv1_2, payload: Payload([214, 2, 137, 59, 5, 211, 38, 87, 122, 27, 16, 119, 179, 244, 53, 248, 124, 122, 117, 120, 224, 184, 70, 195, 186, 77, 129, 52, 140, 246, 35, 183, 120, 127, 235, 19, 184, 142, 144, 67, 57, 84, 162, 56, 150, 57, 199, 148, 160, 64, 228, 220, 80]) }] } }, RawKnowledge { source: Agent(AgentName(0)), step: Some(StepNumber { trace: 0, step: 0 }), matcher: None, associated_term: None, data: MessageFlight { messages: [Message { version: TLSv1_2, payload: Handshake(HandshakeMessagePayload { typ: ServerHello, payload: ServerHello(ServerHelloPayload { legacy_version: TLSv1_2, random: Random([63, 148, 245, 191, 85, 230, 165, 49, 123, 136, 53, 52, 239, 236, 39, 162, 4, 175, 81, 216, 80, 60, 162, 59, 146, 98, 56, 55, 251, 172, 31, 22]), session_id: SessionID([3, 3, 3, 3, 3, 3, 3, 3, 3, 3, 3, 3, 3, 3, 3, 3, 3, 3, 3, 3, 3, 3, 3, 3, 3, 3, 3, 3, 3, 3, 3, 3]), cipher_suite: TLS13_AES_128_GCM_SHA256, compression_method: Null, extensions: ServerExtensions([KeyShare(KeyShareEntry { group: secp384r1, payload: PayloadU16([4, 102, 129, 187, 178, 183, 174, 0, 246, 178, 85, 2, 83, 76, 88, 187, 63, 10, 5, 89, 120, 46, 227, 165, 124, 209, 244, 47, 111, 216, 114, 177, 50, 25, 174, 49, 167, 209, 6, 238, 131, 8, 243, 188, 146, 212, 101, 210, 76, 240, 187, 240, 81, 150, 134, 134, 128, 140, 239, 1, 25, 250, 109, 167, 208, 212, 162, 255, 183, 122, 27, 194, 181, 242, 207, 188, 231, 40, 147, 183, 176, 193, 98, 190, 4, 151, 83, 146, 86, 69, 167, 224, 93, 120, 231, 91, 64]) }), SupportedVersions(TLSv1_3)]) }) }) }, Message { version: TLSv1_2, payload: ChangeCipherSpec(ChangeCipherSpecPayload) }, Message { version: TLSv1_2, payload: ApplicationData(Payload([61, 183, 220, 87, 136, 131, 175, 12, 246, 81, 229, 185, 94, 197, 61, 185, 136, 35, 0, 60, 157, 138, 149])) }, Message { version: TLSv1_2, payload: ApplicationData(Payload([85, 202, 19, 94, 245, 164, 25, 115, 111, 147, 196, 57, 226, 5, 17, 137, 213, 117, 169, 95, 89, 58, 192, 117, 13, 18, 184, 173, 210, 30, 90, 219, 139, 132, 47, 214, 65, 167, 220, 241, 174, 127, 240, 138, 245, 1, 231, 141, 95, 126, 97, 129, 167, 119, 38, 102, 214, 24, 46, 221, 220, 72, 248, 152, 241, 192, 52, 229, 80, 14, 156, 225, 235, 176, 132, 6, 179, 203, 90, 243, 232, 49, 37, 57, 219, 195, 105, 86, 219, 55, 90, 31, 112, 213, 220, 181, 234, 182, 1, 26, 53, 155, 66, 184, 205, 145, 237, 41, 188, 220, 86, 157, 253, 224, 199, 206, 227, 144, 125, 31, 200, 84, 187, 206, 149, 14, 166, 212, 0, 249, 214, 176, 56, 184, 10, 241, 127, 81, 140, 155, 20, 45, 169, 229, 140, 15, 213, 36, 161, 110, 105, 37, 247, 82, 195, 27, 90, 160, 183, 205, 178, 221, 155, 47, 210, 217, 106, 10, 97, 38, 39, 59, 25, 175, 130, 236, 35, 131, 132, 167, 198, 52, 124, 90, 135, 235, 165, 112, 245, 91, 197, 91, 90, 214, 34, 251, 99, 40, 46, 222, 5, 52, 91, 148, 201, 4, 28, 238, 173, 193, 204, 115, 191, 167, 208, 121, 16, 152, 100, 116, 119, 123, 15, 189, 67, 6, 196, 214, 37, 22, 99, 11, 183, 6, 59, 235, 230, 197, 243, 240, 169, 47, 164, 20, 84, 179, 215, 199, 144, 81, 230, 0, 10, 71, 233, 174, 163, 27, 114, 33, 82, 248, 194, 30, 251, 160, 186, 50, 143, 208, 253, 72, 215, 102, 89, 163, 109, 64, 210, 15, 115, 187, 167, 100, 135, 213, 91, 171, 170, 133, 89, 24, 117, 187, 67, 89, 87, 160, 238, 35, 239, 91, 212, 170, 85, 28, 42, 107, 98, 140, 114, 195, 26, 15, 51, 177, 158, 148, 95, 205, 209, 20, 103, 128, 158, 160, 21, 155, 219, 74, 126, 223, 215, 53, 185, 100, 76, 92, 197, 178, 171, 214, 251, 8, 150, 101, 146, 232, 129, 155, 162, 213, 93, 217, 134, 227, 2, 149, 49, 208, 145, 95, 24, 172, 31, 19, 232, 217, 73, 208, 182, 215, 252, 188, 15, 232, 78, 77, 47, 200, 227, 26, 116, 204, 87, 16, 12, 231, 17, 2, 75, 249, 146, 204, 80, 78, 104, 16, 255, 234, 139, 153, 185, 168, 145, 3, 254, 168, 115, 67, 248, 107, 85, 105, 128, 28, 142, 245, 65, 159, 33, 134, 75, 124, 47, 113, 183, 118, 119, 4, 225, 241, 218, 170, 25, 244, 166, 233, 138, 146, 135, 209, 131, 184, 125, 65, 74, 101, 243, 45, 136, 231, 12, 250, 164, 202, 79, 111, 104, 176, 104, 190, 129, 65, 45, 245, 109, 71, 110, 167, 149, 38, 101, 46, 87, 184, 245, 244, 249, 138, 218, 8, 94, 144, 212, 81, 214, 56, 20, 151, 162, 5, 16, 247, 205, 210, 216, 197, 38, 202, 170, 46, 93, 115, 118, 49, 86, 154, 101, 97, 33, 9, 181, 169, 176, 19, 150, 244, 216, 254, 111, 65, 81, 67, 50, 94, 116, 82, 254, 155, 217, 149, 198, 29, 198, 249, 119, 204, 214, 248, 86, 95, 226, 96, 80, 44, 136, 87, 75, 27, 104, 242, 187, 59, 47, 123, 158, 218, 19, 216, 220, 216, 69, 170, 35, 10, 103, 5, 49, 242, 42, 184, 132, 53, 58, 245, 38, 151, 138, 103, 144, 4, 208, 54, 139, 19, 108, 147, 110, 174, 221, 97, 221, 142, 1, 92, 122, 171, 155, 113, 149, 107, 29, 135, 92, 20, 194, 64, 15, 29, 174, 21, 36, 64, 74, 43, 78, 155, 227, 89, 64, 99, 218, 186, 56, 66, 236, 56, 27, 238, 117, 171, 1, 197, 88, 68, 0, 185, 173, 101, 217, 194, 138, 75, 81, 9, 221, 9, 3, 233, 252, 221, 255, 162, 93, 78, 216, 6, 18, 122, 33, 108, 131, 71, 209, 80, 214, 215, 114, 100, 179, 58, 190, 104, 221, 221, 183, 80, 136, 125, 129, 93, 170, 157, 112, 132, 44, 37, 250, 26, 249, 157, 117, 86, 242, 3, 108, 79, 147, 37, 203, 19, 23, 192, 51, 225, 59, 82, 203, 254, 53, 213, 25, 217, 176, 74, 57, 113, 245, 159, 58, 91, 139, 145, 220, 34, 126, 221, 117, 175, 52, 77, 44, 93, 20, 82, 138, 217, 50, 148, 217, 84, 34, 92, 219, 120, 160, 109, 142, 11, 69, 11, 194, 182, 160, 219, 61, 105, 213, 252, 195, 252, 3, 194, 232, 51, 118, 246, 240, 224, 30, 140, 50, 233, 243, 255, 149, 128, 10, 31, 89, 206, 223, 181, 46, 123, 201, 38, 6, 21, 241, 24, 29, 80, 9, 38, 218, 186, 11, 7, 244, 92, 143, 144, 243, 164, 147, 107, 135, 84, 219, 126, 251, 85, 121, 234, 63, 55, 144, 17, 3, 107, 131, 231, 250, 79, 218, 254, 2, 84, 94, 232, 98, 53, 237, 134, 201, 186, 183])) }, Message { version: TLSv1_2, payload: ApplicationData(Payload([150, 122, 131, 193, 166, 117, 201, 137, 10, 82, 199, 42, 53, 33, 93, 229, 46, 187, 133, 200, 145, 230, 229, 76, 119, 46, 122, 44, 156, 132, 34, 168, 226, 61, 250, 253, 209, 135, 223, 208, 210, 201, 79, 166, 102, 76, 197, 231, 59, 121, 70, 174, 144, 90, 198, 116, 102, 19, 225, 212, 204, 246, 228, 53, 89, 1, 226, 4, 130, 251, 125, 246, 17, 212, 217, 243, 193, 28, 75, 7, 46, 197, 49, 112, 5, 39, 233, 239, 75, 100, 115, 37, 150, 229, 29, 192, 238, 87, 245, 96, 146, 154, 211, 145, 245, 155, 70, 45, 50, 230, 18, 177, 213, 85, 14, 156, 237, 188, 88, 111, 64, 137, 131, 26, 249, 16, 74, 175, 108, 141, 103, 226, 155, 85, 239, 87, 109, 97, 46, 101, 38, 21, 127, 57, 173, 210, 118, 70, 197, 176, 148, 93, 25, 96, 190, 195, 105, 220, 113, 84, 15, 46, 1, 130, 94, 180, 1, 45, 206, 195, 133, 241, 160, 239, 81, 48, 245, 25, 126, 164, 10, 36, 80, 103, 225, 160, 26, 1, 179, 201, 151, 56, 69, 74, 62, 109, 87, 21, 4, 68, 84, 182, 64, 6, 198, 65, 56, 172, 89, 151, 244, 133, 66, 70, 87, 139, 207, 69, 53, 62, 187, 170, 64, 171, 169, 145, 46, 184, 135, 176, 0, 161, 224, 254, 101, 70, 2, 134, 204, 81, 236, 115, 40, 126, 230, 116, 32, 46, 14, 191, 154, 184, 196, 205, 2, 202, 93, 201, 150, 94, 173, 75, 112, 193, 13, 202, 251, 232, 119, 9, 139, 177, 141, 35, 79, 192, 85, 135, 247, 215, 198])) }, Message { version: TLSv1_2, payload: ApplicationData(Payload([214, 2, 137, 59, 5, 211, 38, 87, 122, 27, 16, 119, 179, 244, 53, 248, 124, 122, 117, 120, 224, 184, 70, 195, 186, 77, 129, 52, 140, 246, 35, 183, 120, 127, 235, 19, 184, 142, 144, 67, 57, 84, 162, 56, 150, 57, 199, 148, 160, 64, 228, 220, 80])) }] } }] } with query_type_shape TypeShape { inner_type_id: TypeId(0xea2f31b72807dda8ae84a773e84ad164), name: "tlspuffin::claims::TranscriptServerHello", phantom: PhantomData<tlspuffin::protocol::TLSProtocolTypes> } and query Query { source: Some(Agent(AgentName(0))), matcher: None, counter: 0 }
2026-04-22T14:06:05+02:00	Extract atom: Random
2026-04-22T14:06:05+02:00	Extract atom: SessionID
2026-04-22T14:06:05+02:00	Extract atom: ServerExtension
2026-04-22T14:06:05+02:00	Extract atom: ServerExtension
2026-04-22T14:06:05+02:00	        / Variable evaluated into: [32, 57, 224, 88, 144, 7, 34, 64, 171, 15, 95, 255, 82, 183, 68, 150, 28, 126, 203, 252, 146, 88, 66, 191, 29, 69, 122, 143, 99, 11, 242, 179, 226]
2026-04-22T14:06:05+02:00	[eval_until_opaque] [Var] Did not add a payload for a leaf at path: [1, 0] and eval is: [32, 57, 224, 88, 144, 7, 34, 64, 171, 15, 95, 255, 82, 183, 68, 150, 28, 126, 203, 252, 146, 88, 66, 191, 29, 69, 122, 143, 99, 11, 242, 179, 226]
2026-04-22T14:06:05+02:00	  + Ending treating argument # 0 from path [1]...
2026-04-22T14:06:05+02:00	[eval_until_opaque] Now calling the function symbol tlspuffin::tls::fn_impl::fn_transcript::fn_server_hello_transcript implementation and then updating payloads...
2026-04-22T14:06:05+02:00	TranscriptServerHello.as_slice: TranscriptServerHello(TlsTranscript([57, 224, 88, 144, 7, 34, 64, 171, 15, 95, 255, 82, 183, 68, 150, 28, 126, 203, 252, 146, 88, 66, 191, 29, 69, 122, 143, 99, 11, 242, 179, 226, 0, 0, 0, 0, 0, 0, 0, 0, 0, 0, 0, 0, 0, 0, 0, 0, 0, 0, 0, 0, 0, 0, 0, 0, 0, 0, 0, 0, 0, 0, 0, 0], 32))
2026-04-22T14:06:05+02:00	  + Ending treating argument # 1 from path []...
2026-04-22T14:06:05+02:00	  + Treating argument # 2 from path []...
2026-04-22T14:06:05+02:00	[eval_until_opaque] [START]: Eval term:
 fn_get_server_key_share(
	(Some(Agent(AgentName(0))), 0)[None]/Vec<ServerExtension>
) -> Vec<u8>>
2026-04-22T14:06:05+02:00	[eval_until_opaque] [App]: Application from path=[2]
2026-04-22T14:06:05+02:00	  + Treating argument # 0 from path [2]...
2026-04-22T14:06:05+02:00	[eval_until_opaque] [START]: Eval term:
 (Some(Agent(AgentName(0))), 0)[None]/Vec<ServerExtension>
2026-04-22T14:06:05+02:00	Looking for variable in KnowledgeStore { raw_knowledge: [RawKnowledge { source: Agent(AgentName(0)), step: Some(StepNumber { trace: 0, step: 0 }), matcher: None, associated_term: None, data: OpaqueMessageFlight { messages: [OpaqueMessage { typ: Handshake, version: TLSv1_2, payload: Payload([2, 0, 0, 183, 3, 3, 63, 148, 245, 191, 85, 230, 165, 49, 123, 136, 53, 52, 239, 236, 39, 162, 4, 175, 81, 216, 80, 60, 162, 59, 146, 98, 56, 55, 251, 172, 31, 22, 32, 3, 3, 3, 3, 3, 3, 3, 3, 3, 3, 3, 3, 3, 3, 3, 3, 3, 3, 3, 3, 3, 3, 3, 3, 3, 3, 3, 3, 3, 3, 3, 3, 19, 1, 0, 0, 111, 0, 51, 0, 101, 0, 24, 0, 97, 4, 102, 129, 187, 178, 183, 174, 0, 246, 178, 85, 2, 83, 76, 88, 187, 63, 10, 5, 89, 120, 46, 227, 165, 124, 209, 244, 47, 111, 216, 114, 177, 50, 25, 174, 49, 167, 209, 6, 238, 131, 8, 243, 188, 146, 212, 101, 210, 76, 240, 187, 240, 81, 150, 134, 134, 128, 140, 239, 1, 25, 250, 109, 167, 208, 212, 162, 255, 183, 122, 27, 194, 181, 242, 207, 188, 231, 40, 147, 183, 176, 193, 98, 190, 4, 151, 83, 146, 86, 69, 167, 224, 93, 120, 231, 91, 64, 0, 43, 0, 2, 3, 4]) }, OpaqueMessage { typ: ChangeCipherSpec, version: TLSv1_2, payload: Payload([1]) }, OpaqueMessage { typ: ApplicationData, version: TLSv1_2, payload: Payload([61, 183, 220, 87, 136, 131, 175, 12, 246, 81, 229, 185, 94, 197, 61, 185, 136, 35, 0, 60, 157, 138, 149]) }, OpaqueMessage { typ: ApplicationData, version: TLSv1_2, payload: Payload([85, 202, 19, 94, 245, 164, 25, 115, 111, 147, 196, 57, 226, 5, 17, 137, 213, 117, 169, 95, 89, 58, 192, 117, 13, 18, 184, 173, 210, 30, 90, 219, 139, 132, 47, 214, 65, 167, 220, 241, 174, 127, 240, 138, 245, 1, 231, 141, 95, 126, 97, 129, 167, 119, 38, 102, 214, 24, 46, 221, 220, 72, 248, 152, 241, 192, 52, 229, 80, 14, 156, 225, 235, 176, 132, 6, 179, 203, 90, 243, 232, 49, 37, 57, 219, 195, 105, 86, 219, 55, 90, 31, 112, 213, 220, 181, 234, 182, 1, 26, 53, 155, 66, 184, 205, 145, 237, 41, 188, 220, 86, 157, 253, 224, 199, 206, 227, 144, 125, 31, 200, 84, 187, 206, 149, 14, 166, 212, 0, 249, 214, 176, 56, 184, 10, 241, 127, 81, 140, 155, 20, 45, 169, 229, 140, 15, 213, 36, 161, 110, 105, 37, 247, 82, 195, 27, 90, 160, 183, 205, 178, 221, 155, 47, 210, 217, 106, 10, 97, 38, 39, 59, 25, 175, 130, 236, 35, 131, 132, 167, 198, 52, 124, 90, 135, 235, 165, 112, 245, 91, 197, 91, 90, 214, 34, 251, 99, 40, 46, 222, 5, 52, 91, 148, 201, 4, 28, 238, 173, 193, 204, 115, 191, 167, 208, 121, 16, 152, 100, 116, 119, 123, 15, 189, 67, 6, 196, 214, 37, 22, 99, 11, 183, 6, 59, 235, 230, 197, 243, 240, 169, 47, 164, 20, 84, 179, 215, 199, 144, 81, 230, 0, 10, 71, 233, 174, 163, 27, 114, 33, 82, 248, 194, 30, 251, 160, 186, 50, 143, 208, 253, 72, 215, 102, 89, 163, 109, 64, 210, 15, 115, 187, 167, 100, 135, 213, 91, 171, 170, 133, 89, 24, 117, 187, 67, 89, 87, 160, 238, 35, 239, 91, 212, 170, 85, 28, 42, 107, 98, 140, 114, 195, 26, 15, 51, 177, 158, 148, 95, 205, 209, 20, 103, 128, 158, 160, 21, 155, 219, 74, 126, 223, 215, 53, 185, 100, 76, 92, 197, 178, 171, 214, 251, 8, 150, 101, 146, 232, 129, 155, 162, 213, 93, 217, 134, 227, 2, 149, 49, 208, 145, 95, 24, 172, 31, 19, 232, 217, 73, 208, 182, 215, 252, 188, 15, 232, 78, 77, 47, 200, 227, 26, 116, 204, 87, 16, 12, 231, 17, 2, 75, 249, 146, 204, 80, 78, 104, 16, 255, 234, 139, 153, 185, 168, 145, 3, 254, 168, 115, 67, 248, 107, 85, 105, 128, 28, 142, 245, 65, 159, 33, 134, 75, 124, 47, 113, 183, 118, 119, 4, 225, 241, 218, 170, 25, 244, 166, 233, 138, 146, 135, 209, 131, 184, 125, 65, 74, 101, 243, 45, 136, 231, 12, 250, 164, 202, 79, 111, 104, 176, 104, 190, 129, 65, 45, 245, 109, 71, 110, 167, 149, 38, 101, 46, 87, 184, 245, 244, 249, 138, 218, 8, 94, 144, 212, 81, 214, 56, 20, 151, 162, 5, 16, 247, 205, 210, 216, 197, 38, 202, 170, 46, 93, 115, 118, 49, 86, 154, 101, 97, 33, 9, 181, 169, 176, 19, 150, 244, 216, 254, 111, 65, 81, 67, 50, 94, 116, 82, 254, 155, 217, 149, 198, 29, 198, 249, 119, 204, 214, 248, 86, 95, 226, 96, 80, 44, 136, 87, 75, 27, 104, 242, 187, 59, 47, 123, 158, 218, 19, 216, 220, 216, 69, 170, 35, 10, 103, 5, 49, 242, 42, 184, 132, 53, 58, 245, 38, 151, 138, 103, 144, 4, 208, 54, 139, 19, 108, 147, 110, 174, 221, 97, 221, 142, 1, 92, 122, 171, 155, 113, 149, 107, 29, 135, 92, 20, 194, 64, 15, 29, 174, 21, 36, 64, 74, 43, 78, 155, 227, 89, 64, 99, 218, 186, 56, 66, 236, 56, 27, 238, 117, 171, 1, 197, 88, 68, 0, 185, 173, 101, 217, 194, 138, 75, 81, 9, 221, 9, 3, 233, 252, 221, 255, 162, 93, 78, 216, 6, 18, 122, 33, 108, 131, 71, 209, 80, 214, 215, 114, 100, 179, 58, 190, 104, 221, 221, 183, 80, 136, 125, 129, 93, 170, 157, 112, 132, 44, 37, 250, 26, 249, 157, 117, 86, 242, 3, 108, 79, 147, 37, 203, 19, 23, 192, 51, 225, 59, 82, 203, 254, 53, 213, 25, 217, 176, 74, 57, 113, 245, 159, 58, 91, 139, 145, 220, 34, 126, 221, 117, 175, 52, 77, 44, 93, 20, 82, 138, 217, 50, 148, 217, 84, 34, 92, 219, 120, 160, 109, 142, 11, 69, 11, 194, 182, 160, 219, 61, 105, 213, 252, 195, 252, 3, 194, 232, 51, 118, 246, 240, 224, 30, 140, 50, 233, 243, 255, 149, 128, 10, 31, 89, 206, 223, 181, 46, 123, 201, 38, 6, 21, 241, 24, 29, 80, 9, 38, 218, 186, 11, 7, 244, 92, 143, 144, 243, 164, 147, 107, 135, 84, 219, 126, 251, 85, 121, 234, 63, 55, 144, 17, 3, 107, 131, 231, 250, 79, 218, 254, 2, 84, 94, 232, 98, 53, 237, 134, 201, 186, 183]) }, OpaqueMessage { typ: ApplicationData, version: TLSv1_2, payload: Payload([150, 122, 131, 193, 166, 117, 201, 137, 10, 82, 199, 42, 53, 33, 93, 229, 46, 187, 133, 200, 145, 230, 229, 76, 119, 46, 122, 44, 156, 132, 34, 168, 226, 61, 250, 253, 209, 135, 223, 208, 210, 201, 79, 166, 102, 76, 197, 231, 59, 121, 70, 174, 144, 90, 198, 116, 102, 19, 225, 212, 204, 246, 228, 53, 89, 1, 226, 4, 130, 251, 125, 246, 17, 212, 217, 243, 193, 28, 75, 7, 46, 197, 49, 112, 5, 39, 233, 239, 75, 100, 115, 37, 150, 229, 29, 192, 238, 87, 245, 96, 146, 154, 211, 145, 245, 155, 70, 45, 50, 230, 18, 177, 213, 85, 14, 156, 237, 188, 88, 111, 64, 137, 131, 26, 249, 16, 74, 175, 108, 141, 103, 226, 155, 85, 239, 87, 109, 97, 46, 101, 38, 21, 127, 57, 173, 210, 118, 70, 197, 176, 148, 93, 25, 96, 190, 195, 105, 220, 113, 84, 15, 46, 1, 130, 94, 180, 1, 45, 206, 195, 133, 241, 160, 239, 81, 48, 245, 25, 126, 164, 10, 36, 80, 103, 225, 160, 26, 1, 179, 201, 151, 56, 69, 74, 62, 109, 87, 21, 4, 68, 84, 182, 64, 6, 198, 65, 56, 172, 89, 151, 244, 133, 66, 70, 87, 139, 207, 69, 53, 62, 187, 170, 64, 171, 169, 145, 46, 184, 135, 176, 0, 161, 224, 254, 101, 70, 2, 134, 204, 81, 236, 115, 40, 126, 230, 116, 32, 46, 14, 191, 154, 184, 196, 205, 2, 202, 93, 201, 150, 94, 173, 75, 112, 193, 13, 202, 251, 232, 119, 9, 139, 177, 141, 35, 79, 192, 85, 135, 247, 215, 198]) }, OpaqueMessage { typ: ApplicationData, version: TLSv1_2, payload: Payload([214, 2, 137, 59, 5, 211, 38, 87, 122, 27, 16, 119, 179, 244, 53, 248, 124, 122, 117, 120, 224, 184, 70, 195, 186, 77, 129, 52, 140, 246, 35, 183, 120, 127, 235, 19, 184, 142, 144, 67, 57, 84, 162, 56, 150, 57, 199, 148, 160, 64, 228, 220, 80]) }] } }, RawKnowledge { source: Agent(AgentName(0)), step: Some(StepNumber { trace: 0, step: 0 }), matcher: None, associated_term: None, data: MessageFlight { messages: [Message { version: TLSv1_2, payload: Handshake(HandshakeMessagePayload { typ: ServerHello, payload: ServerHello(ServerHelloPayload { legacy_version: TLSv1_2, random: Random([63, 148, 245, 191, 85, 230, 165, 49, 123, 136, 53, 52, 239, 236, 39, 162, 4, 175, 81, 216, 80, 60, 162, 59, 146, 98, 56, 55, 251, 172, 31, 22]), session_id: SessionID([3, 3, 3, 3, 3, 3, 3, 3, 3, 3, 3, 3, 3, 3, 3, 3, 3, 3, 3, 3, 3, 3, 3, 3, 3, 3, 3, 3, 3, 3, 3, 3]), cipher_suite: TLS13_AES_128_GCM_SHA256, compression_method: Null, extensions: ServerExtensions([KeyShare(KeyShareEntry { group: secp384r1, payload: PayloadU16([4, 102, 129, 187, 178, 183, 174, 0, 246, 178, 85, 2, 83, 76, 88, 187, 63, 10, 5, 89, 120, 46, 227, 165, 124, 209, 244, 47, 111, 216, 114, 177, 50, 25, 174, 49, 167, 209, 6, 238, 131, 8, 243, 188, 146, 212, 101, 210, 76, 240, 187, 240, 81, 150, 134, 134, 128, 140, 239, 1, 25, 250, 109, 167, 208, 212, 162, 255, 183, 122, 27, 194, 181, 242, 207, 188, 231, 40, 147, 183, 176, 193, 98, 190, 4, 151, 83, 146, 86, 69, 167, 224, 93, 120, 231, 91, 64]) }), SupportedVersions(TLSv1_3)]) }) }) }, Message { version: TLSv1_2, payload: ChangeCipherSpec(ChangeCipherSpecPayload) }, Message { version: TLSv1_2, payload: ApplicationData(Payload([61, 183, 220, 87, 136, 131, 175, 12, 246, 81, 229, 185, 94, 197, 61, 185, 136, 35, 0, 60, 157, 138, 149])) }, Message { version: TLSv1_2, payload: ApplicationData(Payload([85, 202, 19, 94, 245, 164, 25, 115, 111, 147, 196, 57, 226, 5, 17, 137, 213, 117, 169, 95, 89, 58, 192, 117, 13, 18, 184, 173, 210, 30, 90, 219, 139, 132, 47, 214, 65, 167, 220, 241, 174, 127, 240, 138, 245, 1, 231, 141, 95, 126, 97, 129, 167, 119, 38, 102, 214, 24, 46, 221, 220, 72, 248, 152, 241, 192, 52, 229, 80, 14, 156, 225, 235, 176, 132, 6, 179, 203, 90, 243, 232, 49, 37, 57, 219, 195, 105, 86, 219, 55, 90, 31, 112, 213, 220, 181, 234, 182, 1, 26, 53, 155, 66, 184, 205, 145, 237, 41, 188, 220, 86, 157, 253, 224, 199, 206, 227, 144, 125, 31, 200, 84, 187, 206, 149, 14, 166, 212, 0, 249, 214, 176, 56, 184, 10, 241, 127, 81, 140, 155, 20, 45, 169, 229, 140, 15, 213, 36, 161, 110, 105, 37, 247, 82, 195, 27, 90, 160, 183, 205, 178, 221, 155, 47, 210, 217, 106, 10, 97, 38, 39, 59, 25, 175, 130, 236, 35, 131, 132, 167, 198, 52, 124, 90, 135, 235, 165, 112, 245, 91, 197, 91, 90, 214, 34, 251, 99, 40, 46, 222, 5, 52, 91, 148, 201, 4, 28, 238, 173, 193, 204, 115, 191, 167, 208, 121, 16, 152, 100, 116, 119, 123, 15, 189, 67, 6, 196, 214, 37, 22, 99, 11, 183, 6, 59, 235, 230, 197, 243, 240, 169, 47, 164, 20, 84, 179, 215, 199, 144, 81, 230, 0, 10, 71, 233, 174, 163, 27, 114, 33, 82, 248, 194, 30, 251, 160, 186, 50, 143, 208, 253, 72, 215, 102, 89, 163, 109, 64, 210, 15, 115, 187, 167, 100, 135, 213, 91, 171, 170, 133, 89, 24, 117, 187, 67, 89, 87, 160, 238, 35, 239, 91, 212, 170, 85, 28, 42, 107, 98, 140, 114, 195, 26, 15, 51, 177, 158, 148, 95, 205, 209, 20, 103, 128, 158, 160, 21, 155, 219, 74, 126, 223, 215, 53, 185, 100, 76, 92, 197, 178, 171, 214, 251, 8, 150, 101, 146, 232, 129, 155, 162, 213, 93, 217, 134, 227, 2, 149, 49, 208, 145, 95, 24, 172, 31, 19, 232, 217, 73, 208, 182, 215, 252, 188, 15, 232, 78, 77, 47, 200, 227, 26, 116, 204, 87, 16, 12, 231, 17, 2, 75, 249, 146, 204, 80, 78, 104, 16, 255, 234, 139, 153, 185, 168, 145, 3, 254, 168, 115, 67, 248, 107, 85, 105, 128, 28, 142, 245, 65, 159, 33, 134, 75, 124, 47, 113, 183, 118, 119, 4, 225, 241, 218, 170, 25, 244, 166, 233, 138, 146, 135, 209, 131, 184, 125, 65, 74, 101, 243, 45, 136, 231, 12, 250, 164, 202, 79, 111, 104, 176, 104, 190, 129, 65, 45, 245, 109, 71, 110, 167, 149, 38, 101, 46, 87, 184, 245, 244, 249, 138, 218, 8, 94, 144, 212, 81, 214, 56, 20, 151, 162, 5, 16, 247, 205, 210, 216, 197, 38, 202, 170, 46, 93, 115, 118, 49, 86, 154, 101, 97, 33, 9, 181, 169, 176, 19, 150, 244, 216, 254, 111, 65, 81, 67, 50, 94, 116, 82, 254, 155, 217, 149, 198, 29, 198, 249, 119, 204, 214, 248, 86, 95, 226, 96, 80, 44, 136, 87, 75, 27, 104, 242, 187, 59, 47, 123, 158, 218, 19, 216, 220, 216, 69, 170, 35, 10, 103, 5, 49, 242, 42, 184, 132, 53, 58, 245, 38, 151, 138, 103, 144, 4, 208, 54, 139, 19, 108, 147, 110, 174, 221, 97, 221, 142, 1, 92, 122, 171, 155, 113, 149, 107, 29, 135, 92, 20, 194, 64, 15, 29, 174, 21, 36, 64, 74, 43, 78, 155, 227, 89, 64, 99, 218, 186, 56, 66, 236, 56, 27, 238, 117, 171, 1, 197, 88, 68, 0, 185, 173, 101, 217, 194, 138, 75, 81, 9, 221, 9, 3, 233, 252, 221, 255, 162, 93, 78, 216, 6, 18, 122, 33, 108, 131, 71, 209, 80, 214, 215, 114, 100, 179, 58, 190, 104, 221, 221, 183, 80, 136, 125, 129, 93, 170, 157, 112, 132, 44, 37, 250, 26, 249, 157, 117, 86, 242, 3, 108, 79, 147, 37, 203, 19, 23, 192, 51, 225, 59, 82, 203, 254, 53, 213, 25, 217, 176, 74, 57, 113, 245, 159, 58, 91, 139, 145, 220, 34, 126, 221, 117, 175, 52, 77, 44, 93, 20, 82, 138, 217, 50, 148, 217, 84, 34, 92, 219, 120, 160, 109, 142, 11, 69, 11, 194, 182, 160, 219, 61, 105, 213, 252, 195, 252, 3, 194, 232, 51, 118, 246, 240, 224, 30, 140, 50, 233, 243, 255, 149, 128, 10, 31, 89, 206, 223, 181, 46, 123, 201, 38, 6, 21, 241, 24, 29, 80, 9, 38, 218, 186, 11, 7, 244, 92, 143, 144, 243, 164, 147, 107, 135, 84, 219, 126, 251, 85, 121, 234, 63, 55, 144, 17, 3, 107, 131, 231, 250, 79, 218, 254, 2, 84, 94, 232, 98, 53, 237, 134, 201, 186, 183])) }, Message { version: TLSv1_2, payload: ApplicationData(Payload([150, 122, 131, 193, 166, 117, 201, 137, 10, 82, 199, 42, 53, 33, 93, 229, 46, 187, 133, 200, 145, 230, 229, 76, 119, 46, 122, 44, 156, 132, 34, 168, 226, 61, 250, 253, 209, 135, 223, 208, 210, 201, 79, 166, 102, 76, 197, 231, 59, 121, 70, 174, 144, 90, 198, 116, 102, 19, 225, 212, 204, 246, 228, 53, 89, 1, 226, 4, 130, 251, 125, 246, 17, 212, 217, 243, 193, 28, 75, 7, 46, 197, 49, 112, 5, 39, 233, 239, 75, 100, 115, 37, 150, 229, 29, 192, 238, 87, 245, 96, 146, 154, 211, 145, 245, 155, 70, 45, 50, 230, 18, 177, 213, 85, 14, 156, 237, 188, 88, 111, 64, 137, 131, 26, 249, 16, 74, 175, 108, 141, 103, 226, 155, 85, 239, 87, 109, 97, 46, 101, 38, 21, 127, 57, 173, 210, 118, 70, 197, 176, 148, 93, 25, 96, 190, 195, 105, 220, 113, 84, 15, 46, 1, 130, 94, 180, 1, 45, 206, 195, 133, 241, 160, 239, 81, 48, 245, 25, 126, 164, 10, 36, 80, 103, 225, 160, 26, 1, 179, 201, 151, 56, 69, 74, 62, 109, 87, 21, 4, 68, 84, 182, 64, 6, 198, 65, 56, 172, 89, 151, 244, 133, 66, 70, 87, 139, 207, 69, 53, 62, 187, 170, 64, 171, 169, 145, 46, 184, 135, 176, 0, 161, 224, 254, 101, 70, 2, 134, 204, 81, 236, 115, 40, 126, 230, 116, 32, 46, 14, 191, 154, 184, 196, 205, 2, 202, 93, 201, 150, 94, 173, 75, 112, 193, 13, 202, 251, 232, 119, 9, 139, 177, 141, 35, 79, 192, 85, 135, 247, 215, 198])) }, Message { version: TLSv1_2, payload: ApplicationData(Payload([214, 2, 137, 59, 5, 211, 38, 87, 122, 27, 16, 119, 179, 244, 53, 248, 124, 122, 117, 120, 224, 184, 70, 195, 186, 77, 129, 52, 140, 246, 35, 183, 120, 127, 235, 19, 184, 142, 144, 67, 57, 84, 162, 56, 150, 57, 199, 148, 160, 64, 228, 220, 80])) }] } }] } with query Query { source: Some(Agent(AgentName(0))), matcher: None, counter: 0 }
2026-04-22T14:06:05+02:00	Looking for variable KnowledgeStore { raw_knowledge: [RawKnowledge { source: Agent(AgentName(0)), step: Some(StepNumber { trace: 0, step: 0 }), matcher: None, associated_term: None, data: OpaqueMessageFlight { messages: [OpaqueMessage { typ: Handshake, version: TLSv1_2, payload: Payload([2, 0, 0, 183, 3, 3, 63, 148, 245, 191, 85, 230, 165, 49, 123, 136, 53, 52, 239, 236, 39, 162, 4, 175, 81, 216, 80, 60, 162, 59, 146, 98, 56, 55, 251, 172, 31, 22, 32, 3, 3, 3, 3, 3, 3, 3, 3, 3, 3, 3, 3, 3, 3, 3, 3, 3, 3, 3, 3, 3, 3, 3, 3, 3, 3, 3, 3, 3, 3, 3, 3, 19, 1, 0, 0, 111, 0, 51, 0, 101, 0, 24, 0, 97, 4, 102, 129, 187, 178, 183, 174, 0, 246, 178, 85, 2, 83, 76, 88, 187, 63, 10, 5, 89, 120, 46, 227, 165, 124, 209, 244, 47, 111, 216, 114, 177, 50, 25, 174, 49, 167, 209, 6, 238, 131, 8, 243, 188, 146, 212, 101, 210, 76, 240, 187, 240, 81, 150, 134, 134, 128, 140, 239, 1, 25, 250, 109, 167, 208, 212, 162, 255, 183, 122, 27, 194, 181, 242, 207, 188, 231, 40, 147, 183, 176, 193, 98, 190, 4, 151, 83, 146, 86, 69, 167, 224, 93, 120, 231, 91, 64, 0, 43, 0, 2, 3, 4]) }, OpaqueMessage { typ: ChangeCipherSpec, version: TLSv1_2, payload: Payload([1]) }, OpaqueMessage { typ: ApplicationData, version: TLSv1_2, payload: Payload([61, 183, 220, 87, 136, 131, 175, 12, 246, 81, 229, 185, 94, 197, 61, 185, 136, 35, 0, 60, 157, 138, 149]) }, OpaqueMessage { typ: ApplicationData, version: TLSv1_2, payload: Payload([85, 202, 19, 94, 245, 164, 25, 115, 111, 147, 196, 57, 226, 5, 17, 137, 213, 117, 169, 95, 89, 58, 192, 117, 13, 18, 184, 173, 210, 30, 90, 219, 139, 132, 47, 214, 65, 167, 220, 241, 174, 127, 240, 138, 245, 1, 231, 141, 95, 126, 97, 129, 167, 119, 38, 102, 214, 24, 46, 221, 220, 72, 248, 152, 241, 192, 52, 229, 80, 14, 156, 225, 235, 176, 132, 6, 179, 203, 90, 243, 232, 49, 37, 57, 219, 195, 105, 86, 219, 55, 90, 31, 112, 213, 220, 181, 234, 182, 1, 26, 53, 155, 66, 184, 205, 145, 237, 41, 188, 220, 86, 157, 253, 224, 199, 206, 227, 144, 125, 31, 200, 84, 187, 206, 149, 14, 166, 212, 0, 249, 214, 176, 56, 184, 10, 241, 127, 81, 140, 155, 20, 45, 169, 229, 140, 15, 213, 36, 161, 110, 105, 37, 247, 82, 195, 27, 90, 160, 183, 205, 178, 221, 155, 47, 210, 217, 106, 10, 97, 38, 39, 59, 25, 175, 130, 236, 35, 131, 132, 167, 198, 52, 124, 90, 135, 235, 165, 112, 245, 91, 197, 91, 90, 214, 34, 251, 99, 40, 46, 222, 5, 52, 91, 148, 201, 4, 28, 238, 173, 193, 204, 115, 191, 167, 208, 121, 16, 152, 100, 116, 119, 123, 15, 189, 67, 6, 196, 214, 37, 22, 99, 11, 183, 6, 59, 235, 230, 197, 243, 240, 169, 47, 164, 20, 84, 179, 215, 199, 144, 81, 230, 0, 10, 71, 233, 174, 163, 27, 114, 33, 82, 248, 194, 30, 251, 160, 186, 50, 143, 208, 253, 72, 215, 102, 89, 163, 109, 64, 210, 15, 115, 187, 167, 100, 135, 213, 91, 171, 170, 133, 89, 24, 117, 187, 67, 89, 87, 160, 238, 35, 239, 91, 212, 170, 85, 28, 42, 107, 98, 140, 114, 195, 26, 15, 51, 177, 158, 148, 95, 205, 209, 20, 103, 128, 158, 160, 21, 155, 219, 74, 126, 223, 215, 53, 185, 100, 76, 92, 197, 178, 171, 214, 251, 8, 150, 101, 146, 232, 129, 155, 162, 213, 93, 217, 134, 227, 2, 149, 49, 208, 145, 95, 24, 172, 31, 19, 232, 217, 73, 208, 182, 215, 252, 188, 15, 232, 78, 77, 47, 200, 227, 26, 116, 204, 87, 16, 12, 231, 17, 2, 75, 249, 146, 204, 80, 78, 104, 16, 255, 234, 139, 153, 185, 168, 145, 3, 254, 168, 115, 67, 248, 107, 85, 105, 128, 28, 142, 245, 65, 159, 33, 134, 75, 124, 47, 113, 183, 118, 119, 4, 225, 241, 218, 170, 25, 244, 166, 233, 138, 146, 135, 209, 131, 184, 125, 65, 74, 101, 243, 45, 136, 231, 12, 250, 164, 202, 79, 111, 104, 176, 104, 190, 129, 65, 45, 245, 109, 71, 110, 167, 149, 38, 101, 46, 87, 184, 245, 244, 249, 138, 218, 8, 94, 144, 212, 81, 214, 56, 20, 151, 162, 5, 16, 247, 205, 210, 216, 197, 38, 202, 170, 46, 93, 115, 118, 49, 86, 154, 101, 97, 33, 9, 181, 169, 176, 19, 150, 244, 216, 254, 111, 65, 81, 67, 50, 94, 116, 82, 254, 155, 217, 149, 198, 29, 198, 249, 119, 204, 214, 248, 86, 95, 226, 96, 80, 44, 136, 87, 75, 27, 104, 242, 187, 59, 47, 123, 158, 218, 19, 216, 220, 216, 69, 170, 35, 10, 103, 5, 49, 242, 42, 184, 132, 53, 58, 245, 38, 151, 138, 103, 144, 4, 208, 54, 139, 19, 108, 147, 110, 174, 221, 97, 221, 142, 1, 92, 122, 171, 155, 113, 149, 107, 29, 135, 92, 20, 194, 64, 15, 29, 174, 21, 36, 64, 74, 43, 78, 155, 227, 89, 64, 99, 218, 186, 56, 66, 236, 56, 27, 238, 117, 171, 1, 197, 88, 68, 0, 185, 173, 101, 217, 194, 138, 75, 81, 9, 221, 9, 3, 233, 252, 221, 255, 162, 93, 78, 216, 6, 18, 122, 33, 108, 131, 71, 209, 80, 214, 215, 114, 100, 179, 58, 190, 104, 221, 221, 183, 80, 136, 125, 129, 93, 170, 157, 112, 132, 44, 37, 250, 26, 249, 157, 117, 86, 242, 3, 108, 79, 147, 37, 203, 19, 23, 192, 51, 225, 59, 82, 203, 254, 53, 213, 25, 217, 176, 74, 57, 113, 245, 159, 58, 91, 139, 145, 220, 34, 126, 221, 117, 175, 52, 77, 44, 93, 20, 82, 138, 217, 50, 148, 217, 84, 34, 92, 219, 120, 160, 109, 142, 11, 69, 11, 194, 182, 160, 219, 61, 105, 213, 252, 195, 252, 3, 194, 232, 51, 118, 246, 240, 224, 30, 140, 50, 233, 243, 255, 149, 128, 10, 31, 89, 206, 223, 181, 46, 123, 201, 38, 6, 21, 241, 24, 29, 80, 9, 38, 218, 186, 11, 7, 244, 92, 143, 144, 243, 164, 147, 107, 135, 84, 219, 126, 251, 85, 121, 234, 63, 55, 144, 17, 3, 107, 131, 231, 250, 79, 218, 254, 2, 84, 94, 232, 98, 53, 237, 134, 201, 186, 183]) }, OpaqueMessage { typ: ApplicationData, version: TLSv1_2, payload: Payload([150, 122, 131, 193, 166, 117, 201, 137, 10, 82, 199, 42, 53, 33, 93, 229, 46, 187, 133, 200, 145, 230, 229, 76, 119, 46, 122, 44, 156, 132, 34, 168, 226, 61, 250, 253, 209, 135, 223, 208, 210, 201, 79, 166, 102, 76, 197, 231, 59, 121, 70, 174, 144, 90, 198, 116, 102, 19, 225, 212, 204, 246, 228, 53, 89, 1, 226, 4, 130, 251, 125, 246, 17, 212, 217, 243, 193, 28, 75, 7, 46, 197, 49, 112, 5, 39, 233, 239, 75, 100, 115, 37, 150, 229, 29, 192, 238, 87, 245, 96, 146, 154, 211, 145, 245, 155, 70, 45, 50, 230, 18, 177, 213, 85, 14, 156, 237, 188, 88, 111, 64, 137, 131, 26, 249, 16, 74, 175, 108, 141, 103, 226, 155, 85, 239, 87, 109, 97, 46, 101, 38, 21, 127, 57, 173, 210, 118, 70, 197, 176, 148, 93, 25, 96, 190, 195, 105, 220, 113, 84, 15, 46, 1, 130, 94, 180, 1, 45, 206, 195, 133, 241, 160, 239, 81, 48, 245, 25, 126, 164, 10, 36, 80, 103, 225, 160, 26, 1, 179, 201, 151, 56, 69, 74, 62, 109, 87, 21, 4, 68, 84, 182, 64, 6, 198, 65, 56, 172, 89, 151, 244, 133, 66, 70, 87, 139, 207, 69, 53, 62, 187, 170, 64, 171, 169, 145, 46, 184, 135, 176, 0, 161, 224, 254, 101, 70, 2, 134, 204, 81, 236, 115, 40, 126, 230, 116, 32, 46, 14, 191, 154, 184, 196, 205, 2, 202, 93, 201, 150, 94, 173, 75, 112, 193, 13, 202, 251, 232, 119, 9, 139, 177, 141, 35, 79, 192, 85, 135, 247, 215, 198]) }, OpaqueMessage { typ: ApplicationData, version: TLSv1_2, payload: Payload([214, 2, 137, 59, 5, 211, 38, 87, 122, 27, 16, 119, 179, 244, 53, 248, 124, 122, 117, 120, 224, 184, 70, 195, 186, 77, 129, 52, 140, 246, 35, 183, 120, 127, 235, 19, 184, 142, 144, 67, 57, 84, 162, 56, 150, 57, 199, 148, 160, 64, 228, 220, 80]) }] } }, RawKnowledge { source: Agent(AgentName(0)), step: Some(StepNumber { trace: 0, step: 0 }), matcher: None, associated_term: None, data: MessageFlight { messages: [Message { version: TLSv1_2, payload: Handshake(HandshakeMessagePayload { typ: ServerHello, payload: ServerHello(ServerHelloPayload { legacy_version: TLSv1_2, random: Random([63, 148, 245, 191, 85, 230, 165, 49, 123, 136, 53, 52, 239, 236, 39, 162, 4, 175, 81, 216, 80, 60, 162, 59, 146, 98, 56, 55, 251, 172, 31, 22]), session_id: SessionID([3, 3, 3, 3, 3, 3, 3, 3, 3, 3, 3, 3, 3, 3, 3, 3, 3, 3, 3, 3, 3, 3, 3, 3, 3, 3, 3, 3, 3, 3, 3, 3]), cipher_suite: TLS13_AES_128_GCM_SHA256, compression_method: Null, extensions: ServerExtensions([KeyShare(KeyShareEntry { group: secp384r1, payload: PayloadU16([4, 102, 129, 187, 178, 183, 174, 0, 246, 178, 85, 2, 83, 76, 88, 187, 63, 10, 5, 89, 120, 46, 227, 165, 124, 209, 244, 47, 111, 216, 114, 177, 50, 25, 174, 49, 167, 209, 6, 238, 131, 8, 243, 188, 146, 212, 101, 210, 76, 240, 187, 240, 81, 150, 134, 134, 128, 140, 239, 1, 25, 250, 109, 167, 208, 212, 162, 255, 183, 122, 27, 194, 181, 242, 207, 188, 231, 40, 147, 183, 176, 193, 98, 190, 4, 151, 83, 146, 86, 69, 167, 224, 93, 120, 231, 91, 64]) }), SupportedVersions(TLSv1_3)]) }) }) }, Message { version: TLSv1_2, payload: ChangeCipherSpec(ChangeCipherSpecPayload) }, Message { version: TLSv1_2, payload: ApplicationData(Payload([61, 183, 220, 87, 136, 131, 175, 12, 246, 81, 229, 185, 94, 197, 61, 185, 136, 35, 0, 60, 157, 138, 149])) }, Message { version: TLSv1_2, payload: ApplicationData(Payload([85, 202, 19, 94, 245, 164, 25, 115, 111, 147, 196, 57, 226, 5, 17, 137, 213, 117, 169, 95, 89, 58, 192, 117, 13, 18, 184, 173, 210, 30, 90, 219, 139, 132, 47, 214, 65, 167, 220, 241, 174, 127, 240, 138, 245, 1, 231, 141, 95, 126, 97, 129, 167, 119, 38, 102, 214, 24, 46, 221, 220, 72, 248, 152, 241, 192, 52, 229, 80, 14, 156, 225, 235, 176, 132, 6, 179, 203, 90, 243, 232, 49, 37, 57, 219, 195, 105, 86, 219, 55, 90, 31, 112, 213, 220, 181, 234, 182, 1, 26, 53, 155, 66, 184, 205, 145, 237, 41, 188, 220, 86, 157, 253, 224, 199, 206, 227, 144, 125, 31, 200, 84, 187, 206, 149, 14, 166, 212, 0, 249, 214, 176, 56, 184, 10, 241, 127, 81, 140, 155, 20, 45, 169, 229, 140, 15, 213, 36, 161, 110, 105, 37, 247, 82, 195, 27, 90, 160, 183, 205, 178, 221, 155, 47, 210, 217, 106, 10, 97, 38, 39, 59, 25, 175, 130, 236, 35, 131, 132, 167, 198, 52, 124, 90, 135, 235, 165, 112, 245, 91, 197, 91, 90, 214, 34, 251, 99, 40, 46, 222, 5, 52, 91, 148, 201, 4, 28, 238, 173, 193, 204, 115, 191, 167, 208, 121, 16, 152, 100, 116, 119, 123, 15, 189, 67, 6, 196, 214, 37, 22, 99, 11, 183, 6, 59, 235, 230, 197, 243, 240, 169, 47, 164, 20, 84, 179, 215, 199, 144, 81, 230, 0, 10, 71, 233, 174, 163, 27, 114, 33, 82, 248, 194, 30, 251, 160, 186, 50, 143, 208, 253, 72, 215, 102, 89, 163, 109, 64, 210, 15, 115, 187, 167, 100, 135, 213, 91, 171, 170, 133, 89, 24, 117, 187, 67, 89, 87, 160, 238, 35, 239, 91, 212, 170, 85, 28, 42, 107, 98, 140, 114, 195, 26, 15, 51, 177, 158, 148, 95, 205, 209, 20, 103, 128, 158, 160, 21, 155, 219, 74, 126, 223, 215, 53, 185, 100, 76, 92, 197, 178, 171, 214, 251, 8, 150, 101, 146, 232, 129, 155, 162, 213, 93, 217, 134, 227, 2, 149, 49, 208, 145, 95, 24, 172, 31, 19, 232, 217, 73, 208, 182, 215, 252, 188, 15, 232, 78, 77, 47, 200, 227, 26, 116, 204, 87, 16, 12, 231, 17, 2, 75, 249, 146, 204, 80, 78, 104, 16, 255, 234, 139, 153, 185, 168, 145, 3, 254, 168, 115, 67, 248, 107, 85, 105, 128, 28, 142, 245, 65, 159, 33, 134, 75, 124, 47, 113, 183, 118, 119, 4, 225, 241, 218, 170, 25, 244, 166, 233, 138, 146, 135, 209, 131, 184, 125, 65, 74, 101, 243, 45, 136, 231, 12, 250, 164, 202, 79, 111, 104, 176, 104, 190, 129, 65, 45, 245, 109, 71, 110, 167, 149, 38, 101, 46, 87, 184, 245, 244, 249, 138, 218, 8, 94, 144, 212, 81, 214, 56, 20, 151, 162, 5, 16, 247, 205, 210, 216, 197, 38, 202, 170, 46, 93, 115, 118, 49, 86, 154, 101, 97, 33, 9, 181, 169, 176, 19, 150, 244, 216, 254, 111, 65, 81, 67, 50, 94, 116, 82, 254, 155, 217, 149, 198, 29, 198, 249, 119, 204, 214, 248, 86, 95, 226, 96, 80, 44, 136, 87, 75, 27, 104, 242, 187, 59, 47, 123, 158, 218, 19, 216, 220, 216, 69, 170, 35, 10, 103, 5, 49, 242, 42, 184, 132, 53, 58, 245, 38, 151, 138, 103, 144, 4, 208, 54, 139, 19, 108, 147, 110, 174, 221, 97, 221, 142, 1, 92, 122, 171, 155, 113, 149, 107, 29, 135, 92, 20, 194, 64, 15, 29, 174, 21, 36, 64, 74, 43, 78, 155, 227, 89, 64, 99, 218, 186, 56, 66, 236, 56, 27, 238, 117, 171, 1, 197, 88, 68, 0, 185, 173, 101, 217, 194, 138, 75, 81, 9, 221, 9, 3, 233, 252, 221, 255, 162, 93, 78, 216, 6, 18, 122, 33, 108, 131, 71, 209, 80, 214, 215, 114, 100, 179, 58, 190, 104, 221, 221, 183, 80, 136, 125, 129, 93, 170, 157, 112, 132, 44, 37, 250, 26, 249, 157, 117, 86, 242, 3, 108, 79, 147, 37, 203, 19, 23, 192, 51, 225, 59, 82, 203, 254, 53, 213, 25, 217, 176, 74, 57, 113, 245, 159, 58, 91, 139, 145, 220, 34, 126, 221, 117, 175, 52, 77, 44, 93, 20, 82, 138, 217, 50, 148, 217, 84, 34, 92, 219, 120, 160, 109, 142, 11, 69, 11, 194, 182, 160, 219, 61, 105, 213, 252, 195, 252, 3, 194, 232, 51, 118, 246, 240, 224, 30, 140, 50, 233, 243, 255, 149, 128, 10, 31, 89, 206, 223, 181, 46, 123, 201, 38, 6, 21, 241, 24, 29, 80, 9, 38, 218, 186, 11, 7, 244, 92, 143, 144, 243, 164, 147, 107, 135, 84, 219, 126, 251, 85, 121, 234, 63, 55, 144, 17, 3, 107, 131, 231, 250, 79, 218, 254, 2, 84, 94, 232, 98, 53, 237, 134, 201, 186, 183])) }, Message { version: TLSv1_2, payload: ApplicationData(Payload([150, 122, 131, 193, 166, 117, 201, 137, 10, 82, 199, 42, 53, 33, 93, 229, 46, 187, 133, 200, 145, 230, 229, 76, 119, 46, 122, 44, 156, 132, 34, 168, 226, 61, 250, 253, 209, 135, 223, 208, 210, 201, 79, 166, 102, 76, 197, 231, 59, 121, 70, 174, 144, 90, 198, 116, 102, 19, 225, 212, 204, 246, 228, 53, 89, 1, 226, 4, 130, 251, 125, 246, 17, 212, 217, 243, 193, 28, 75, 7, 46, 197, 49, 112, 5, 39, 233, 239, 75, 100, 115, 37, 150, 229, 29, 192, 238, 87, 245, 96, 146, 154, 211, 145, 245, 155, 70, 45, 50, 230, 18, 177, 213, 85, 14, 156, 237, 188, 88, 111, 64, 137, 131, 26, 249, 16, 74, 175, 108, 141, 103, 226, 155, 85, 239, 87, 109, 97, 46, 101, 38, 21, 127, 57, 173, 210, 118, 70, 197, 176, 148, 93, 25, 96, 190, 195, 105, 220, 113, 84, 15, 46, 1, 130, 94, 180, 1, 45, 206, 195, 133, 241, 160, 239, 81, 48, 245, 25, 126, 164, 10, 36, 80, 103, 225, 160, 26, 1, 179, 201, 151, 56, 69, 74, 62, 109, 87, 21, 4, 68, 84, 182, 64, 6, 198, 65, 56, 172, 89, 151, 244, 133, 66, 70, 87, 139, 207, 69, 53, 62, 187, 170, 64, 171, 169, 145, 46, 184, 135, 176, 0, 161, 224, 254, 101, 70, 2, 134, 204, 81, 236, 115, 40, 126, 230, 116, 32, 46, 14, 191, 154, 184, 196, 205, 2, 202, 93, 201, 150, 94, 173, 75, 112, 193, 13, 202, 251, 232, 119, 9, 139, 177, 141, 35, 79, 192, 85, 135, 247, 215, 198])) }, Message { version: TLSv1_2, payload: ApplicationData(Payload([214, 2, 137, 59, 5, 211, 38, 87, 122, 27, 16, 119, 179, 244, 53, 248, 124, 122, 117, 120, 224, 184, 70, 195, 186, 77, 129, 52, 140, 246, 35, 183, 120, 127, 235, 19, 184, 142, 144, 67, 57, 84, 162, 56, 150, 57, 199, 148, 160, 64, 228, 220, 80])) }] } }] } with query_type_shape TypeShape { inner_type_id: TypeId(0xf679f590e56d96d3dcd7e8327a8ccc19), name: "alloc::vec::Vec<tlspuffin::tls::rustls::msgs::handshake::ServerExtension>", phantom: PhantomData<tlspuffin::protocol::TLSProtocolTypes> } and query Query { source: Some(Agent(AgentName(0))), matcher: None, counter: 0 }
2026-04-22T14:06:05+02:00	Extract atom: Random
2026-04-22T14:06:05+02:00	Extract atom: SessionID
2026-04-22T14:06:05+02:00	Extract atom: ServerExtension
2026-04-22T14:06:05+02:00	Extract atom: ServerExtension
2026-04-22T14:06:05+02:00	        / Variable evaluated into: [0, 51, 0, 101, 0, 24, 0, 97, 4, 102, 129, 187, 178, 183, 174, 0, 246, 178, 85, 2, 83, 76, 88, 187, 63, 10, 5, 89, 120, 46, 227, 165, 124, 209, 244, 47, 111, 216, 114, 177, 50, 25, 174, 49, 167, 209, 6, 238, 131, 8, 243, 188, 146, 212, 101, 210, 76, 240, 187, 240, 81, 150, 134, 134, 128, 140, 239, 1, 25, 250, 109, 167, 208, 212, 162, 255, 183, 122, 27, 194, 181, 242, 207, 188, 231, 40, 147, 183, 176, 193, 98, 190, 4, 151, 83, 146, 86, 69, 167, 224, 93, 120, 231, 91, 64, 0, 43, 0, 2, 3, 4]
2026-04-22T14:06:05+02:00	[eval_until_opaque] [Var] Did not add a payload for a leaf at path: [2, 0] and eval is: [0, 51, 0, 101, 0, 24, 0, 97, 4, 102, 129, 187, 178, 183, 174, 0, 246, 178, 85, 2, 83, 76, 88, 187, 63, 10, 5, 89, 120, 46, 227, 165, 124, 209, 244, 47, 111, 216, 114, 177, 50, 25, 174, 49, 167, 209, 6, 238, 131, 8, 243, 188, 146, 212, 101, 210, 76, 240, 187, 240, 81, 150, 134, 134, 128, 140, 239, 1, 25, 250, 109, 167, 208, 212, 162, 255, 183, 122, 27, 194, 181, 242, 207, 188, 231, 40, 147, 183, 176, 193, 98, 190, 4, 151, 83, 146, 86, 69, 167, 224, 93, 120, 231, 91, 64, 0, 43, 0, 2, 3, 4]
2026-04-22T14:06:05+02:00	  + Ending treating argument # 0 from path [2]...
2026-04-22T14:06:05+02:00	[eval_until_opaque] Now calling the function symbol tlspuffin::tls::fn_impl::fn_fields::fn_get_server_key_share implementation and then updating payloads...
2026-04-22T14:06:05+02:00	  + Ending treating argument # 2 from path []...
2026-04-22T14:06:05+02:00	  + Treating argument # 3 from path []...
2026-04-22T14:06:05+02:00	[eval_until_opaque] [START]: Eval term:
 fn_no_psk -> Vec<u8>>
2026-04-22T14:06:05+02:00	[eval_until_opaque] [App]: Application from path=[3]
2026-04-22T14:06:05+02:00	[eval_until_opaque] Now calling the function symbol tlspuffin::tls::fn_impl::fn_utils::fn_no_psk implementation and then updating payloads...
2026-04-22T14:06:05+02:00	  + Ending treating argument # 3 from path []...
2026-04-22T14:06:05+02:00	  + Treating argument # 4 from path []...
2026-04-22T14:06:05+02:00	[eval_until_opaque] [START]: Eval term:
 fn_named_group_secp384r1 -> NamedGroup
2026-04-22T14:06:05+02:00	[eval_until_opaque] [App]: Application from path=[4]
2026-04-22T14:06:05+02:00	[eval_until_opaque] Now calling the function symbol tlspuffin::tls::fn_impl::fn_utils::fn_named_group_secp384r1 implementation and then updating payloads...
2026-04-22T14:06:05+02:00	  + Ending treating argument # 4 from path []...
2026-04-22T14:06:05+02:00	  + Treating argument # 5 from path []...
2026-04-22T14:06:05+02:00	[eval_until_opaque] [START]: Eval term:
 fn_true -> bool
2026-04-22T14:06:05+02:00	[eval_until_opaque] [App]: Application from path=[5]
2026-04-22T14:06:05+02:00	[eval_until_opaque] Now calling the function symbol tlspuffin::tls::fn_impl::fn_constants::fn_true implementation and then updating payloads...
2026-04-22T14:06:05+02:00	  + Ending treating argument # 5 from path []...
2026-04-22T14:06:05+02:00	  + Treating argument # 6 from path []...
2026-04-22T14:06:05+02:00	[eval_until_opaque] [START]: Eval term:
 fn_seq_0 -> u64
2026-04-22T14:06:05+02:00	[eval_until_opaque] [App]: Application from path=[6]
2026-04-22T14:06:05+02:00	[eval_until_opaque] Now calling the function symbol tlspuffin::tls::fn_impl::fn_constants::fn_seq_0 implementation and then updating payloads...
2026-04-22T14:06:05+02:00	  + Ending treating argument # 6 from path []...
2026-04-22T14:06:05+02:00	  + Treating argument # 7 from path []...
2026-04-22T14:06:05+02:00	[eval_until_opaque] [START]: Eval term:
 fn_new_random -> Random
2026-04-22T14:06:05+02:00	[eval_until_opaque] [App]: Application from path=[7]
2026-04-22T14:06:05+02:00	[eval_until_opaque] Now calling the function symbol tlspuffin::tls::fn_impl::fn_fields::fn_new_random implementation and then updating payloads...
2026-04-22T14:06:05+02:00	  + Ending treating argument # 7 from path []...
2026-04-22T14:06:05+02:00	  + Treating argument # 8 from path []...
2026-04-22T14:06:05+02:00	[eval_until_opaque] [START]: Eval term:
 fn_cipher_suite13_aes_128_gcm_sha256 -> CipherSuite
2026-04-22T14:06:05+02:00	[eval_until_opaque] [App]: Application from path=[8]
2026-04-22T14:06:05+02:00	[eval_until_opaque] Now calling the function symbol tlspuffin::tls::fn_impl::fn_fields::fn_cipher_suite13_aes_128_gcm_sha256 implementation and then updating payloads...
2026-04-22T14:06:05+02:00	  + Ending treating argument # 8 from path []...
2026-04-22T14:06:05+02:00	[eval_until_opaque] Now calling the function symbol tlspuffin::tls::fn_impl::fn_utils::fn_encrypt_handshake implementation and then updating payloads...
2026-04-22T14:06:05+02:00	        / [no_payload] We successfully evaluated the root term into: [23, 3, 3, 0, 53, 255, 114, 40, 174, 27, 86, 105, 34, 134, 34, 73, 219, 99, 200, 28, 0, 180, 232, 59, 50, 52, 179, 149, 85, 129, 14, 108, 252, 253, 141, 47, 76, 181, 163, 244, 66, 214, 121, 252, 126, 155, 49, 24, 109, 62, 85, 117, 53, 97, 59, 159, 229, 161]
2026-04-22T14:06:05+02:00	PUT error log: Ok("")
2026-04-22T14:06:05+02:00	PUT error log: Ok("")
2026-04-22T14:06:05+02:00	PUT error log: Ok("")
2026-04-22T14:06:05+02:00	New Claims: tlspuffin::claims::TlsClaim, tlspuffin::claims::TlsClaim, tlspuffin::claims::TlsClaim, tlspuffin::claims::TlsClaim, tlspuffin::claims::TlsClaim
2026-04-22T14:06:05+02:00	TlsClaim { agent_name: AgentName(0), origin: Server, config_version: V1_3, data: Transcript(ServerHello(TranscriptServerHello(TlsTranscript([57, 224, 88, 144, 7, 34, 64, 171, 15, 95, 255, 82, 183, 68, 150, 28, 126, 203, 252, 146, 88, 66, 191, 29, 69, 122, 143, 99, 11, 242, 179, 226, 0, 0, 0, 0, 0, 0, 0, 0, 0, 0, 0, 0, 0, 0, 0, 0, 0, 0, 0, 0, 0, 0, 0, 0, 0, 0, 0, 0, 0, 0, 0, 0], 32)))), step: Some(StepNumber { trace: 0, step: 0 }) }
2026-04-22T14:06:05+02:00	TlsClaim { agent_name: AgentName(0), origin: Server, config_version: V1_3, data: Message(Finished(Finished { outbound: true, client_random: [1, 1, 1, 1, 1, 1, 1, 1, 1, 1, 1, 1, 1, 1, 1, 1, 1, 1, 1, 1, 1, 1, 1, 1, 1, 1, 1, 1, 1, 1, 1, 1], server_random: [63, 148, 245, 191, 85, 230, 165, 49, 123, 136, 53, 52, 239, 236, 39, 162, 4, 175, 81, 216, 80, 60, 162, 59, 146, 98, 56, 55, 251, 172, 31, 22], session_id: [], authenticate_peer: false, peer_certificate: [], early_secret: [0, 0, 0, 0, 0, 0, 0, 0, 0, 0, 0, 0, 0, 0, 0, 0, 0, 0, 0, 0, 0, 0, 0, 0, 0, 0, 0, 0, 0, 0, 0, 0, 0, 0, 0, 0, 0, 0, 0, 0, 0, 0, 0, 0, 0, 0, 0, 0, 0, 0, 0, 0, 0, 0, 0, 0, 0, 0, 0, 0, 0, 0, 0, 0], handshake_secret: [120, 75, 40, 173, 64, 130, 100, 161, 231, 40, 142, 31, 169, 68, 61, 87, 24, 211, 15, 165, 231, 26, 19, 1, 27, 186, 75, 245, 13, 158, 50, 28, 0, 0, 0, 0, 0, 0, 0, 0, 0, 0, 0, 0, 0, 0, 0, 0, 0, 0, 0, 0, 0, 0, 0, 0, 0, 0, 0, 0, 0, 0, 0, 0], master_secret: [185, 15, 165, 47, 27, 39, 70, 185, 244, 71, 183, 5, 203, 134, 0, 75, 13, 116, 85, 195, 33, 162, 255, 127, 235, 246, 180, 202, 235, 34, 29, 146, 0, 0, 0, 0, 0, 0, 0, 0, 0, 0, 0, 0, 0, 0, 0, 0, 0, 0, 0, 0, 0, 0, 0, 0, 0, 0, 0, 0, 0, 0, 0, 0], tls_version: CLAIM_TLS_VERSION_V1_3, chosen_cipher: 4865, available_ciphers: [4865, 4866, 4867, 49196, 49200, 49195, 49199, 52393, 49187, 49191, 49162, 49172, 49161, 49171, 157, 156, 53, 47, 52396], signature_algorithm: 0, peer_signature_algorithm: 0 })), step: Some(StepNumber { trace: 0, step: 0 }) }
2026-04-22T14:06:05+02:00	TlsClaim { agent_name: AgentName(0), origin: Server, config_version: V1_3, data: Transcript(ServerFinished(TranscriptServerFinished(TlsTranscript([25, 173, 11, 202, 158, 42, 172, 39, 177, 211, 36, 73, 48, 126, 84, 200, 187, 206, 23, 238, 229, 184, 58, 142, 0, 65, 54, 126, 61, 146, 47, 249, 0, 0, 0, 0, 0, 0, 0, 0, 0, 0, 0, 0, 0, 0, 0, 0, 0, 0, 0, 0, 0, 0, 0, 0, 0, 0, 0, 0, 0, 0, 0, 0], 32)))), step: Some(StepNumber { trace: 0, step: 0 }) }
2026-04-22T14:06:05+02:00	TlsClaim { agent_name: AgentName(0), origin: Server, config_version: V1_3, data: Message(Finished(Finished { outbound: false, client_random: [1, 1, 1, 1, 1, 1, 1, 1, 1, 1, 1, 1, 1, 1, 1, 1, 1, 1, 1, 1, 1, 1, 1, 1, 1, 1, 1, 1, 1, 1, 1, 1], server_random: [63, 148, 245, 191, 85, 230, 165, 49, 123, 136, 53, 52, 239, 236, 39, 162, 4, 175, 81, 216, 80, 60, 162, 59, 146, 98, 56, 55, 251, 172, 31, 22], session_id: [], authenticate_peer: false, peer_certificate: [], early_secret: [0, 0, 0, 0, 0, 0, 0, 0, 0, 0, 0, 0, 0, 0, 0, 0, 0, 0, 0, 0, 0, 0, 0, 0, 0, 0, 0, 0, 0, 0, 0, 0, 0, 0, 0, 0, 0, 0, 0, 0, 0, 0, 0, 0, 0, 0, 0, 0, 0, 0, 0, 0, 0, 0, 0, 0, 0, 0, 0, 0, 0, 0, 0, 0], handshake_secret: [120, 75, 40, 173, 64, 130, 100, 161, 231, 40, 142, 31, 169, 68, 61, 87, 24, 211, 15, 165, 231, 26, 19, 1, 27, 186, 75, 245, 13, 158, 50, 28, 0, 0, 0, 0, 0, 0, 0, 0, 0, 0, 0, 0, 0, 0, 0, 0, 0, 0, 0, 0, 0, 0, 0, 0, 0, 0, 0, 0, 0, 0, 0, 0], master_secret: [120, 75, 40, 173, 64, 130, 100, 161, 231, 40, 142, 31, 169, 68, 61, 87, 24, 211, 15, 165, 231, 26, 19, 1, 27, 186, 75, 245, 13, 158, 50, 28, 0, 0, 0, 0, 0, 0, 0, 0, 0, 0, 0, 0, 0, 0, 0, 0, 0, 0, 0, 0, 0, 0, 0, 0, 0, 0, 0, 0, 0, 0, 0, 0], tls_version: CLAIM_TLS_VERSION_V1_3, chosen_cipher: 4865, available_ciphers: [4865, 4866, 4867, 49196, 49200, 49195, 49199, 52393, 49187, 49191, 49162, 49172, 49161, 49171, 157, 156, 53, 47, 52396], signature_algorithm: 0, peer_signature_algorithm: 0 })), step: Some(StepNumber { trace: 0, step: 1 }) }
2026-04-22T14:06:05+02:00	TlsClaim { agent_name: AgentName(0), origin: Server, config_version: V1_3, data: Transcript(ClientFinished(TranscriptClientFinished(TlsTranscript([2, 51, 84, 225, 17, 165, 198, 55, 113, 26, 233, 133, 91, 76, 172, 30, 158, 0, 226, 219, 62, 126, 248, 239, 41, 219, 75, 231, 142, 142, 129, 150, 0, 0, 0, 0, 0, 0, 0, 0, 0, 0, 0, 0, 0, 0, 0, 0, 0, 0, 0, 0, 0, 0, 0, 0, 0, 0, 0, 0, 0, 0, 0, 0], 32)))), step: Some(StepNumber { trace: 0, step: 1 }) }
2026-04-22T14:06:05+02:00	Executing step #2
2026-04-22T14:06:05+02:00	PUT error log: Ok("")
2026-04-22T14:06:05+02:00	PUT error log: Ok("")
2026-04-22T14:06:05+02:00	New Claims: tlspuffin::claims::TlsClaim, tlspuffin::claims::TlsClaim, tlspuffin::claims::TlsClaim, tlspuffin::claims::TlsClaim, tlspuffin::claims::TlsClaim
2026-04-22T14:06:05+02:00	TlsClaim { agent_name: AgentName(0), origin: Server, config_version: V1_3, data: Transcript(ServerHello(TranscriptServerHello(TlsTranscript([57, 224, 88, 144, 7, 34, 64, 171, 15, 95, 255, 82, 183, 68, 150, 28, 126, 203, 252, 146, 88, 66, 191, 29, 69, 122, 143, 99, 11, 242, 179, 226, 0, 0, 0, 0, 0, 0, 0, 0, 0, 0, 0, 0, 0, 0, 0, 0, 0, 0, 0, 0, 0, 0, 0, 0, 0, 0, 0, 0, 0, 0, 0, 0], 32)))), step: Some(StepNumber { trace: 0, step: 0 }) }
2026-04-22T14:06:05+02:00	TlsClaim { agent_name: AgentName(0), origin: Server, config_version: V1_3, data: Message(Finished(Finished { outbound: true, client_random: [1, 1, 1, 1, 1, 1, 1, 1, 1, 1, 1, 1, 1, 1, 1, 1, 1, 1, 1, 1, 1, 1, 1, 1, 1, 1, 1, 1, 1, 1, 1, 1], server_random: [63, 148, 245, 191, 85, 230, 165, 49, 123, 136, 53, 52, 239, 236, 39, 162, 4, 175, 81, 216, 80, 60, 162, 59, 146, 98, 56, 55, 251, 172, 31, 22], session_id: [], authenticate_peer: false, peer_certificate: [], early_secret: [0, 0, 0, 0, 0, 0, 0, 0, 0, 0, 0, 0, 0, 0, 0, 0, 0, 0, 0, 0, 0, 0, 0, 0, 0, 0, 0, 0, 0, 0, 0, 0, 0, 0, 0, 0, 0, 0, 0, 0, 0, 0, 0, 0, 0, 0, 0, 0, 0, 0, 0, 0, 0, 0, 0, 0, 0, 0, 0, 0, 0, 0, 0, 0], handshake_secret: [120, 75, 40, 173, 64, 130, 100, 161, 231, 40, 142, 31, 169, 68, 61, 87, 24, 211, 15, 165, 231, 26, 19, 1, 27, 186, 75, 245, 13, 158, 50, 28, 0, 0, 0, 0, 0, 0, 0, 0, 0, 0, 0, 0, 0, 0, 0, 0, 0, 0, 0, 0, 0, 0, 0, 0, 0, 0, 0, 0, 0, 0, 0, 0], master_secret: [185, 15, 165, 47, 27, 39, 70, 185, 244, 71, 183, 5, 203, 134, 0, 75, 13, 116, 85, 195, 33, 162, 255, 127, 235, 246, 180, 202, 235, 34, 29, 146, 0, 0, 0, 0, 0, 0, 0, 0, 0, 0, 0, 0, 0, 0, 0, 0, 0, 0, 0, 0, 0, 0, 0, 0, 0, 0, 0, 0, 0, 0, 0, 0], tls_version: CLAIM_TLS_VERSION_V1_3, chosen_cipher: 4865, available_ciphers: [4865, 4866, 4867, 49196, 49200, 49195, 49199, 52393, 49187, 49191, 49162, 49172, 49161, 49171, 157, 156, 53, 47, 52396], signature_algorithm: 0, peer_signature_algorithm: 0 })), step: Some(StepNumber { trace: 0, step: 0 }) }
2026-04-22T14:06:05+02:00	TlsClaim { agent_name: AgentName(0), origin: Server, config_version: V1_3, data: Transcript(ServerFinished(TranscriptServerFinished(TlsTranscript([25, 173, 11, 202, 158, 42, 172, 39, 177, 211, 36, 73, 48, 126, 84, 200, 187, 206, 23, 238, 229, 184, 58, 142, 0, 65, 54, 126, 61, 146, 47, 249, 0, 0, 0, 0, 0, 0, 0, 0, 0, 0, 0, 0, 0, 0, 0, 0, 0, 0, 0, 0, 0, 0, 0, 0, 0, 0, 0, 0, 0, 0, 0, 0], 32)))), step: Some(StepNumber { trace: 0, step: 0 }) }
2026-04-22T14:06:05+02:00	TlsClaim { agent_name: AgentName(0), origin: Server, config_version: V1_3, data: Message(Finished(Finished { outbound: false, client_random: [1, 1, 1, 1, 1, 1, 1, 1, 1, 1, 1, 1, 1, 1, 1, 1, 1, 1, 1, 1, 1, 1, 1, 1, 1, 1, 1, 1, 1, 1, 1, 1], server_random: [63, 148, 245, 191, 85, 230, 165, 49, 123, 136, 53, 52, 239, 236, 39, 162, 4, 175, 81, 216, 80, 60, 162, 59, 146, 98, 56, 55, 251, 172, 31, 22], session_id: [], authenticate_peer: false, peer_certificate: [], early_secret: [0, 0, 0, 0, 0, 0, 0, 0, 0, 0, 0, 0, 0, 0, 0, 0, 0, 0, 0, 0, 0, 0, 0, 0, 0, 0, 0, 0, 0, 0, 0, 0, 0, 0, 0, 0, 0, 0, 0, 0, 0, 0, 0, 0, 0, 0, 0, 0, 0, 0, 0, 0, 0, 0, 0, 0, 0, 0, 0, 0, 0, 0, 0, 0], handshake_secret: [120, 75, 40, 173, 64, 130, 100, 161, 231, 40, 142, 31, 169, 68, 61, 87, 24, 211, 15, 165, 231, 26, 19, 1, 27, 186, 75, 245, 13, 158, 50, 28, 0, 0, 0, 0, 0, 0, 0, 0, 0, 0, 0, 0, 0, 0, 0, 0, 0, 0, 0, 0, 0, 0, 0, 0, 0, 0, 0, 0, 0, 0, 0, 0], master_secret: [120, 75, 40, 173, 64, 130, 100, 161, 231, 40, 142, 31, 169, 68, 61, 87, 24, 211, 15, 165, 231, 26, 19, 1, 27, 186, 75, 245, 13, 158, 50, 28, 0, 0, 0, 0, 0, 0, 0, 0, 0, 0, 0, 0, 0, 0, 0, 0, 0, 0, 0, 0, 0, 0, 0, 0, 0, 0, 0, 0, 0, 0, 0, 0], tls_version: CLAIM_TLS_VERSION_V1_3, chosen_cipher: 4865, available_ciphers: [4865, 4866, 4867, 49196, 49200, 49195, 49199, 52393, 49187, 49191, 49162, 49172, 49161, 49171, 157, 156, 53, 47, 52396], signature_algorithm: 0, peer_signature_algorithm: 0 })), step: Some(StepNumber { trace: 0, step: 1 }) }
2026-04-22T14:06:05+02:00	TlsClaim { agent_name: AgentName(0), origin: Server, config_version: V1_3, data: Transcript(ClientFinished(TranscriptClientFinished(TlsTranscript([2, 51, 84, 225, 17, 165, 198, 55, 113, 26, 233, 133, 91, 76, 172, 30, 158, 0, 226, 219, 62, 126, 248, 239, 41, 219, 75, 231, 142, 142, 129, 150, 0, 0, 0, 0, 0, 0, 0, 0, 0, 0, 0, 0, 0, 0, 0, 0, 0, 0, 0, 0, 0, 0, 0, 0, 0, 0, 0, 0, 0, 0, 0, 0], 32)))), step: Some(StepNumber { trace: 0, step: 1 }) }
2026-04-22T14:06:05+02:00	PUT error log: Ok("")
2026-04-22T14:06:05+02:00	Executing step #0
2026-04-22T14:06:05+02:00	[evaluate_config] About to evaluate term (with_payloads: true):
fn_fill_binder(
	fn_client_hello(
		fn_protocol_version12 -> ProtocolVersion,
		fn_new_random -> Random,
		fn_new_session_id -> SessionID,
		fn_cipher_suites_make(
			fn_append_cipher_suite(
				fn_new_cipher_suites -> Vec<CipherSuite>,
				fn_cipher_suite13_aes_128_gcm_sha256 -> CipherSuite
			) -> Vec<CipherSuite>
		) -> CipherSuites,
		fn_compressions -> Compressions,
		fn_client_extensions_make(
			fn_client_extensions_append(
				fn_client_extensions_append(
					fn_client_extensions_append(
						fn_client_extensions_append(
							fn_client_extensions_append(
								fn_client_extensions_append(
									fn_client_extensions_new -> Vec<ClientExtension>,
									fn_support_group_extension_make(
										fn_support_group_extension_append(
											fn_support_group_extension_new -> Vec<NamedGroup>,
											fn_named_group_secp384r1 -> NamedGroup
										) -> Vec<NamedGroup>
									) -> ClientExtension
								) -> Vec<ClientExtension>,
								fn_signature_algorithm_extension(
									fn_supported_signature_schemes_extension_append(
										fn_supported_signature_schemes_extension_append(
											fn_supported_signature_schemes_extension_new -> Vec<SignatureScheme>,
											fn_sig_scheme_rsa_pkcs1_sha256 -> SignatureScheme
										) -> Vec<SignatureScheme>,
										fn_sig_scheme_rsa_pss_sha256 -> SignatureScheme
									) -> Vec<SignatureScheme>
								) -> ClientExtension
							) -> Vec<ClientExtension>,
							fn_supported_versions13_extension -> ClientExtension
						) -> Vec<ClientExtension>,
						fn_key_share_extension_make(
							fn_key_share_extension_append(
								fn_key_share_extension_new -> Vec<KeyShareEntry>,
								fn_key_share_deterministic(
									fn_named_group_secp384r1 -> NamedGroup
								) -> KeyShareEntry
							) -> Vec<KeyShareEntry>
						) -> ClientExtension
					) -> Vec<ClientExtension>,
					fn_psk_exchange_mode_dhe_ke_extension -> ClientExtension
				) -> Vec<ClientExtension>,
				fn_preshared_keys_extension_empty_binder(
					fn_find_server_ticket(
						fn_decrypt_application_flight(
							(Some(Agent(AgentName(0))), 1)[None]/MessageFlight,
							fn_server_hello_transcript(
								(Some(Agent(AgentName(0))), 0)[None]/TranscriptServerHello
							) -> HandshakeHash,
							fn_server_finished_transcript(
								(Some(Agent(AgentName(0))), 0)[None]/TranscriptServerFinished
							) -> HandshakeHash,
							fn_get_server_key_share(
								(Some(Agent(AgentName(0))), 0)[None]/Vec<ServerExtension>
							) -> Vec<u8>>,
							fn_no_psk -> Vec<u8>>,
							fn_named_group_secp384r1 -> NamedGroup,
							fn_true -> bool,
							fn_seq_0 -> u64,
							fn_new_random -> Random,
							fn_cipher_suite13_aes_128_gcm_sha256 -> CipherSuite
						) -> MessageFlight
					) -> Message
				) -> ClientExtension
			) -> Vec<ClientExtension>
		) -> ClientExtensions
	) -> Message,
	fn_derive_binder(
		fn_client_hello(
			fn_protocol_version12 -> ProtocolVersion,
			fn_new_random -> Random,
			fn_new_session_id -> SessionID,
			fn_cipher_suites_make(
				fn_append_cipher_suite(
					fn_new_cipher_suites -> Vec<CipherSuite>,
					fn_cipher_suite13_aes_128_gcm_sha256 -> CipherSuite
				) -> Vec<CipherSuite>
			) -> CipherSuites,
			fn_compressions -> Compressions,
			fn_client_extensions_make(
				fn_client_extensions_append(
					fn_client_extensions_append(
						fn_client_extensions_append(
							fn_client_extensions_append(
								fn_client_extensions_append(
									fn_client_extensions_append(
										fn_client_extensions_new -> Vec<ClientExtension>,
										fn_support_group_extension_make(
											fn_support_group_extension_append(
												fn_support_group_extension_new -> Vec<NamedGroup>,
												fn_named_group_secp384r1 -> NamedGroup
											) -> Vec<NamedGroup>
										) -> ClientExtension
									) -> Vec<ClientExtension>,
									fn_signature_algorithm_extension(
										fn_supported_signature_schemes_extension_append(
											fn_supported_signature_schemes_extension_append(
												fn_supported_signature_schemes_extension_new -> Vec<SignatureScheme>,
												fn_sig_scheme_rsa_pkcs1_sha256 -> SignatureScheme
											) -> Vec<SignatureScheme>,
											fn_sig_scheme_rsa_pss_sha256 -> SignatureScheme
										) -> Vec<SignatureScheme>
									) -> ClientExtension
								) -> Vec<ClientExtension>,
								fn_supported_versions13_extension -> ClientExtension
							) -> Vec<ClientExtension>,
							fn_key_share_extension_make(
								fn_key_share_extension_append(
									fn_key_share_extension_new -> Vec<KeyShareEntry>,
									fn_key_share_deterministic(
										fn_named_group_secp384r1 -> NamedGroup
									) -> KeyShareEntry
								) -> Vec<KeyShareEntry>
							) -> ClientExtension
						) -> Vec<ClientExtension>,
						fn_psk_exchange_mode_dhe_ke_extension -> ClientExtension
					) -> Vec<ClientExtension>,
					fn_preshared_keys_extension_empty_binder(
						fn_find_server_ticket(
							fn_decrypt_application_flight(
								(Some(Agent(AgentName(0))), 1)[None]/MessageFlight,
								fn_server_hello_transcript(
									(Some(Agent(AgentName(0))), 0)[None]/TranscriptServerHello
								) -> HandshakeHash,
								fn_server_finished_transcript(
									(Some(Agent(AgentName(0))), 0)[None]/TranscriptServerFinished
								) -> HandshakeHash,
								fn_get_server_key_share(
									(Some(Agent(AgentName(0))), 0)[None]/Vec<ServerExtension>
								) -> Vec<u8>>,
								fn_no_psk -> Vec<u8>>,
								fn_named_group_secp384r1 -> NamedGroup,
								fn_true -> bool,
								fn_seq_0 -> u64,
								fn_new_random -> Random,
								fn_cipher_suite13_aes_128_gcm_sha256 -> CipherSuite
							) -> MessageFlight
						) -> Message
					) -> ClientExtension
				) -> Vec<ClientExtension>
			) -> ClientExtensions
		) -> Message,
		fn_derive_psk(
			fn_server_hello_transcript(
				(Some(Agent(AgentName(0))), 0)[None]/TranscriptServerHello
			) -> HandshakeHash,
			fn_server_finished_transcript(
				(Some(Agent(AgentName(0))), 0)[None]/TranscriptServerFinished
			) -> HandshakeHash,
			fn_client_finished_transcript(
				(Some(Agent(AgentName(0))), 0)[None]/TranscriptClientFinished
			) -> HandshakeHash,
			fn_get_server_key_share(
				(Some(Agent(AgentName(0))), 0)[Some(Handshake(Some(ServerHello)))]/Vec<ServerExtension>
			) -> Vec<u8>>,
			fn_get_ticket_nonce(
				fn_find_server_ticket(
					fn_decrypt_application_flight(
						(Some(Agent(AgentName(0))), 1)[None]/MessageFlight,
						fn_server_hello_transcript(
							(Some(Agent(AgentName(0))), 0)[None]/TranscriptServerHello
						) -> HandshakeHash,
						fn_server_finished_transcript(
							(Some(Agent(AgentName(0))), 0)[None]/TranscriptServerFinished
						) -> HandshakeHash,
						fn_get_server_key_share(
							(Some(Agent(AgentName(0))), 0)[None]/Vec<ServerExtension>
						) -> Vec<u8>>,
						fn_no_psk -> Vec<u8>>,
						fn_named_group_secp384r1 -> NamedGroup,
						fn_true -> bool,
						fn_seq_0 -> u64,
						fn_new_random -> Random,
						fn_cipher_suite13_aes_128_gcm_sha256 -> CipherSuite
					) -> MessageFlight
				) -> Message
			) -> Vec<u8>,
			fn_named_group_secp384r1 -> NamedGroup,
			fn_new_random -> Random,
			fn_cipher_suite13_aes_128_gcm_sha256 -> CipherSuite
		) -> Vec<u8>,
		fn_cipher_suite13_aes_128_gcm_sha256 -> CipherSuite
	) -> Vec<u8>
) -> Message
===================================================================
2026-04-22T14:06:05+02:00	[eval_until_opaque] [START]: Eval term:
 fn_fill_binder(
	fn_client_hello(
		fn_protocol_version12 -> ProtocolVersion,
		fn_new_random -> Random,
		fn_new_session_id -> SessionID,
		fn_cipher_suites_make(
			fn_append_cipher_suite(
				fn_new_cipher_suites -> Vec<CipherSuite>,
				fn_cipher_suite13_aes_128_gcm_sha256 -> CipherSuite
			) -> Vec<CipherSuite>
		) -> CipherSuites,
		fn_compressions -> Compressions,
		fn_client_extensions_make(
			fn_client_extensions_append(
				fn_client_extensions_append(
					fn_client_extensions_append(
						fn_client_extensions_append(
							fn_client_extensions_append(
								fn_client_extensions_append(
									fn_client_extensions_new -> Vec<ClientExtension>,
									fn_support_group_extension_make(
										fn_support_group_extension_append(
											fn_support_group_extension_new -> Vec<NamedGroup>,
											fn_named_group_secp384r1 -> NamedGroup
										) -> Vec<NamedGroup>
									) -> ClientExtension
								) -> Vec<ClientExtension>,
								fn_signature_algorithm_extension(
									fn_supported_signature_schemes_extension_append(
										fn_supported_signature_schemes_extension_append(
											fn_supported_signature_schemes_extension_new -> Vec<SignatureScheme>,
											fn_sig_scheme_rsa_pkcs1_sha256 -> SignatureScheme
										) -> Vec<SignatureScheme>,
										fn_sig_scheme_rsa_pss_sha256 -> SignatureScheme
									) -> Vec<SignatureScheme>
								) -> ClientExtension
							) -> Vec<ClientExtension>,
							fn_supported_versions13_extension -> ClientExtension
						) -> Vec<ClientExtension>,
						fn_key_share_extension_make(
							fn_key_share_extension_append(
								fn_key_share_extension_new -> Vec<KeyShareEntry>,
								fn_key_share_deterministic(
									fn_named_group_secp384r1 -> NamedGroup
								) -> KeyShareEntry
							) -> Vec<KeyShareEntry>
						) -> ClientExtension
					) -> Vec<ClientExtension>,
					fn_psk_exchange_mode_dhe_ke_extension -> ClientExtension
				) -> Vec<ClientExtension>,
				fn_preshared_keys_extension_empty_binder(
					fn_find_server_ticket(
						fn_decrypt_application_flight(
							(Some(Agent(AgentName(0))), 1)[None]/MessageFlight,
							fn_server_hello_transcript(
								(Some(Agent(AgentName(0))), 0)[None]/TranscriptServerHello
							) -> HandshakeHash,
							fn_server_finished_transcript(
								(Some(Agent(AgentName(0))), 0)[None]/TranscriptServerFinished
							) -> HandshakeHash,
							fn_get_server_key_share(
								(Some(Agent(AgentName(0))), 0)[None]/Vec<ServerExtension>
							) -> Vec<u8>>,
							fn_no_psk -> Vec<u8>>,
							fn_named_group_secp384r1 -> NamedGroup,
							fn_true -> bool,
							fn_seq_0 -> u64,
							fn_new_random -> Random,
							fn_cipher_suite13_aes_128_gcm_sha256 -> CipherSuite
						) -> MessageFlight
					) -> Message
				) -> ClientExtension
			) -> Vec<ClientExtension>
		) -> ClientExtensions
	) -> Message,
	fn_derive_binder(
		fn_client_hello(
			fn_protocol_version12 -> ProtocolVersion,
			fn_new_random -> Random,
			fn_new_session_id -> SessionID,
			fn_cipher_suites_make(
				fn_append_cipher_suite(
					fn_new_cipher_suites -> Vec<CipherSuite>,
					fn_cipher_suite13_aes_128_gcm_sha256 -> CipherSuite
				) -> Vec<CipherSuite>
			) -> CipherSuites,
			fn_compressions -> Compressions,
			fn_client_extensions_make(
				fn_client_extensions_append(
					fn_client_extensions_append(
						fn_client_extensions_append(
							fn_client_extensions_append(
								fn_client_extensions_append(
									fn_client_extensions_append(
										fn_client_extensions_new -> Vec<ClientExtension>,
										fn_support_group_extension_make(
											fn_support_group_extension_append(
												fn_support_group_extension_new -> Vec<NamedGroup>,
												fn_named_group_secp384r1 -> NamedGroup
											) -> Vec<NamedGroup>
										) -> ClientExtension
									) -> Vec<ClientExtension>,
									fn_signature_algorithm_extension(
										fn_supported_signature_schemes_extension_append(
											fn_supported_signature_schemes_extension_append(
												fn_supported_signature_schemes_extension_new -> Vec<SignatureScheme>,
												fn_sig_scheme_rsa_pkcs1_sha256 -> SignatureScheme
											) -> Vec<SignatureScheme>,
											fn_sig_scheme_rsa_pss_sha256 -> SignatureScheme
										) -> Vec<SignatureScheme>
									) -> ClientExtension
								) -> Vec<ClientExtension>,
								fn_supported_versions13_extension -> ClientExtension
							) -> Vec<ClientExtension>,
							fn_key_share_extension_make(
								fn_key_share_extension_append(
									fn_key_share_extension_new -> Vec<KeyShareEntry>,
									fn_key_share_deterministic(
										fn_named_group_secp384r1 -> NamedGroup
									) -> KeyShareEntry
								) -> Vec<KeyShareEntry>
							) -> ClientExtension
						) -> Vec<ClientExtension>,
						fn_psk_exchange_mode_dhe_ke_extension -> ClientExtension
					) -> Vec<ClientExtension>,
					fn_preshared_keys_extension_empty_binder(
						fn_find_server_ticket(
							fn_decrypt_application_flight(
								(Some(Agent(AgentName(0))), 1)[None]/MessageFlight,
								fn_server_hello_transcript(
									(Some(Agent(AgentName(0))), 0)[None]/TranscriptServerHello
								) -> HandshakeHash,
								fn_server_finished_transcript(
									(Some(Agent(AgentName(0))), 0)[None]/TranscriptServerFinished
								) -> HandshakeHash,
								fn_get_server_key_share(
									(Some(Agent(AgentName(0))), 0)[None]/Vec<ServerExtension>
								) -> Vec<u8>>,
								fn_no_psk -> Vec<u8>>,
								fn_named_group_secp384r1 -> NamedGroup,
								fn_true -> bool,
								fn_seq_0 -> u64,
								fn_new_random -> Random,
								fn_cipher_suite13_aes_128_gcm_sha256 -> CipherSuite
							) -> MessageFlight
						) -> Message
					) -> ClientExtension
				) -> Vec<ClientExtension>
			) -> ClientExtensions
		) -> Message,
		fn_derive_psk(
			fn_server_hello_transcript(
				(Some(Agent(AgentName(0))), 0)[None]/TranscriptServerHello
			) -> HandshakeHash,
			fn_server_finished_transcript(
				(Some(Agent(AgentName(0))), 0)[None]/TranscriptServerFinished
			) -> HandshakeHash,
			fn_client_finished_transcript(
				(Some(Agent(AgentName(0))), 0)[None]/TranscriptClientFinished
			) -> HandshakeHash,
			fn_get_server_key_share(
				(Some(Agent(AgentName(0))), 0)[Some(Handshake(Some(ServerHello)))]/Vec<ServerExtension>
			) -> Vec<u8>>,
			fn_get_ticket_nonce(
				fn_find_server_ticket(
					fn_decrypt_application_flight(
						(Some(Agent(AgentName(0))), 1)[None]/MessageFlight,
						fn_server_hello_transcript(
							(Some(Agent(AgentName(0))), 0)[None]/TranscriptServerHello
						) -> HandshakeHash,
						fn_server_finished_transcript(
							(Some(Agent(AgentName(0))), 0)[None]/TranscriptServerFinished
						) -> HandshakeHash,
						fn_get_server_key_share(
							(Some(Agent(AgentName(0))), 0)[None]/Vec<ServerExtension>
						) -> Vec<u8>>,
						fn_no_psk -> Vec<u8>>,
						fn_named_group_secp384r1 -> NamedGroup,
						fn_true -> bool,
						fn_seq_0 -> u64,
						fn_new_random -> Random,
						fn_cipher_suite13_aes_128_gcm_sha256 -> CipherSuite
					) -> MessageFlight
				) -> Message
			) -> Vec<u8>,
			fn_named_group_secp384r1 -> NamedGroup,
			fn_new_random -> Random,
			fn_cipher_suite13_aes_128_gcm_sha256 -> CipherSuite
		) -> Vec<u8>,
		fn_cipher_suite13_aes_128_gcm_sha256 -> CipherSuite
	) -> Vec<u8>
) -> Message
2026-04-22T14:06:05+02:00	[eval_until_opaque] [App]: Application from path=[]
2026-04-22T14:06:05+02:00	  + Treating argument # 0 from path []...
2026-04-22T14:06:05+02:00	[eval_until_opaque] [START]: Eval term:
 fn_client_hello(
	fn_protocol_version12 -> ProtocolVersion,
	fn_new_random -> Random,
	fn_new_session_id -> SessionID,
	fn_cipher_suites_make(
		fn_append_cipher_suite(
			fn_new_cipher_suites -> Vec<CipherSuite>,
			fn_cipher_suite13_aes_128_gcm_sha256 -> CipherSuite
		) -> Vec<CipherSuite>
	) -> CipherSuites,
	fn_compressions -> Compressions,
	fn_client_extensions_make(
		fn_client_extensions_append(
			fn_client_extensions_append(
				fn_client_extensions_append(
					fn_client_extensions_append(
						fn_client_extensions_append(
							fn_client_extensions_append(
								fn_client_extensions_new -> Vec<ClientExtension>,
								fn_support_group_extension_make(
									fn_support_group_extension_append(
										fn_support_group_extension_new -> Vec<NamedGroup>,
										fn_named_group_secp384r1 -> NamedGroup
									) -> Vec<NamedGroup>
								) -> ClientExtension
							) -> Vec<ClientExtension>,
							fn_signature_algorithm_extension(
								fn_supported_signature_schemes_extension_append(
									fn_supported_signature_schemes_extension_append(
										fn_supported_signature_schemes_extension_new -> Vec<SignatureScheme>,
										fn_sig_scheme_rsa_pkcs1_sha256 -> SignatureScheme
									) -> Vec<SignatureScheme>,
									fn_sig_scheme_rsa_pss_sha256 -> SignatureScheme
								) -> Vec<SignatureScheme>
							) -> ClientExtension
						) -> Vec<ClientExtension>,
						fn_supported_versions13_extension -> ClientExtension
					) -> Vec<ClientExtension>,
					fn_key_share_extension_make(
						fn_key_share_extension_append(
							fn_key_share_extension_new -> Vec<KeyShareEntry>,
							fn_key_share_deterministic(
								fn_named_group_secp384r1 -> NamedGroup
							) -> KeyShareEntry
						) -> Vec<KeyShareEntry>
					) -> ClientExtension
				) -> Vec<ClientExtension>,
				fn_psk_exchange_mode_dhe_ke_extension -> ClientExtension
			) -> Vec<ClientExtension>,
			fn_preshared_keys_extension_empty_binder(
				fn_find_server_ticket(
					fn_decrypt_application_flight(
						(Some(Agent(AgentName(0))), 1)[None]/MessageFlight,
						fn_server_hello_transcript(
							(Some(Agent(AgentName(0))), 0)[None]/TranscriptServerHello
						) -> HandshakeHash,
						fn_server_finished_transcript(
							(Some(Agent(AgentName(0))), 0)[None]/TranscriptServerFinished
						) -> HandshakeHash,
						fn_get_server_key_share(
							(Some(Agent(AgentName(0))), 0)[None]/Vec<ServerExtension>
						) -> Vec<u8>>,
						fn_no_psk -> Vec<u8>>,
						fn_named_group_secp384r1 -> NamedGroup,
						fn_true -> bool,
						fn_seq_0 -> u64,
						fn_new_random -> Random,
						fn_cipher_suite13_aes_128_gcm_sha256 -> CipherSuite
					) -> MessageFlight
				) -> Message
			) -> ClientExtension
		) -> Vec<ClientExtension>
	) -> ClientExtensions
) -> Message
2026-04-22T14:06:05+02:00	[eval_until_opaque] [App]: Application from path=[0]
2026-04-22T14:06:05+02:00	  + Treating argument # 0 from path [0]...
2026-04-22T14:06:05+02:00	[eval_until_opaque] [START]: Eval term:
 fn_protocol_version12 -> ProtocolVersion
2026-04-22T14:06:05+02:00	[eval_until_opaque] [App]: Application from path=[0, 0]
2026-04-22T14:06:05+02:00	[eval_until_opaque] Now calling the function symbol tlspuffin::tls::fn_impl::fn_fields::fn_protocol_version12 implementation and then updating payloads...
2026-04-22T14:06:05+02:00	  + Ending treating argument # 0 from path [0]...
2026-04-22T14:06:05+02:00	  + Treating argument # 1 from path [0]...
2026-04-22T14:06:05+02:00	[eval_until_opaque] [START]: Eval term:
 fn_new_random -> Random
2026-04-22T14:06:05+02:00	[eval_until_opaque] [App]: Application from path=[0, 1]
2026-04-22T14:06:05+02:00	[eval_until_opaque] Now calling the function symbol tlspuffin::tls::fn_impl::fn_fields::fn_new_random implementation and then updating payloads...
2026-04-22T14:06:05+02:00	  + Ending treating argument # 1 from path [0]...
2026-04-22T14:06:05+02:00	  + Treating argument # 2 from path [0]...
2026-04-22T14:06:05+02:00	[eval_until_opaque] [START]: Eval term:
 fn_new_session_id -> SessionID
2026-04-22T14:06:05+02:00	[eval_until_opaque] [App]: Application from path=[0, 2]
2026-04-22T14:06:05+02:00	[eval_until_opaque] Now calling the function symbol tlspuffin::tls::fn_impl::fn_fields::fn_new_session_id implementation and then updating payloads...
2026-04-22T14:06:05+02:00	  + Ending treating argument # 2 from path [0]...
2026-04-22T14:06:05+02:00	  + Treating argument # 3 from path [0]...
2026-04-22T14:06:05+02:00	[eval_until_opaque] [START]: Eval term:
 fn_cipher_suites_make(
	fn_append_cipher_suite(
		fn_new_cipher_suites -> Vec<CipherSuite>,
		fn_cipher_suite13_aes_128_gcm_sha256 -> CipherSuite
	) -> Vec<CipherSuite>
) -> CipherSuites
2026-04-22T14:06:05+02:00	[eval_until_opaque] [App]: Application from path=[0, 3]
2026-04-22T14:06:05+02:00	  + Treating argument # 0 from path [0, 3]...
2026-04-22T14:06:05+02:00	[eval_until_opaque] [START]: Eval term:
 fn_append_cipher_suite(
	fn_new_cipher_suites -> Vec<CipherSuite>,
	fn_cipher_suite13_aes_128_gcm_sha256 -> CipherSuite
) -> Vec<CipherSuite>
2026-04-22T14:06:05+02:00	[eval_until_opaque] [App]: Application from path=[0, 3, 0]
2026-04-22T14:06:05+02:00	  + Treating argument # 0 from path [0, 3, 0]...
2026-04-22T14:06:05+02:00	[eval_until_opaque] [START]: Eval term:
 fn_new_cipher_suites -> Vec<CipherSuite>
2026-04-22T14:06:05+02:00	[eval_until_opaque] [App]: Application from path=[0, 3, 0, 0]
2026-04-22T14:06:05+02:00	[eval_until_opaque] Now calling the function symbol tlspuffin::tls::fn_impl::fn_fields::fn_new_cipher_suites implementation and then updating payloads...
2026-04-22T14:06:05+02:00	  + Ending treating argument # 0 from path [0, 3, 0]...
2026-04-22T14:06:05+02:00	  + Treating argument # 1 from path [0, 3, 0]...
2026-04-22T14:06:05+02:00	[eval_until_opaque] [START]: Eval term:
 fn_cipher_suite13_aes_128_gcm_sha256 -> CipherSuite
2026-04-22T14:06:05+02:00	[eval_until_opaque] [App]: Application from path=[0, 3, 0, 1]
2026-04-22T14:06:05+02:00	[eval_until_opaque] Now calling the function symbol tlspuffin::tls::fn_impl::fn_fields::fn_cipher_suite13_aes_128_gcm_sha256 implementation and then updating payloads...
2026-04-22T14:06:05+02:00	  + Ending treating argument # 1 from path [0, 3, 0]...
2026-04-22T14:06:05+02:00	[eval_until_opaque] Now calling the function symbol tlspuffin::tls::fn_impl::fn_fields::fn_append_cipher_suite implementation and then updating payloads...
2026-04-22T14:06:05+02:00	  + Ending treating argument # 0 from path [0, 3]...
2026-04-22T14:06:05+02:00	[eval_until_opaque] Now calling the function symbol tlspuffin::tls::fn_impl::fn_fields::fn_cipher_suites_make implementation and then updating payloads...
2026-04-22T14:06:05+02:00	  + Ending treating argument # 3 from path [0]...
2026-04-22T14:06:05+02:00	  + Treating argument # 4 from path [0]...
2026-04-22T14:06:05+02:00	[eval_until_opaque] [START]: Eval term:
 fn_compressions -> Compressions
2026-04-22T14:06:05+02:00	[eval_until_opaque] [App]: Application from path=[0, 4]
2026-04-22T14:06:05+02:00	[eval_until_opaque] Now calling the function symbol tlspuffin::tls::fn_impl::fn_fields::fn_compressions implementation and then updating payloads...
2026-04-22T14:06:05+02:00	  + Ending treating argument # 4 from path [0]...
2026-04-22T14:06:05+02:00	  + Treating argument # 5 from path [0]...
2026-04-22T14:06:05+02:00	[eval_until_opaque] [START]: Eval term:
 fn_client_extensions_make(
	fn_client_extensions_append(
		fn_client_extensions_append(
			fn_client_extensions_append(
				fn_client_extensions_append(
					fn_client_extensions_append(
						fn_client_extensions_append(
							fn_client_extensions_new -> Vec<ClientExtension>,
							fn_support_group_extension_make(
								fn_support_group_extension_append(
									fn_support_group_extension_new -> Vec<NamedGroup>,
									fn_named_group_secp384r1 -> NamedGroup
								) -> Vec<NamedGroup>
							) -> ClientExtension
						) -> Vec<ClientExtension>,
						fn_signature_algorithm_extension(
							fn_supported_signature_schemes_extension_append(
								fn_supported_signature_schemes_extension_append(
									fn_supported_signature_schemes_extension_new -> Vec<SignatureScheme>,
									fn_sig_scheme_rsa_pkcs1_sha256 -> SignatureScheme
								) -> Vec<SignatureScheme>,
								fn_sig_scheme_rsa_pss_sha256 -> SignatureScheme
							) -> Vec<SignatureScheme>
						) -> ClientExtension
					) -> Vec<ClientExtension>,
					fn_supported_versions13_extension -> ClientExtension
				) -> Vec<ClientExtension>,
				fn_key_share_extension_make(
					fn_key_share_extension_append(
						fn_key_share_extension_new -> Vec<KeyShareEntry>,
						fn_key_share_deterministic(
							fn_named_group_secp384r1 -> NamedGroup
						) -> KeyShareEntry
					) -> Vec<KeyShareEntry>
				) -> ClientExtension
			) -> Vec<ClientExtension>,
			fn_psk_exchange_mode_dhe_ke_extension -> ClientExtension
		) -> Vec<ClientExtension>,
		fn_preshared_keys_extension_empty_binder(
			fn_find_server_ticket(
				fn_decrypt_application_flight(
					(Some(Agent(AgentName(0))), 1)[None]/MessageFlight,
					fn_server_hello_transcript(
						(Some(Agent(AgentName(0))), 0)[None]/TranscriptServerHello
					) -> HandshakeHash,
					fn_server_finished_transcript(
						(Some(Agent(AgentName(0))), 0)[None]/TranscriptServerFinished
					) -> HandshakeHash,
					fn_get_server_key_share(
						(Some(Agent(AgentName(0))), 0)[None]/Vec<ServerExtension>
					) -> Vec<u8>>,
					fn_no_psk -> Vec<u8>>,
					fn_named_group_secp384r1 -> NamedGroup,
					fn_true -> bool,
					fn_seq_0 -> u64,
					fn_new_random -> Random,
					fn_cipher_suite13_aes_128_gcm_sha256 -> CipherSuite
				) -> MessageFlight
			) -> Message
		) -> ClientExtension
	) -> Vec<ClientExtension>
) -> ClientExtensions
2026-04-22T14:06:05+02:00	[eval_until_opaque] [App]: Application from path=[0, 5]
2026-04-22T14:06:05+02:00	  + Treating argument # 0 from path [0, 5]...
2026-04-22T14:06:05+02:00	[eval_until_opaque] [START]: Eval term:
 fn_client_extensions_append(
	fn_client_extensions_append(
		fn_client_extensions_append(
			fn_client_extensions_append(
				fn_client_extensions_append(
					fn_client_extensions_append(
						fn_client_extensions_new -> Vec<ClientExtension>,
						fn_support_group_extension_make(
							fn_support_group_extension_append(
								fn_support_group_extension_new -> Vec<NamedGroup>,
								fn_named_group_secp384r1 -> NamedGroup
							) -> Vec<NamedGroup>
						) -> ClientExtension
					) -> Vec<ClientExtension>,
					fn_signature_algorithm_extension(
						fn_supported_signature_schemes_extension_append(
							fn_supported_signature_schemes_extension_append(
								fn_supported_signature_schemes_extension_new -> Vec<SignatureScheme>,
								fn_sig_scheme_rsa_pkcs1_sha256 -> SignatureScheme
							) -> Vec<SignatureScheme>,
							fn_sig_scheme_rsa_pss_sha256 -> SignatureScheme
						) -> Vec<SignatureScheme>
					) -> ClientExtension
				) -> Vec<ClientExtension>,
				fn_supported_versions13_extension -> ClientExtension
			) -> Vec<ClientExtension>,
			fn_key_share_extension_make(
				fn_key_share_extension_append(
					fn_key_share_extension_new -> Vec<KeyShareEntry>,
					fn_key_share_deterministic(
						fn_named_group_secp384r1 -> NamedGroup
					) -> KeyShareEntry
				) -> Vec<KeyShareEntry>
			) -> ClientExtension
		) -> Vec<ClientExtension>,
		fn_psk_exchange_mode_dhe_ke_extension -> ClientExtension
	) -> Vec<ClientExtension>,
	fn_preshared_keys_extension_empty_binder(
		fn_find_server_ticket(
			fn_decrypt_application_flight(
				(Some(Agent(AgentName(0))), 1)[None]/MessageFlight,
				fn_server_hello_transcript(
					(Some(Agent(AgentName(0))), 0)[None]/TranscriptServerHello
				) -> HandshakeHash,
				fn_server_finished_transcript(
					(Some(Agent(AgentName(0))), 0)[None]/TranscriptServerFinished
				) -> HandshakeHash,
				fn_get_server_key_share(
					(Some(Agent(AgentName(0))), 0)[None]/Vec<ServerExtension>
				) -> Vec<u8>>,
				fn_no_psk -> Vec<u8>>,
				fn_named_group_secp384r1 -> NamedGroup,
				fn_true -> bool,
				fn_seq_0 -> u64,
				fn_new_random -> Random,
				fn_cipher_suite13_aes_128_gcm_sha256 -> CipherSuite
			) -> MessageFlight
		) -> Message
	) -> ClientExtension
) -> Vec<ClientExtension>
2026-04-22T14:06:05+02:00	[eval_until_opaque] [App]: Application from path=[0, 5, 0]
2026-04-22T14:06:05+02:00	  + Treating argument # 0 from path [0, 5, 0]...
2026-04-22T14:06:05+02:00	[eval_until_opaque] [START]: Eval term:
 fn_client_extensions_append(
	fn_client_extensions_append(
		fn_client_extensions_append(
			fn_client_extensions_append(
				fn_client_extensions_append(
					fn_client_extensions_new -> Vec<ClientExtension>,
					fn_support_group_extension_make(
						fn_support_group_extension_append(
							fn_support_group_extension_new -> Vec<NamedGroup>,
							fn_named_group_secp384r1 -> NamedGroup
						) -> Vec<NamedGroup>
					) -> ClientExtension
				) -> Vec<ClientExtension>,
				fn_signature_algorithm_extension(
					fn_supported_signature_schemes_extension_append(
						fn_supported_signature_schemes_extension_append(
							fn_supported_signature_schemes_extension_new -> Vec<SignatureScheme>,
							fn_sig_scheme_rsa_pkcs1_sha256 -> SignatureScheme
						) -> Vec<SignatureScheme>,
						fn_sig_scheme_rsa_pss_sha256 -> SignatureScheme
					) -> Vec<SignatureScheme>
				) -> ClientExtension
			) -> Vec<ClientExtension>,
			fn_supported_versions13_extension -> ClientExtension
		) -> Vec<ClientExtension>,
		fn_key_share_extension_make(
			fn_key_share_extension_append(
				fn_key_share_extension_new -> Vec<KeyShareEntry>,
				fn_key_share_deterministic(
					fn_named_group_secp384r1 -> NamedGroup
				) -> KeyShareEntry
			) -> Vec<KeyShareEntry>
		) -> ClientExtension
	) -> Vec<ClientExtension>,
	fn_psk_exchange_mode_dhe_ke_extension -> ClientExtension
) -> Vec<ClientExtension>
2026-04-22T14:06:05+02:00	[eval_until_opaque] [App]: Application from path=[0, 5, 0, 0]
2026-04-22T14:06:05+02:00	  + Treating argument # 0 from path [0, 5, 0, 0]...
2026-04-22T14:06:05+02:00	[eval_until_opaque] [START]: Eval term:
 fn_client_extensions_append(
	fn_client_extensions_append(
		fn_client_extensions_append(
			fn_client_extensions_append(
				fn_client_extensions_new -> Vec<ClientExtension>,
				fn_support_group_extension_make(
					fn_support_group_extension_append(
						fn_support_group_extension_new -> Vec<NamedGroup>,
						fn_named_group_secp384r1 -> NamedGroup
					) -> Vec<NamedGroup>
				) -> ClientExtension
			) -> Vec<ClientExtension>,
			fn_signature_algorithm_extension(
				fn_supported_signature_schemes_extension_append(
					fn_supported_signature_schemes_extension_append(
						fn_supported_signature_schemes_extension_new -> Vec<SignatureScheme>,
						fn_sig_scheme_rsa_pkcs1_sha256 -> SignatureScheme
					) -> Vec<SignatureScheme>,
					fn_sig_scheme_rsa_pss_sha256 -> SignatureScheme
				) -> Vec<SignatureScheme>
			) -> ClientExtension
		) -> Vec<ClientExtension>,
		fn_supported_versions13_extension -> ClientExtension
	) -> Vec<ClientExtension>,
	fn_key_share_extension_make(
		fn_key_share_extension_append(
			fn_key_share_extension_new -> Vec<KeyShareEntry>,
			fn_key_share_deterministic(
				fn_named_group_secp384r1 -> NamedGroup
			) -> KeyShareEntry
		) -> Vec<KeyShareEntry>
	) -> ClientExtension
) -> Vec<ClientExtension>
2026-04-22T14:06:05+02:00	[eval_until_opaque] [App]: Application from path=[0, 5, 0, 0, 0]
2026-04-22T14:06:05+02:00	  + Treating argument # 0 from path [0, 5, 0, 0, 0]...
2026-04-22T14:06:05+02:00	[eval_until_opaque] [START]: Eval term:
 fn_client_extensions_append(
	fn_client_extensions_append(
		fn_client_extensions_append(
			fn_client_extensions_new -> Vec<ClientExtension>,
			fn_support_group_extension_make(
				fn_support_group_extension_append(
					fn_support_group_extension_new -> Vec<NamedGroup>,
					fn_named_group_secp384r1 -> NamedGroup
				) -> Vec<NamedGroup>
			) -> ClientExtension
		) -> Vec<ClientExtension>,
		fn_signature_algorithm_extension(
			fn_supported_signature_schemes_extension_append(
				fn_supported_signature_schemes_extension_append(
					fn_supported_signature_schemes_extension_new -> Vec<SignatureScheme>,
					fn_sig_scheme_rsa_pkcs1_sha256 -> SignatureScheme
				) -> Vec<SignatureScheme>,
				fn_sig_scheme_rsa_pss_sha256 -> SignatureScheme
			) -> Vec<SignatureScheme>
		) -> ClientExtension
	) -> Vec<ClientExtension>,
	fn_supported_versions13_extension -> ClientExtension
) -> Vec<ClientExtension>
2026-04-22T14:06:05+02:00	[eval_until_opaque] [App]: Application from path=[0, 5, 0, 0, 0, 0]
2026-04-22T14:06:05+02:00	  + Treating argument # 0 from path [0, 5, 0, 0, 0, 0]...
2026-04-22T14:06:05+02:00	[eval_until_opaque] [START]: Eval term:
 fn_client_extensions_append(
	fn_client_extensions_append(
		fn_client_extensions_new -> Vec<ClientExtension>,
		fn_support_group_extension_make(
			fn_support_group_extension_append(
				fn_support_group_extension_new -> Vec<NamedGroup>,
				fn_named_group_secp384r1 -> NamedGroup
			) -> Vec<NamedGroup>
		) -> ClientExtension
	) -> Vec<ClientExtension>,
	fn_signature_algorithm_extension(
		fn_supported_signature_schemes_extension_append(
			fn_supported_signature_schemes_extension_append(
				fn_supported_signature_schemes_extension_new -> Vec<SignatureScheme>,
				fn_sig_scheme_rsa_pkcs1_sha256 -> SignatureScheme
			) -> Vec<SignatureScheme>,
			fn_sig_scheme_rsa_pss_sha256 -> SignatureScheme
		) -> Vec<SignatureScheme>
	) -> ClientExtension
) -> Vec<ClientExtension>
2026-04-22T14:06:05+02:00	[eval_until_opaque] [App]: Application from path=[0, 5, 0, 0, 0, 0, 0]
2026-04-22T14:06:05+02:00	  + Treating argument # 0 from path [0, 5, 0, 0, 0, 0, 0]...
2026-04-22T14:06:05+02:00	[eval_until_opaque] [START]: Eval term:
 fn_client_extensions_append(
	fn_client_extensions_new -> Vec<ClientExtension>,
	fn_support_group_extension_make(
		fn_support_group_extension_append(
			fn_support_group_extension_new -> Vec<NamedGroup>,
			fn_named_group_secp384r1 -> NamedGroup
		) -> Vec<NamedGroup>
	) -> ClientExtension
) -> Vec<ClientExtension>
2026-04-22T14:06:05+02:00	[eval_until_opaque] [App]: Application from path=[0, 5, 0, 0, 0, 0, 0, 0]
2026-04-22T14:06:05+02:00	  + Treating argument # 0 from path [0, 5, 0, 0, 0, 0, 0, 0]...
2026-04-22T14:06:05+02:00	[eval_until_opaque] [START]: Eval term:
 fn_client_extensions_new -> Vec<ClientExtension>
2026-04-22T14:06:05+02:00	[eval_until_opaque] [App]: Application from path=[0, 5, 0, 0, 0, 0, 0, 0, 0]
2026-04-22T14:06:05+02:00	[eval_until_opaque] Now calling the function symbol tlspuffin::tls::fn_impl::fn_extensions::fn_client_extensions_new implementation and then updating payloads...
2026-04-22T14:06:05+02:00	  + Ending treating argument # 0 from path [0, 5, 0, 0, 0, 0, 0, 0]...
2026-04-22T14:06:05+02:00	  + Treating argument # 1 from path [0, 5, 0, 0, 0, 0, 0, 0]...
2026-04-22T14:06:05+02:00	[eval_until_opaque] [START]: Eval term:
 fn_support_group_extension_make(
	fn_support_group_extension_append(
		fn_support_group_extension_new -> Vec<NamedGroup>,
		fn_named_group_secp384r1 -> NamedGroup
	) -> Vec<NamedGroup>
) -> ClientExtension
2026-04-22T14:06:05+02:00	[eval_until_opaque] [App]: Application from path=[0, 5, 0, 0, 0, 0, 0, 0, 1]
2026-04-22T14:06:05+02:00	  + Treating argument # 0 from path [0, 5, 0, 0, 0, 0, 0, 0, 1]...
2026-04-22T14:06:05+02:00	[eval_until_opaque] [START]: Eval term:
 fn_support_group_extension_append(
	fn_support_group_extension_new -> Vec<NamedGroup>,
	fn_named_group_secp384r1 -> NamedGroup
) -> Vec<NamedGroup>
2026-04-22T14:06:05+02:00	[eval_until_opaque] [App]: Application from path=[0, 5, 0, 0, 0, 0, 0, 0, 1, 0]
2026-04-22T14:06:05+02:00	  + Treating argument # 0 from path [0, 5, 0, 0, 0, 0, 0, 0, 1, 0]...
2026-04-22T14:06:05+02:00	[eval_until_opaque] [START]: Eval term:
 fn_support_group_extension_new -> Vec<NamedGroup>
2026-04-22T14:06:05+02:00	[eval_until_opaque] [App]: Application from path=[0, 5, 0, 0, 0, 0, 0, 0, 1, 0, 0]
2026-04-22T14:06:05+02:00	[eval_until_opaque] Now calling the function symbol tlspuffin::tls::fn_impl::fn_extensions::fn_support_group_extension_new implementation and then updating payloads...
2026-04-22T14:06:05+02:00	  + Ending treating argument # 0 from path [0, 5, 0, 0, 0, 0, 0, 0, 1, 0]...
2026-04-22T14:06:05+02:00	  + Treating argument # 1 from path [0, 5, 0, 0, 0, 0, 0, 0, 1, 0]...
2026-04-22T14:06:05+02:00	[eval_until_opaque] [START]: Eval term:
 fn_named_group_secp384r1 -> NamedGroup
2026-04-22T14:06:05+02:00	[eval_until_opaque] [App]: Application from path=[0, 5, 0, 0, 0, 0, 0, 0, 1, 0, 1]
2026-04-22T14:06:05+02:00	[eval_until_opaque] Now calling the function symbol tlspuffin::tls::fn_impl::fn_utils::fn_named_group_secp384r1 implementation and then updating payloads...
2026-04-22T14:06:05+02:00	  + Ending treating argument # 1 from path [0, 5, 0, 0, 0, 0, 0, 0, 1, 0]...
2026-04-22T14:06:05+02:00	[eval_until_opaque] Now calling the function symbol tlspuffin::tls::fn_impl::fn_extensions::fn_support_group_extension_append implementation and then updating payloads...
2026-04-22T14:06:05+02:00	  + Ending treating argument # 0 from path [0, 5, 0, 0, 0, 0, 0, 0, 1]...
2026-04-22T14:06:05+02:00	[eval_until_opaque] Now calling the function symbol tlspuffin::tls::fn_impl::fn_extensions::fn_support_group_extension_make implementation and then updating payloads...
2026-04-22T14:06:05+02:00	  + Ending treating argument # 1 from path [0, 5, 0, 0, 0, 0, 0, 0]...
2026-04-22T14:06:05+02:00	[eval_until_opaque] Now calling the function symbol tlspuffin::tls::fn_impl::fn_extensions::fn_client_extensions_append implementation and then updating payloads...
2026-04-22T14:06:05+02:00	  + Ending treating argument # 0 from path [0, 5, 0, 0, 0, 0, 0]...
2026-04-22T14:06:05+02:00	  + Treating argument # 1 from path [0, 5, 0, 0, 0, 0, 0]...
2026-04-22T14:06:05+02:00	[eval_until_opaque] [START]: Eval term:
 fn_signature_algorithm_extension(
	fn_supported_signature_schemes_extension_append(
		fn_supported_signature_schemes_extension_append(
			fn_supported_signature_schemes_extension_new -> Vec<SignatureScheme>,
			fn_sig_scheme_rsa_pkcs1_sha256 -> SignatureScheme
		) -> Vec<SignatureScheme>,
		fn_sig_scheme_rsa_pss_sha256 -> SignatureScheme
	) -> Vec<SignatureScheme>
) -> ClientExtension
2026-04-22T14:06:05+02:00	[eval_until_opaque] [App]: Application from path=[0, 5, 0, 0, 0, 0, 0, 1]
2026-04-22T14:06:05+02:00	  + Treating argument # 0 from path [0, 5, 0, 0, 0, 0, 0, 1]...
2026-04-22T14:06:05+02:00	[eval_until_opaque] [START]: Eval term:
 fn_supported_signature_schemes_extension_append(
	fn_supported_signature_schemes_extension_append(
		fn_supported_signature_schemes_extension_new -> Vec<SignatureScheme>,
		fn_sig_scheme_rsa_pkcs1_sha256 -> SignatureScheme
	) -> Vec<SignatureScheme>,
	fn_sig_scheme_rsa_pss_sha256 -> SignatureScheme
) -> Vec<SignatureScheme>
2026-04-22T14:06:05+02:00	[eval_until_opaque] [App]: Application from path=[0, 5, 0, 0, 0, 0, 0, 1, 0]
2026-04-22T14:06:05+02:00	  + Treating argument # 0 from path [0, 5, 0, 0, 0, 0, 0, 1, 0]...
2026-04-22T14:06:05+02:00	[eval_until_opaque] [START]: Eval term:
 fn_supported_signature_schemes_extension_append(
	fn_supported_signature_schemes_extension_new -> Vec<SignatureScheme>,
	fn_sig_scheme_rsa_pkcs1_sha256 -> SignatureScheme
) -> Vec<SignatureScheme>
2026-04-22T14:06:05+02:00	[eval_until_opaque] [App]: Application from path=[0, 5, 0, 0, 0, 0, 0, 1, 0, 0]
2026-04-22T14:06:05+02:00	  + Treating argument # 0 from path [0, 5, 0, 0, 0, 0, 0, 1, 0, 0]...
2026-04-22T14:06:05+02:00	[eval_until_opaque] [START]: Eval term:
 fn_supported_signature_schemes_extension_new -> Vec<SignatureScheme>
2026-04-22T14:06:05+02:00	[eval_until_opaque] [App]: Application from path=[0, 5, 0, 0, 0, 0, 0, 1, 0, 0, 0]
2026-04-22T14:06:05+02:00	[eval_until_opaque] Now calling the function symbol tlspuffin::tls::fn_impl::fn_extensions::fn_supported_signature_schemes_extension_new implementation and then updating payloads...
2026-04-22T14:06:05+02:00	  + Ending treating argument # 0 from path [0, 5, 0, 0, 0, 0, 0, 1, 0, 0]...
2026-04-22T14:06:05+02:00	  + Treating argument # 1 from path [0, 5, 0, 0, 0, 0, 0, 1, 0, 0]...
2026-04-22T14:06:05+02:00	[eval_until_opaque] [START]: Eval term:
 fn_sig_scheme_rsa_pkcs1_sha256 -> SignatureScheme
2026-04-22T14:06:05+02:00	[eval_until_opaque] [App]: Application from path=[0, 5, 0, 0, 0, 0, 0, 1, 0, 0, 1]
2026-04-22T14:06:05+02:00	[eval_until_opaque] Now calling the function symbol tlspuffin::tls::fn_impl::fn_extensions::fn_sig_scheme_rsa_pkcs1_sha256 implementation and then updating payloads...
2026-04-22T14:06:05+02:00	  + Ending treating argument # 1 from path [0, 5, 0, 0, 0, 0, 0, 1, 0, 0]...
2026-04-22T14:06:05+02:00	[eval_until_opaque] Now calling the function symbol tlspuffin::tls::fn_impl::fn_extensions::fn_supported_signature_schemes_extension_append implementation and then updating payloads...
2026-04-22T14:06:05+02:00	  + Ending treating argument # 0 from path [0, 5, 0, 0, 0, 0, 0, 1, 0]...
2026-04-22T14:06:05+02:00	  + Treating argument # 1 from path [0, 5, 0, 0, 0, 0, 0, 1, 0]...
2026-04-22T14:06:05+02:00	[eval_until_opaque] [START]: Eval term:
 fn_sig_scheme_rsa_pss_sha256 -> SignatureScheme
2026-04-22T14:06:05+02:00	[eval_until_opaque] [App]: Application from path=[0, 5, 0, 0, 0, 0, 0, 1, 0, 1]
2026-04-22T14:06:05+02:00	[eval_until_opaque] Now calling the function symbol tlspuffin::tls::fn_impl::fn_extensions::fn_sig_scheme_rsa_pss_sha256 implementation and then updating payloads...
2026-04-22T14:06:05+02:00	  + Ending treating argument # 1 from path [0, 5, 0, 0, 0, 0, 0, 1, 0]...
2026-04-22T14:06:05+02:00	[eval_until_opaque] Now calling the function symbol tlspuffin::tls::fn_impl::fn_extensions::fn_supported_signature_schemes_extension_append implementation and then updating payloads...
2026-04-22T14:06:05+02:00	  + Ending treating argument # 0 from path [0, 5, 0, 0, 0, 0, 0, 1]...
2026-04-22T14:06:05+02:00	[eval_until_opaque] Now calling the function symbol tlspuffin::tls::fn_impl::fn_extensions::fn_signature_algorithm_extension implementation and then updating payloads...
2026-04-22T14:06:05+02:00	  + Ending treating argument # 1 from path [0, 5, 0, 0, 0, 0, 0]...
2026-04-22T14:06:05+02:00	[eval_until_opaque] Now calling the function symbol tlspuffin::tls::fn_impl::fn_extensions::fn_client_extensions_append implementation and then updating payloads...
2026-04-22T14:06:05+02:00	  + Ending treating argument # 0 from path [0, 5, 0, 0, 0, 0]...
2026-04-22T14:06:05+02:00	  + Treating argument # 1 from path [0, 5, 0, 0, 0, 0]...
2026-04-22T14:06:05+02:00	[eval_until_opaque] [START]: Eval term:
 fn_supported_versions13_extension -> ClientExtension
2026-04-22T14:06:05+02:00	[eval_until_opaque] [App]: Application from path=[0, 5, 0, 0, 0, 0, 1]
2026-04-22T14:06:05+02:00	[eval_until_opaque] Now calling the function symbol tlspuffin::tls::fn_impl::fn_extensions::fn_supported_versions13_extension implementation and then updating payloads...
2026-04-22T14:06:05+02:00	  + Ending treating argument # 1 from path [0, 5, 0, 0, 0, 0]...
2026-04-22T14:06:05+02:00	[eval_until_opaque] Now calling the function symbol tlspuffin::tls::fn_impl::fn_extensions::fn_client_extensions_append implementation and then updating payloads...
2026-04-22T14:06:05+02:00	  + Ending treating argument # 0 from path [0, 5, 0, 0, 0]...
2026-04-22T14:06:05+02:00	  + Treating argument # 1 from path [0, 5, 0, 0, 0]...
2026-04-22T14:06:05+02:00	[eval_until_opaque] [START]: Eval term:
 fn_key_share_extension_make(
	fn_key_share_extension_append(
		fn_key_share_extension_new -> Vec<KeyShareEntry>,
		fn_key_share_deterministic(
			fn_named_group_secp384r1 -> NamedGroup
		) -> KeyShareEntry
	) -> Vec<KeyShareEntry>
) -> ClientExtension
2026-04-22T14:06:05+02:00	[eval_until_opaque] [App]: Application from path=[0, 5, 0, 0, 0, 1]
2026-04-22T14:06:05+02:00	  + Treating argument # 0 from path [0, 5, 0, 0, 0, 1]...
2026-04-22T14:06:05+02:00	[eval_until_opaque] [START]: Eval term:
 fn_key_share_extension_append(
	fn_key_share_extension_new -> Vec<KeyShareEntry>,
	fn_key_share_deterministic(
		fn_named_group_secp384r1 -> NamedGroup
	) -> KeyShareEntry
) -> Vec<KeyShareEntry>
2026-04-22T14:06:05+02:00	[eval_until_opaque] [App]: Application from path=[0, 5, 0, 0, 0, 1, 0]
2026-04-22T14:06:05+02:00	  + Treating argument # 0 from path [0, 5, 0, 0, 0, 1, 0]...
2026-04-22T14:06:05+02:00	[eval_until_opaque] [START]: Eval term:
 fn_key_share_extension_new -> Vec<KeyShareEntry>
2026-04-22T14:06:05+02:00	[eval_until_opaque] [App]: Application from path=[0, 5, 0, 0, 0, 1, 0, 0]
2026-04-22T14:06:05+02:00	[eval_until_opaque] Now calling the function symbol tlspuffin::tls::fn_impl::fn_extensions::fn_key_share_extension_new implementation and then updating payloads...
2026-04-22T14:06:05+02:00	  + Ending treating argument # 0 from path [0, 5, 0, 0, 0, 1, 0]...
2026-04-22T14:06:05+02:00	  + Treating argument # 1 from path [0, 5, 0, 0, 0, 1, 0]...
2026-04-22T14:06:05+02:00	[eval_until_opaque] [START]: Eval term:
 fn_key_share_deterministic(
	fn_named_group_secp384r1 -> NamedGroup
) -> KeyShareEntry
2026-04-22T14:06:05+02:00	[eval_until_opaque] [App]: Application from path=[0, 5, 0, 0, 0, 1, 0, 1]
2026-04-22T14:06:05+02:00	  + Treating argument # 0 from path [0, 5, 0, 0, 0, 1, 0, 1]...
2026-04-22T14:06:05+02:00	[eval_until_opaque] [START]: Eval term:
 fn_named_group_secp384r1 -> NamedGroup
2026-04-22T14:06:05+02:00	[eval_until_opaque] [App]: Application from path=[0, 5, 0, 0, 0, 1, 0, 1, 0]
2026-04-22T14:06:05+02:00	[eval_until_opaque] Now calling the function symbol tlspuffin::tls::fn_impl::fn_utils::fn_named_group_secp384r1 implementation and then updating payloads...
2026-04-22T14:06:05+02:00	  + Ending treating argument # 0 from path [0, 5, 0, 0, 0, 1, 0, 1]...
2026-04-22T14:06:05+02:00	[eval_until_opaque] Now calling the function symbol tlspuffin::tls::fn_impl::fn_extensions::fn_key_share_deterministic implementation and then updating payloads...
2026-04-22T14:06:05+02:00	  + Ending treating argument # 1 from path [0, 5, 0, 0, 0, 1, 0]...
2026-04-22T14:06:05+02:00	[eval_until_opaque] Now calling the function symbol tlspuffin::tls::fn_impl::fn_extensions::fn_key_share_extension_append implementation and then updating payloads...
2026-04-22T14:06:05+02:00	  + Ending treating argument # 0 from path [0, 5, 0, 0, 0, 1]...
2026-04-22T14:06:05+02:00	[eval_until_opaque] Now calling the function symbol tlspuffin::tls::fn_impl::fn_extensions::fn_key_share_extension_make implementation and then updating payloads...
2026-04-22T14:06:05+02:00	  + Ending treating argument # 1 from path [0, 5, 0, 0, 0]...
2026-04-22T14:06:05+02:00	[eval_until_opaque] Now calling the function symbol tlspuffin::tls::fn_impl::fn_extensions::fn_client_extensions_append implementation and then updating payloads...
2026-04-22T14:06:05+02:00	  + Ending treating argument # 0 from path [0, 5, 0, 0]...
2026-04-22T14:06:05+02:00	  + Treating argument # 1 from path [0, 5, 0, 0]...
2026-04-22T14:06:05+02:00	[eval_until_opaque] [START]: Eval term:
 fn_psk_exchange_mode_dhe_ke_extension -> ClientExtension
2026-04-22T14:06:05+02:00	[eval_until_opaque] [App]: Application from path=[0, 5, 0, 0, 1]
2026-04-22T14:06:05+02:00	[eval_until_opaque] Now calling the function symbol tlspuffin::tls::fn_impl::fn_extensions::fn_psk_exchange_mode_dhe_ke_extension implementation and then updating payloads...
2026-04-22T14:06:05+02:00	  + Ending treating argument # 1 from path [0, 5, 0, 0]...
2026-04-22T14:06:05+02:00	[eval_until_opaque] Now calling the function symbol tlspuffin::tls::fn_impl::fn_extensions::fn_client_extensions_append implementation and then updating payloads...
2026-04-22T14:06:05+02:00	  + Ending treating argument # 0 from path [0, 5, 0]...
2026-04-22T14:06:05+02:00	  + Treating argument # 1 from path [0, 5, 0]...
2026-04-22T14:06:05+02:00	[eval_until_opaque] [START]: Eval term:
 fn_preshared_keys_extension_empty_binder(
	fn_find_server_ticket(
		fn_decrypt_application_flight(
			(Some(Agent(AgentName(0))), 1)[None]/MessageFlight,
			fn_server_hello_transcript(
				(Some(Agent(AgentName(0))), 0)[None]/TranscriptServerHello
			) -> HandshakeHash,
			fn_server_finished_transcript(
				(Some(Agent(AgentName(0))), 0)[None]/TranscriptServerFinished
			) -> HandshakeHash,
			fn_get_server_key_share(
				(Some(Agent(AgentName(0))), 0)[None]/Vec<ServerExtension>
			) -> Vec<u8>>,
			fn_no_psk -> Vec<u8>>,
			fn_named_group_secp384r1 -> NamedGroup,
			fn_true -> bool,
			fn_seq_0 -> u64,
			fn_new_random -> Random,
			fn_cipher_suite13_aes_128_gcm_sha256 -> CipherSuite
		) -> MessageFlight
	) -> Message
) -> ClientExtension
2026-04-22T14:06:05+02:00	[eval_until_opaque] [App]: Application from path=[0, 5, 0, 1]
2026-04-22T14:06:05+02:00	  + Treating argument # 0 from path [0, 5, 0, 1]...
2026-04-22T14:06:05+02:00	[eval_until_opaque] [START]: Eval term:
 fn_find_server_ticket(
	fn_decrypt_application_flight(
		(Some(Agent(AgentName(0))), 1)[None]/MessageFlight,
		fn_server_hello_transcript(
			(Some(Agent(AgentName(0))), 0)[None]/TranscriptServerHello
		) -> HandshakeHash,
		fn_server_finished_transcript(
			(Some(Agent(AgentName(0))), 0)[None]/TranscriptServerFinished
		) -> HandshakeHash,
		fn_get_server_key_share(
			(Some(Agent(AgentName(0))), 0)[None]/Vec<ServerExtension>
		) -> Vec<u8>>,
		fn_no_psk -> Vec<u8>>,
		fn_named_group_secp384r1 -> NamedGroup,
		fn_true -> bool,
		fn_seq_0 -> u64,
		fn_new_random -> Random,
		fn_cipher_suite13_aes_128_gcm_sha256 -> CipherSuite
	) -> MessageFlight
) -> Message
2026-04-22T14:06:05+02:00	[eval_until_opaque] [App]: Application from path=[0, 5, 0, 1, 0]
2026-04-22T14:06:05+02:00	  + Treating argument # 0 from path [0, 5, 0, 1, 0]...
2026-04-22T14:06:05+02:00	[eval_until_opaque] [START]: Eval term:
 fn_decrypt_application_flight(
	(Some(Agent(AgentName(0))), 1)[None]/MessageFlight,
	fn_server_hello_transcript(
		(Some(Agent(AgentName(0))), 0)[None]/TranscriptServerHello
	) -> HandshakeHash,
	fn_server_finished_transcript(
		(Some(Agent(AgentName(0))), 0)[None]/TranscriptServerFinished
	) -> HandshakeHash,
	fn_get_server_key_share(
		(Some(Agent(AgentName(0))), 0)[None]/Vec<ServerExtension>
	) -> Vec<u8>>,
	fn_no_psk -> Vec<u8>>,
	fn_named_group_secp384r1 -> NamedGroup,
	fn_true -> bool,
	fn_seq_0 -> u64,
	fn_new_random -> Random,
	fn_cipher_suite13_aes_128_gcm_sha256 -> CipherSuite
) -> MessageFlight
2026-04-22T14:06:05+02:00	[eval_until_opaque] [App]: Application from path=[0, 5, 0, 1, 0, 0]
2026-04-22T14:06:05+02:00	  + Treating argument # 0 from path [0, 5, 0, 1, 0, 0]...
2026-04-22T14:06:05+02:00	[eval_until_opaque] [START]: Eval term:
 (Some(Agent(AgentName(0))), 1)[None]/MessageFlight
2026-04-22T14:06:05+02:00	Looking for variable in KnowledgeStore { raw_knowledge: [RawKnowledge { source: Agent(AgentName(0)), step: Some(StepNumber { trace: 0, step: 0 }), matcher: None, associated_term: None, data: OpaqueMessageFlight { messages: [OpaqueMessage { typ: Handshake, version: TLSv1_2, payload: Payload([2, 0, 0, 183, 3, 3, 63, 148, 245, 191, 85, 230, 165, 49, 123, 136, 53, 52, 239, 236, 39, 162, 4, 175, 81, 216, 80, 60, 162, 59, 146, 98, 56, 55, 251, 172, 31, 22, 32, 3, 3, 3, 3, 3, 3, 3, 3, 3, 3, 3, 3, 3, 3, 3, 3, 3, 3, 3, 3, 3, 3, 3, 3, 3, 3, 3, 3, 3, 3, 3, 3, 19, 1, 0, 0, 111, 0, 51, 0, 101, 0, 24, 0, 97, 4, 102, 129, 187, 178, 183, 174, 0, 246, 178, 85, 2, 83, 76, 88, 187, 63, 10, 5, 89, 120, 46, 227, 165, 124, 209, 244, 47, 111, 216, 114, 177, 50, 25, 174, 49, 167, 209, 6, 238, 131, 8, 243, 188, 146, 212, 101, 210, 76, 240, 187, 240, 81, 150, 134, 134, 128, 140, 239, 1, 25, 250, 109, 167, 208, 212, 162, 255, 183, 122, 27, 194, 181, 242, 207, 188, 231, 40, 147, 183, 176, 193, 98, 190, 4, 151, 83, 146, 86, 69, 167, 224, 93, 120, 231, 91, 64, 0, 43, 0, 2, 3, 4]) }, OpaqueMessage { typ: ChangeCipherSpec, version: TLSv1_2, payload: Payload([1]) }, OpaqueMessage { typ: ApplicationData, version: TLSv1_2, payload: Payload([61, 183, 220, 87, 136, 131, 175, 12, 246, 81, 229, 185, 94, 197, 61, 185, 136, 35, 0, 60, 157, 138, 149]) }, OpaqueMessage { typ: ApplicationData, version: TLSv1_2, payload: Payload([85, 202, 19, 94, 245, 164, 25, 115, 111, 147, 196, 57, 226, 5, 17, 137, 213, 117, 169, 95, 89, 58, 192, 117, 13, 18, 184, 173, 210, 30, 90, 219, 139, 132, 47, 214, 65, 167, 220, 241, 174, 127, 240, 138, 245, 1, 231, 141, 95, 126, 97, 129, 167, 119, 38, 102, 214, 24, 46, 221, 220, 72, 248, 152, 241, 192, 52, 229, 80, 14, 156, 225, 235, 176, 132, 6, 179, 203, 90, 243, 232, 49, 37, 57, 219, 195, 105, 86, 219, 55, 90, 31, 112, 213, 220, 181, 234, 182, 1, 26, 53, 155, 66, 184, 205, 145, 237, 41, 188, 220, 86, 157, 253, 224, 199, 206, 227, 144, 125, 31, 200, 84, 187, 206, 149, 14, 166, 212, 0, 249, 214, 176, 56, 184, 10, 241, 127, 81, 140, 155, 20, 45, 169, 229, 140, 15, 213, 36, 161, 110, 105, 37, 247, 82, 195, 27, 90, 160, 183, 205, 178, 221, 155, 47, 210, 217, 106, 10, 97, 38, 39, 59, 25, 175, 130, 236, 35, 131, 132, 167, 198, 52, 124, 90, 135, 235, 165, 112, 245, 91, 197, 91, 90, 214, 34, 251, 99, 40, 46, 222, 5, 52, 91, 148, 201, 4, 28, 238, 173, 193, 204, 115, 191, 167, 208, 121, 16, 152, 100, 116, 119, 123, 15, 189, 67, 6, 196, 214, 37, 22, 99, 11, 183, 6, 59, 235, 230, 197, 243, 240, 169, 47, 164, 20, 84, 179, 215, 199, 144, 81, 230, 0, 10, 71, 233, 174, 163, 27, 114, 33, 82, 248, 194, 30, 251, 160, 186, 50, 143, 208, 253, 72, 215, 102, 89, 163, 109, 64, 210, 15, 115, 187, 167, 100, 135, 213, 91, 171, 170, 133, 89, 24, 117, 187, 67, 89, 87, 160, 238, 35, 239, 91, 212, 170, 85, 28, 42, 107, 98, 140, 114, 195, 26, 15, 51, 177, 158, 148, 95, 205, 209, 20, 103, 128, 158, 160, 21, 155, 219, 74, 126, 223, 215, 53, 185, 100, 76, 92, 197, 178, 171, 214, 251, 8, 150, 101, 146, 232, 129, 155, 162, 213, 93, 217, 134, 227, 2, 149, 49, 208, 145, 95, 24, 172, 31, 19, 232, 217, 73, 208, 182, 215, 252, 188, 15, 232, 78, 77, 47, 200, 227, 26, 116, 204, 87, 16, 12, 231, 17, 2, 75, 249, 146, 204, 80, 78, 104, 16, 255, 234, 139, 153, 185, 168, 145, 3, 254, 168, 115, 67, 248, 107, 85, 105, 128, 28, 142, 245, 65, 159, 33, 134, 75, 124, 47, 113, 183, 118, 119, 4, 225, 241, 218, 170, 25, 244, 166, 233, 138, 146, 135, 209, 131, 184, 125, 65, 74, 101, 243, 45, 136, 231, 12, 250, 164, 202, 79, 111, 104, 176, 104, 190, 129, 65, 45, 245, 109, 71, 110, 167, 149, 38, 101, 46, 87, 184, 245, 244, 249, 138, 218, 8, 94, 144, 212, 81, 214, 56, 20, 151, 162, 5, 16, 247, 205, 210, 216, 197, 38, 202, 170, 46, 93, 115, 118, 49, 86, 154, 101, 97, 33, 9, 181, 169, 176, 19, 150, 244, 216, 254, 111, 65, 81, 67, 50, 94, 116, 82, 254, 155, 217, 149, 198, 29, 198, 249, 119, 204, 214, 248, 86, 95, 226, 96, 80, 44, 136, 87, 75, 27, 104, 242, 187, 59, 47, 123, 158, 218, 19, 216, 220, 216, 69, 170, 35, 10, 103, 5, 49, 242, 42, 184, 132, 53, 58, 245, 38, 151, 138, 103, 144, 4, 208, 54, 139, 19, 108, 147, 110, 174, 221, 97, 221, 142, 1, 92, 122, 171, 155, 113, 149, 107, 29, 135, 92, 20, 194, 64, 15, 29, 174, 21, 36, 64, 74, 43, 78, 155, 227, 89, 64, 99, 218, 186, 56, 66, 236, 56, 27, 238, 117, 171, 1, 197, 88, 68, 0, 185, 173, 101, 217, 194, 138, 75, 81, 9, 221, 9, 3, 233, 252, 221, 255, 162, 93, 78, 216, 6, 18, 122, 33, 108, 131, 71, 209, 80, 214, 215, 114, 100, 179, 58, 190, 104, 221, 221, 183, 80, 136, 125, 129, 93, 170, 157, 112, 132, 44, 37, 250, 26, 249, 157, 117, 86, 242, 3, 108, 79, 147, 37, 203, 19, 23, 192, 51, 225, 59, 82, 203, 254, 53, 213, 25, 217, 176, 74, 57, 113, 245, 159, 58, 91, 139, 145, 220, 34, 126, 221, 117, 175, 52, 77, 44, 93, 20, 82, 138, 217, 50, 148, 217, 84, 34, 92, 219, 120, 160, 109, 142, 11, 69, 11, 194, 182, 160, 219, 61, 105, 213, 252, 195, 252, 3, 194, 232, 51, 118, 246, 240, 224, 30, 140, 50, 233, 243, 255, 149, 128, 10, 31, 89, 206, 223, 181, 46, 123, 201, 38, 6, 21, 241, 24, 29, 80, 9, 38, 218, 186, 11, 7, 244, 92, 143, 144, 243, 164, 147, 107, 135, 84, 219, 126, 251, 85, 121, 234, 63, 55, 144, 17, 3, 107, 131, 231, 250, 79, 218, 254, 2, 84, 94, 232, 98, 53, 237, 134, 201, 186, 183]) }, OpaqueMessage { typ: ApplicationData, version: TLSv1_2, payload: Payload([150, 122, 131, 193, 166, 117, 201, 137, 10, 82, 199, 42, 53, 33, 93, 229, 46, 187, 133, 200, 145, 230, 229, 76, 119, 46, 122, 44, 156, 132, 34, 168, 226, 61, 250, 253, 209, 135, 223, 208, 210, 201, 79, 166, 102, 76, 197, 231, 59, 121, 70, 174, 144, 90, 198, 116, 102, 19, 225, 212, 204, 246, 228, 53, 89, 1, 226, 4, 130, 251, 125, 246, 17, 212, 217, 243, 193, 28, 75, 7, 46, 197, 49, 112, 5, 39, 233, 239, 75, 100, 115, 37, 150, 229, 29, 192, 238, 87, 245, 96, 146, 154, 211, 145, 245, 155, 70, 45, 50, 230, 18, 177, 213, 85, 14, 156, 237, 188, 88, 111, 64, 137, 131, 26, 249, 16, 74, 175, 108, 141, 103, 226, 155, 85, 239, 87, 109, 97, 46, 101, 38, 21, 127, 57, 173, 210, 118, 70, 197, 176, 148, 93, 25, 96, 190, 195, 105, 220, 113, 84, 15, 46, 1, 130, 94, 180, 1, 45, 206, 195, 133, 241, 160, 239, 81, 48, 245, 25, 126, 164, 10, 36, 80, 103, 225, 160, 26, 1, 179, 201, 151, 56, 69, 74, 62, 109, 87, 21, 4, 68, 84, 182, 64, 6, 198, 65, 56, 172, 89, 151, 244, 133, 66, 70, 87, 139, 207, 69, 53, 62, 187, 170, 64, 171, 169, 145, 46, 184, 135, 176, 0, 161, 224, 254, 101, 70, 2, 134, 204, 81, 236, 115, 40, 126, 230, 116, 32, 46, 14, 191, 154, 184, 196, 205, 2, 202, 93, 201, 150, 94, 173, 75, 112, 193, 13, 202, 251, 232, 119, 9, 139, 177, 141, 35, 79, 192, 85, 135, 247, 215, 198]) }, OpaqueMessage { typ: ApplicationData, version: TLSv1_2, payload: Payload([214, 2, 137, 59, 5, 211, 38, 87, 122, 27, 16, 119, 179, 244, 53, 248, 124, 122, 117, 120, 224, 184, 70, 195, 186, 77, 129, 52, 140, 246, 35, 183, 120, 127, 235, 19, 184, 142, 144, 67, 57, 84, 162, 56, 150, 57, 199, 148, 160, 64, 228, 220, 80]) }] } }, RawKnowledge { source: Agent(AgentName(0)), step: Some(StepNumber { trace: 0, step: 0 }), matcher: None, associated_term: None, data: MessageFlight { messages: [Message { version: TLSv1_2, payload: Handshake(HandshakeMessagePayload { typ: ServerHello, payload: ServerHello(ServerHelloPayload { legacy_version: TLSv1_2, random: Random([63, 148, 245, 191, 85, 230, 165, 49, 123, 136, 53, 52, 239, 236, 39, 162, 4, 175, 81, 216, 80, 60, 162, 59, 146, 98, 56, 55, 251, 172, 31, 22]), session_id: SessionID([3, 3, 3, 3, 3, 3, 3, 3, 3, 3, 3, 3, 3, 3, 3, 3, 3, 3, 3, 3, 3, 3, 3, 3, 3, 3, 3, 3, 3, 3, 3, 3]), cipher_suite: TLS13_AES_128_GCM_SHA256, compression_method: Null, extensions: ServerExtensions([KeyShare(KeyShareEntry { group: secp384r1, payload: PayloadU16([4, 102, 129, 187, 178, 183, 174, 0, 246, 178, 85, 2, 83, 76, 88, 187, 63, 10, 5, 89, 120, 46, 227, 165, 124, 209, 244, 47, 111, 216, 114, 177, 50, 25, 174, 49, 167, 209, 6, 238, 131, 8, 243, 188, 146, 212, 101, 210, 76, 240, 187, 240, 81, 150, 134, 134, 128, 140, 239, 1, 25, 250, 109, 167, 208, 212, 162, 255, 183, 122, 27, 194, 181, 242, 207, 188, 231, 40, 147, 183, 176, 193, 98, 190, 4, 151, 83, 146, 86, 69, 167, 224, 93, 120, 231, 91, 64]) }), SupportedVersions(TLSv1_3)]) }) }) }, Message { version: TLSv1_2, payload: ChangeCipherSpec(ChangeCipherSpecPayload) }, Message { version: TLSv1_2, payload: ApplicationData(Payload([61, 183, 220, 87, 136, 131, 175, 12, 246, 81, 229, 185, 94, 197, 61, 185, 136, 35, 0, 60, 157, 138, 149])) }, Message { version: TLSv1_2, payload: ApplicationData(Payload([85, 202, 19, 94, 245, 164, 25, 115, 111, 147, 196, 57, 226, 5, 17, 137, 213, 117, 169, 95, 89, 58, 192, 117, 13, 18, 184, 173, 210, 30, 90, 219, 139, 132, 47, 214, 65, 167, 220, 241, 174, 127, 240, 138, 245, 1, 231, 141, 95, 126, 97, 129, 167, 119, 38, 102, 214, 24, 46, 221, 220, 72, 248, 152, 241, 192, 52, 229, 80, 14, 156, 225, 235, 176, 132, 6, 179, 203, 90, 243, 232, 49, 37, 57, 219, 195, 105, 86, 219, 55, 90, 31, 112, 213, 220, 181, 234, 182, 1, 26, 53, 155, 66, 184, 205, 145, 237, 41, 188, 220, 86, 157, 253, 224, 199, 206, 227, 144, 125, 31, 200, 84, 187, 206, 149, 14, 166, 212, 0, 249, 214, 176, 56, 184, 10, 241, 127, 81, 140, 155, 20, 45, 169, 229, 140, 15, 213, 36, 161, 110, 105, 37, 247, 82, 195, 27, 90, 160, 183, 205, 178, 221, 155, 47, 210, 217, 106, 10, 97, 38, 39, 59, 25, 175, 130, 236, 35, 131, 132, 167, 198, 52, 124, 90, 135, 235, 165, 112, 245, 91, 197, 91, 90, 214, 34, 251, 99, 40, 46, 222, 5, 52, 91, 148, 201, 4, 28, 238, 173, 193, 204, 115, 191, 167, 208, 121, 16, 152, 100, 116, 119, 123, 15, 189, 67, 6, 196, 214, 37, 22, 99, 11, 183, 6, 59, 235, 230, 197, 243, 240, 169, 47, 164, 20, 84, 179, 215, 199, 144, 81, 230, 0, 10, 71, 233, 174, 163, 27, 114, 33, 82, 248, 194, 30, 251, 160, 186, 50, 143, 208, 253, 72, 215, 102, 89, 163, 109, 64, 210, 15, 115, 187, 167, 100, 135, 213, 91, 171, 170, 133, 89, 24, 117, 187, 67, 89, 87, 160, 238, 35, 239, 91, 212, 170, 85, 28, 42, 107, 98, 140, 114, 195, 26, 15, 51, 177, 158, 148, 95, 205, 209, 20, 103, 128, 158, 160, 21, 155, 219, 74, 126, 223, 215, 53, 185, 100, 76, 92, 197, 178, 171, 214, 251, 8, 150, 101, 146, 232, 129, 155, 162, 213, 93, 217, 134, 227, 2, 149, 49, 208, 145, 95, 24, 172, 31, 19, 232, 217, 73, 208, 182, 215, 252, 188, 15, 232, 78, 77, 47, 200, 227, 26, 116, 204, 87, 16, 12, 231, 17, 2, 75, 249, 146, 204, 80, 78, 104, 16, 255, 234, 139, 153, 185, 168, 145, 3, 254, 168, 115, 67, 248, 107, 85, 105, 128, 28, 142, 245, 65, 159, 33, 134, 75, 124, 47, 113, 183, 118, 119, 4, 225, 241, 218, 170, 25, 244, 166, 233, 138, 146, 135, 209, 131, 184, 125, 65, 74, 101, 243, 45, 136, 231, 12, 250, 164, 202, 79, 111, 104, 176, 104, 190, 129, 65, 45, 245, 109, 71, 110, 167, 149, 38, 101, 46, 87, 184, 245, 244, 249, 138, 218, 8, 94, 144, 212, 81, 214, 56, 20, 151, 162, 5, 16, 247, 205, 210, 216, 197, 38, 202, 170, 46, 93, 115, 118, 49, 86, 154, 101, 97, 33, 9, 181, 169, 176, 19, 150, 244, 216, 254, 111, 65, 81, 67, 50, 94, 116, 82, 254, 155, 217, 149, 198, 29, 198, 249, 119, 204, 214, 248, 86, 95, 226, 96, 80, 44, 136, 87, 75, 27, 104, 242, 187, 59, 47, 123, 158, 218, 19, 216, 220, 216, 69, 170, 35, 10, 103, 5, 49, 242, 42, 184, 132, 53, 58, 245, 38, 151, 138, 103, 144, 4, 208, 54, 139, 19, 108, 147, 110, 174, 221, 97, 221, 142, 1, 92, 122, 171, 155, 113, 149, 107, 29, 135, 92, 20, 194, 64, 15, 29, 174, 21, 36, 64, 74, 43, 78, 155, 227, 89, 64, 99, 218, 186, 56, 66, 236, 56, 27, 238, 117, 171, 1, 197, 88, 68, 0, 185, 173, 101, 217, 194, 138, 75, 81, 9, 221, 9, 3, 233, 252, 221, 255, 162, 93, 78, 216, 6, 18, 122, 33, 108, 131, 71, 209, 80, 214, 215, 114, 100, 179, 58, 190, 104, 221, 221, 183, 80, 136, 125, 129, 93, 170, 157, 112, 132, 44, 37, 250, 26, 249, 157, 117, 86, 242, 3, 108, 79, 147, 37, 203, 19, 23, 192, 51, 225, 59, 82, 203, 254, 53, 213, 25, 217, 176, 74, 57, 113, 245, 159, 58, 91, 139, 145, 220, 34, 126, 221, 117, 175, 52, 77, 44, 93, 20, 82, 138, 217, 50, 148, 217, 84, 34, 92, 219, 120, 160, 109, 142, 11, 69, 11, 194, 182, 160, 219, 61, 105, 213, 252, 195, 252, 3, 194, 232, 51, 118, 246, 240, 224, 30, 140, 50, 233, 243, 255, 149, 128, 10, 31, 89, 206, 223, 181, 46, 123, 201, 38, 6, 21, 241, 24, 29, 80, 9, 38, 218, 186, 11, 7, 244, 92, 143, 144, 243, 164, 147, 107, 135, 84, 219, 126, 251, 85, 121, 234, 63, 55, 144, 17, 3, 107, 131, 231, 250, 79, 218, 254, 2, 84, 94, 232, 98, 53, 237, 134, 201, 186, 183])) }, Message { version: TLSv1_2, payload: ApplicationData(Payload([150, 122, 131, 193, 166, 117, 201, 137, 10, 82, 199, 42, 53, 33, 93, 229, 46, 187, 133, 200, 145, 230, 229, 76, 119, 46, 122, 44, 156, 132, 34, 168, 226, 61, 250, 253, 209, 135, 223, 208, 210, 201, 79, 166, 102, 76, 197, 231, 59, 121, 70, 174, 144, 90, 198, 116, 102, 19, 225, 212, 204, 246, 228, 53, 89, 1, 226, 4, 130, 251, 125, 246, 17, 212, 217, 243, 193, 28, 75, 7, 46, 197, 49, 112, 5, 39, 233, 239, 75, 100, 115, 37, 150, 229, 29, 192, 238, 87, 245, 96, 146, 154, 211, 145, 245, 155, 70, 45, 50, 230, 18, 177, 213, 85, 14, 156, 237, 188, 88, 111, 64, 137, 131, 26, 249, 16, 74, 175, 108, 141, 103, 226, 155, 85, 239, 87, 109, 97, 46, 101, 38, 21, 127, 57, 173, 210, 118, 70, 197, 176, 148, 93, 25, 96, 190, 195, 105, 220, 113, 84, 15, 46, 1, 130, 94, 180, 1, 45, 206, 195, 133, 241, 160, 239, 81, 48, 245, 25, 126, 164, 10, 36, 80, 103, 225, 160, 26, 1, 179, 201, 151, 56, 69, 74, 62, 109, 87, 21, 4, 68, 84, 182, 64, 6, 198, 65, 56, 172, 89, 151, 244, 133, 66, 70, 87, 139, 207, 69, 53, 62, 187, 170, 64, 171, 169, 145, 46, 184, 135, 176, 0, 161, 224, 254, 101, 70, 2, 134, 204, 81, 236, 115, 40, 126, 230, 116, 32, 46, 14, 191, 154, 184, 196, 205, 2, 202, 93, 201, 150, 94, 173, 75, 112, 193, 13, 202, 251, 232, 119, 9, 139, 177, 141, 35, 79, 192, 85, 135, 247, 215, 198])) }, Message { version: TLSv1_2, payload: ApplicationData(Payload([214, 2, 137, 59, 5, 211, 38, 87, 122, 27, 16, 119, 179, 244, 53, 248, 124, 122, 117, 120, 224, 184, 70, 195, 186, 77, 129, 52, 140, 246, 35, 183, 120, 127, 235, 19, 184, 142, 144, 67, 57, 84, 162, 56, 150, 57, 199, 148, 160, 64, 228, 220, 80])) }] } }] } with query Query { source: Some(Agent(AgentName(0))), matcher: None, counter: 1 }
2026-04-22T14:06:05+02:00	Looking for variable KnowledgeStore { raw_knowledge: [RawKnowledge { source: Agent(AgentName(0)), step: Some(StepNumber { trace: 0, step: 0 }), matcher: None, associated_term: None, data: OpaqueMessageFlight { messages: [OpaqueMessage { typ: Handshake, version: TLSv1_2, payload: Payload([2, 0, 0, 183, 3, 3, 63, 148, 245, 191, 85, 230, 165, 49, 123, 136, 53, 52, 239, 236, 39, 162, 4, 175, 81, 216, 80, 60, 162, 59, 146, 98, 56, 55, 251, 172, 31, 22, 32, 3, 3, 3, 3, 3, 3, 3, 3, 3, 3, 3, 3, 3, 3, 3, 3, 3, 3, 3, 3, 3, 3, 3, 3, 3, 3, 3, 3, 3, 3, 3, 3, 19, 1, 0, 0, 111, 0, 51, 0, 101, 0, 24, 0, 97, 4, 102, 129, 187, 178, 183, 174, 0, 246, 178, 85, 2, 83, 76, 88, 187, 63, 10, 5, 89, 120, 46, 227, 165, 124, 209, 244, 47, 111, 216, 114, 177, 50, 25, 174, 49, 167, 209, 6, 238, 131, 8, 243, 188, 146, 212, 101, 210, 76, 240, 187, 240, 81, 150, 134, 134, 128, 140, 239, 1, 25, 250, 109, 167, 208, 212, 162, 255, 183, 122, 27, 194, 181, 242, 207, 188, 231, 40, 147, 183, 176, 193, 98, 190, 4, 151, 83, 146, 86, 69, 167, 224, 93, 120, 231, 91, 64, 0, 43, 0, 2, 3, 4]) }, OpaqueMessage { typ: ChangeCipherSpec, version: TLSv1_2, payload: Payload([1]) }, OpaqueMessage { typ: ApplicationData, version: TLSv1_2, payload: Payload([61, 183, 220, 87, 136, 131, 175, 12, 246, 81, 229, 185, 94, 197, 61, 185, 136, 35, 0, 60, 157, 138, 149]) }, OpaqueMessage { typ: ApplicationData, version: TLSv1_2, payload: Payload([85, 202, 19, 94, 245, 164, 25, 115, 111, 147, 196, 57, 226, 5, 17, 137, 213, 117, 169, 95, 89, 58, 192, 117, 13, 18, 184, 173, 210, 30, 90, 219, 139, 132, 47, 214, 65, 167, 220, 241, 174, 127, 240, 138, 245, 1, 231, 141, 95, 126, 97, 129, 167, 119, 38, 102, 214, 24, 46, 221, 220, 72, 248, 152, 241, 192, 52, 229, 80, 14, 156, 225, 235, 176, 132, 6, 179, 203, 90, 243, 232, 49, 37, 57, 219, 195, 105, 86, 219, 55, 90, 31, 112, 213, 220, 181, 234, 182, 1, 26, 53, 155, 66, 184, 205, 145, 237, 41, 188, 220, 86, 157, 253, 224, 199, 206, 227, 144, 125, 31, 200, 84, 187, 206, 149, 14, 166, 212, 0, 249, 214, 176, 56, 184, 10, 241, 127, 81, 140, 155, 20, 45, 169, 229, 140, 15, 213, 36, 161, 110, 105, 37, 247, 82, 195, 27, 90, 160, 183, 205, 178, 221, 155, 47, 210, 217, 106, 10, 97, 38, 39, 59, 25, 175, 130, 236, 35, 131, 132, 167, 198, 52, 124, 90, 135, 235, 165, 112, 245, 91, 197, 91, 90, 214, 34, 251, 99, 40, 46, 222, 5, 52, 91, 148, 201, 4, 28, 238, 173, 193, 204, 115, 191, 167, 208, 121, 16, 152, 100, 116, 119, 123, 15, 189, 67, 6, 196, 214, 37, 22, 99, 11, 183, 6, 59, 235, 230, 197, 243, 240, 169, 47, 164, 20, 84, 179, 215, 199, 144, 81, 230, 0, 10, 71, 233, 174, 163, 27, 114, 33, 82, 248, 194, 30, 251, 160, 186, 50, 143, 208, 253, 72, 215, 102, 89, 163, 109, 64, 210, 15, 115, 187, 167, 100, 135, 213, 91, 171, 170, 133, 89, 24, 117, 187, 67, 89, 87, 160, 238, 35, 239, 91, 212, 170, 85, 28, 42, 107, 98, 140, 114, 195, 26, 15, 51, 177, 158, 148, 95, 205, 209, 20, 103, 128, 158, 160, 21, 155, 219, 74, 126, 223, 215, 53, 185, 100, 76, 92, 197, 178, 171, 214, 251, 8, 150, 101, 146, 232, 129, 155, 162, 213, 93, 217, 134, 227, 2, 149, 49, 208, 145, 95, 24, 172, 31, 19, 232, 217, 73, 208, 182, 215, 252, 188, 15, 232, 78, 77, 47, 200, 227, 26, 116, 204, 87, 16, 12, 231, 17, 2, 75, 249, 146, 204, 80, 78, 104, 16, 255, 234, 139, 153, 185, 168, 145, 3, 254, 168, 115, 67, 248, 107, 85, 105, 128, 28, 142, 245, 65, 159, 33, 134, 75, 124, 47, 113, 183, 118, 119, 4, 225, 241, 218, 170, 25, 244, 166, 233, 138, 146, 135, 209, 131, 184, 125, 65, 74, 101, 243, 45, 136, 231, 12, 250, 164, 202, 79, 111, 104, 176, 104, 190, 129, 65, 45, 245, 109, 71, 110, 167, 149, 38, 101, 46, 87, 184, 245, 244, 249, 138, 218, 8, 94, 144, 212, 81, 214, 56, 20, 151, 162, 5, 16, 247, 205, 210, 216, 197, 38, 202, 170, 46, 93, 115, 118, 49, 86, 154, 101, 97, 33, 9, 181, 169, 176, 19, 150, 244, 216, 254, 111, 65, 81, 67, 50, 94, 116, 82, 254, 155, 217, 149, 198, 29, 198, 249, 119, 204, 214, 248, 86, 95, 226, 96, 80, 44, 136, 87, 75, 27, 104, 242, 187, 59, 47, 123, 158, 218, 19, 216, 220, 216, 69, 170, 35, 10, 103, 5, 49, 242, 42, 184, 132, 53, 58, 245, 38, 151, 138, 103, 144, 4, 208, 54, 139, 19, 108, 147, 110, 174, 221, 97, 221, 142, 1, 92, 122, 171, 155, 113, 149, 107, 29, 135, 92, 20, 194, 64, 15, 29, 174, 21, 36, 64, 74, 43, 78, 155, 227, 89, 64, 99, 218, 186, 56, 66, 236, 56, 27, 238, 117, 171, 1, 197, 88, 68, 0, 185, 173, 101, 217, 194, 138, 75, 81, 9, 221, 9, 3, 233, 252, 221, 255, 162, 93, 78, 216, 6, 18, 122, 33, 108, 131, 71, 209, 80, 214, 215, 114, 100, 179, 58, 190, 104, 221, 221, 183, 80, 136, 125, 129, 93, 170, 157, 112, 132, 44, 37, 250, 26, 249, 157, 117, 86, 242, 3, 108, 79, 147, 37, 203, 19, 23, 192, 51, 225, 59, 82, 203, 254, 53, 213, 25, 217, 176, 74, 57, 113, 245, 159, 58, 91, 139, 145, 220, 34, 126, 221, 117, 175, 52, 77, 44, 93, 20, 82, 138, 217, 50, 148, 217, 84, 34, 92, 219, 120, 160, 109, 142, 11, 69, 11, 194, 182, 160, 219, 61, 105, 213, 252, 195, 252, 3, 194, 232, 51, 118, 246, 240, 224, 30, 140, 50, 233, 243, 255, 149, 128, 10, 31, 89, 206, 223, 181, 46, 123, 201, 38, 6, 21, 241, 24, 29, 80, 9, 38, 218, 186, 11, 7, 244, 92, 143, 144, 243, 164, 147, 107, 135, 84, 219, 126, 251, 85, 121, 234, 63, 55, 144, 17, 3, 107, 131, 231, 250, 79, 218, 254, 2, 84, 94, 232, 98, 53, 237, 134, 201, 186, 183]) }, OpaqueMessage { typ: ApplicationData, version: TLSv1_2, payload: Payload([150, 122, 131, 193, 166, 117, 201, 137, 10, 82, 199, 42, 53, 33, 93, 229, 46, 187, 133, 200, 145, 230, 229, 76, 119, 46, 122, 44, 156, 132, 34, 168, 226, 61, 250, 253, 209, 135, 223, 208, 210, 201, 79, 166, 102, 76, 197, 231, 59, 121, 70, 174, 144, 90, 198, 116, 102, 19, 225, 212, 204, 246, 228, 53, 89, 1, 226, 4, 130, 251, 125, 246, 17, 212, 217, 243, 193, 28, 75, 7, 46, 197, 49, 112, 5, 39, 233, 239, 75, 100, 115, 37, 150, 229, 29, 192, 238, 87, 245, 96, 146, 154, 211, 145, 245, 155, 70, 45, 50, 230, 18, 177, 213, 85, 14, 156, 237, 188, 88, 111, 64, 137, 131, 26, 249, 16, 74, 175, 108, 141, 103, 226, 155, 85, 239, 87, 109, 97, 46, 101, 38, 21, 127, 57, 173, 210, 118, 70, 197, 176, 148, 93, 25, 96, 190, 195, 105, 220, 113, 84, 15, 46, 1, 130, 94, 180, 1, 45, 206, 195, 133, 241, 160, 239, 81, 48, 245, 25, 126, 164, 10, 36, 80, 103, 225, 160, 26, 1, 179, 201, 151, 56, 69, 74, 62, 109, 87, 21, 4, 68, 84, 182, 64, 6, 198, 65, 56, 172, 89, 151, 244, 133, 66, 70, 87, 139, 207, 69, 53, 62, 187, 170, 64, 171, 169, 145, 46, 184, 135, 176, 0, 161, 224, 254, 101, 70, 2, 134, 204, 81, 236, 115, 40, 126, 230, 116, 32, 46, 14, 191, 154, 184, 196, 205, 2, 202, 93, 201, 150, 94, 173, 75, 112, 193, 13, 202, 251, 232, 119, 9, 139, 177, 141, 35, 79, 192, 85, 135, 247, 215, 198]) }, OpaqueMessage { typ: ApplicationData, version: TLSv1_2, payload: Payload([214, 2, 137, 59, 5, 211, 38, 87, 122, 27, 16, 119, 179, 244, 53, 248, 124, 122, 117, 120, 224, 184, 70, 195, 186, 77, 129, 52, 140, 246, 35, 183, 120, 127, 235, 19, 184, 142, 144, 67, 57, 84, 162, 56, 150, 57, 199, 148, 160, 64, 228, 220, 80]) }] } }, RawKnowledge { source: Agent(AgentName(0)), step: Some(StepNumber { trace: 0, step: 0 }), matcher: None, associated_term: None, data: MessageFlight { messages: [Message { version: TLSv1_2, payload: Handshake(HandshakeMessagePayload { typ: ServerHello, payload: ServerHello(ServerHelloPayload { legacy_version: TLSv1_2, random: Random([63, 148, 245, 191, 85, 230, 165, 49, 123, 136, 53, 52, 239, 236, 39, 162, 4, 175, 81, 216, 80, 60, 162, 59, 146, 98, 56, 55, 251, 172, 31, 22]), session_id: SessionID([3, 3, 3, 3, 3, 3, 3, 3, 3, 3, 3, 3, 3, 3, 3, 3, 3, 3, 3, 3, 3, 3, 3, 3, 3, 3, 3, 3, 3, 3, 3, 3]), cipher_suite: TLS13_AES_128_GCM_SHA256, compression_method: Null, extensions: ServerExtensions([KeyShare(KeyShareEntry { group: secp384r1, payload: PayloadU16([4, 102, 129, 187, 178, 183, 174, 0, 246, 178, 85, 2, 83, 76, 88, 187, 63, 10, 5, 89, 120, 46, 227, 165, 124, 209, 244, 47, 111, 216, 114, 177, 50, 25, 174, 49, 167, 209, 6, 238, 131, 8, 243, 188, 146, 212, 101, 210, 76, 240, 187, 240, 81, 150, 134, 134, 128, 140, 239, 1, 25, 250, 109, 167, 208, 212, 162, 255, 183, 122, 27, 194, 181, 242, 207, 188, 231, 40, 147, 183, 176, 193, 98, 190, 4, 151, 83, 146, 86, 69, 167, 224, 93, 120, 231, 91, 64]) }), SupportedVersions(TLSv1_3)]) }) }) }, Message { version: TLSv1_2, payload: ChangeCipherSpec(ChangeCipherSpecPayload) }, Message { version: TLSv1_2, payload: ApplicationData(Payload([61, 183, 220, 87, 136, 131, 175, 12, 246, 81, 229, 185, 94, 197, 61, 185, 136, 35, 0, 60, 157, 138, 149])) }, Message { version: TLSv1_2, payload: ApplicationData(Payload([85, 202, 19, 94, 245, 164, 25, 115, 111, 147, 196, 57, 226, 5, 17, 137, 213, 117, 169, 95, 89, 58, 192, 117, 13, 18, 184, 173, 210, 30, 90, 219, 139, 132, 47, 214, 65, 167, 220, 241, 174, 127, 240, 138, 245, 1, 231, 141, 95, 126, 97, 129, 167, 119, 38, 102, 214, 24, 46, 221, 220, 72, 248, 152, 241, 192, 52, 229, 80, 14, 156, 225, 235, 176, 132, 6, 179, 203, 90, 243, 232, 49, 37, 57, 219, 195, 105, 86, 219, 55, 90, 31, 112, 213, 220, 181, 234, 182, 1, 26, 53, 155, 66, 184, 205, 145, 237, 41, 188, 220, 86, 157, 253, 224, 199, 206, 227, 144, 125, 31, 200, 84, 187, 206, 149, 14, 166, 212, 0, 249, 214, 176, 56, 184, 10, 241, 127, 81, 140, 155, 20, 45, 169, 229, 140, 15, 213, 36, 161, 110, 105, 37, 247, 82, 195, 27, 90, 160, 183, 205, 178, 221, 155, 47, 210, 217, 106, 10, 97, 38, 39, 59, 25, 175, 130, 236, 35, 131, 132, 167, 198, 52, 124, 90, 135, 235, 165, 112, 245, 91, 197, 91, 90, 214, 34, 251, 99, 40, 46, 222, 5, 52, 91, 148, 201, 4, 28, 238, 173, 193, 204, 115, 191, 167, 208, 121, 16, 152, 100, 116, 119, 123, 15, 189, 67, 6, 196, 214, 37, 22, 99, 11, 183, 6, 59, 235, 230, 197, 243, 240, 169, 47, 164, 20, 84, 179, 215, 199, 144, 81, 230, 0, 10, 71, 233, 174, 163, 27, 114, 33, 82, 248, 194, 30, 251, 160, 186, 50, 143, 208, 253, 72, 215, 102, 89, 163, 109, 64, 210, 15, 115, 187, 167, 100, 135, 213, 91, 171, 170, 133, 89, 24, 117, 187, 67, 89, 87, 160, 238, 35, 239, 91, 212, 170, 85, 28, 42, 107, 98, 140, 114, 195, 26, 15, 51, 177, 158, 148, 95, 205, 209, 20, 103, 128, 158, 160, 21, 155, 219, 74, 126, 223, 215, 53, 185, 100, 76, 92, 197, 178, 171, 214, 251, 8, 150, 101, 146, 232, 129, 155, 162, 213, 93, 217, 134, 227, 2, 149, 49, 208, 145, 95, 24, 172, 31, 19, 232, 217, 73, 208, 182, 215, 252, 188, 15, 232, 78, 77, 47, 200, 227, 26, 116, 204, 87, 16, 12, 231, 17, 2, 75, 249, 146, 204, 80, 78, 104, 16, 255, 234, 139, 153, 185, 168, 145, 3, 254, 168, 115, 67, 248, 107, 85, 105, 128, 28, 142, 245, 65, 159, 33, 134, 75, 124, 47, 113, 183, 118, 119, 4, 225, 241, 218, 170, 25, 244, 166, 233, 138, 146, 135, 209, 131, 184, 125, 65, 74, 101, 243, 45, 136, 231, 12, 250, 164, 202, 79, 111, 104, 176, 104, 190, 129, 65, 45, 245, 109, 71, 110, 167, 149, 38, 101, 46, 87, 184, 245, 244, 249, 138, 218, 8, 94, 144, 212, 81, 214, 56, 20, 151, 162, 5, 16, 247, 205, 210, 216, 197, 38, 202, 170, 46, 93, 115, 118, 49, 86, 154, 101, 97, 33, 9, 181, 169, 176, 19, 150, 244, 216, 254, 111, 65, 81, 67, 50, 94, 116, 82, 254, 155, 217, 149, 198, 29, 198, 249, 119, 204, 214, 248, 86, 95, 226, 96, 80, 44, 136, 87, 75, 27, 104, 242, 187, 59, 47, 123, 158, 218, 19, 216, 220, 216, 69, 170, 35, 10, 103, 5, 49, 242, 42, 184, 132, 53, 58, 245, 38, 151, 138, 103, 144, 4, 208, 54, 139, 19, 108, 147, 110, 174, 221, 97, 221, 142, 1, 92, 122, 171, 155, 113, 149, 107, 29, 135, 92, 20, 194, 64, 15, 29, 174, 21, 36, 64, 74, 43, 78, 155, 227, 89, 64, 99, 218, 186, 56, 66, 236, 56, 27, 238, 117, 171, 1, 197, 88, 68, 0, 185, 173, 101, 217, 194, 138, 75, 81, 9, 221, 9, 3, 233, 252, 221, 255, 162, 93, 78, 216, 6, 18, 122, 33, 108, 131, 71, 209, 80, 214, 215, 114, 100, 179, 58, 190, 104, 221, 221, 183, 80, 136, 125, 129, 93, 170, 157, 112, 132, 44, 37, 250, 26, 249, 157, 117, 86, 242, 3, 108, 79, 147, 37, 203, 19, 23, 192, 51, 225, 59, 82, 203, 254, 53, 213, 25, 217, 176, 74, 57, 113, 245, 159, 58, 91, 139, 145, 220, 34, 126, 221, 117, 175, 52, 77, 44, 93, 20, 82, 138, 217, 50, 148, 217, 84, 34, 92, 219, 120, 160, 109, 142, 11, 69, 11, 194, 182, 160, 219, 61, 105, 213, 252, 195, 252, 3, 194, 232, 51, 118, 246, 240, 224, 30, 140, 50, 233, 243, 255, 149, 128, 10, 31, 89, 206, 223, 181, 46, 123, 201, 38, 6, 21, 241, 24, 29, 80, 9, 38, 218, 186, 11, 7, 244, 92, 143, 144, 243, 164, 147, 107, 135, 84, 219, 126, 251, 85, 121, 234, 63, 55, 144, 17, 3, 107, 131, 231, 250, 79, 218, 254, 2, 84, 94, 232, 98, 53, 237, 134, 201, 186, 183])) }, Message { version: TLSv1_2, payload: ApplicationData(Payload([150, 122, 131, 193, 166, 117, 201, 137, 10, 82, 199, 42, 53, 33, 93, 229, 46, 187, 133, 200, 145, 230, 229, 76, 119, 46, 122, 44, 156, 132, 34, 168, 226, 61, 250, 253, 209, 135, 223, 208, 210, 201, 79, 166, 102, 76, 197, 231, 59, 121, 70, 174, 144, 90, 198, 116, 102, 19, 225, 212, 204, 246, 228, 53, 89, 1, 226, 4, 130, 251, 125, 246, 17, 212, 217, 243, 193, 28, 75, 7, 46, 197, 49, 112, 5, 39, 233, 239, 75, 100, 115, 37, 150, 229, 29, 192, 238, 87, 245, 96, 146, 154, 211, 145, 245, 155, 70, 45, 50, 230, 18, 177, 213, 85, 14, 156, 237, 188, 88, 111, 64, 137, 131, 26, 249, 16, 74, 175, 108, 141, 103, 226, 155, 85, 239, 87, 109, 97, 46, 101, 38, 21, 127, 57, 173, 210, 118, 70, 197, 176, 148, 93, 25, 96, 190, 195, 105, 220, 113, 84, 15, 46, 1, 130, 94, 180, 1, 45, 206, 195, 133, 241, 160, 239, 81, 48, 245, 25, 126, 164, 10, 36, 80, 103, 225, 160, 26, 1, 179, 201, 151, 56, 69, 74, 62, 109, 87, 21, 4, 68, 84, 182, 64, 6, 198, 65, 56, 172, 89, 151, 244, 133, 66, 70, 87, 139, 207, 69, 53, 62, 187, 170, 64, 171, 169, 145, 46, 184, 135, 176, 0, 161, 224, 254, 101, 70, 2, 134, 204, 81, 236, 115, 40, 126, 230, 116, 32, 46, 14, 191, 154, 184, 196, 205, 2, 202, 93, 201, 150, 94, 173, 75, 112, 193, 13, 202, 251, 232, 119, 9, 139, 177, 141, 35, 79, 192, 85, 135, 247, 215, 198])) }, Message { version: TLSv1_2, payload: ApplicationData(Payload([214, 2, 137, 59, 5, 211, 38, 87, 122, 27, 16, 119, 179, 244, 53, 248, 124, 122, 117, 120, 224, 184, 70, 195, 186, 77, 129, 52, 140, 246, 35, 183, 120, 127, 235, 19, 184, 142, 144, 67, 57, 84, 162, 56, 150, 57, 199, 148, 160, 64, 228, 220, 80])) }] } }] } with query_type_shape TypeShape { inner_type_id: TypeId(0xc98df2ea849be4d6635006bb3d2e9b25), name: "tlspuffin::protocol::MessageFlight", phantom: PhantomData<tlspuffin::protocol::TLSProtocolTypes> } and query Query { source: Some(Agent(AgentName(0))), matcher: None, counter: 1 }
2026-04-22T14:06:05+02:00	Extract atom: Random
2026-04-22T14:06:05+02:00	Extract atom: SessionID
2026-04-22T14:06:05+02:00	Extract atom: ServerExtension
2026-04-22T14:06:05+02:00	Extract atom: ServerExtension
2026-04-22T14:06:05+02:00	[evaluate_config_wrap] Term Error --> Unable to find variable (Some(Agent(AgentName(0))), 1)[None]/MessageFlight!
2026-04-22T14:06:05+02:00	PUT error log: Ok("")
2026-04-22T14:06:05+02:00	[evaluate_config] About to evaluate term (with_payloads: true):
fn_fill_binder(
	fn_client_hello(
		fn_protocol_version12 -> ProtocolVersion,
		fn_new_random -> Random,
		fn_new_session_id -> SessionID,
		fn_cipher_suites_make(
			fn_append_cipher_suite(
				fn_new_cipher_suites -> Vec<CipherSuite>,
				fn_cipher_suite13_aes_128_gcm_sha256 -> CipherSuite
			) -> Vec<CipherSuite>
		) -> CipherSuites,
		fn_compressions -> Compressions,
		fn_client_extensions_make(
			fn_client_extensions_append(
				fn_client_extensions_append(
					fn_client_extensions_append(
						fn_client_extensions_append(
							fn_client_extensions_append(
								fn_client_extensions_append(
									fn_client_extensions_new -> Vec<ClientExtension>,
									fn_support_group_extension_make(
										fn_support_group_extension_append(
											fn_support_group_extension_new -> Vec<NamedGroup>,
											fn_named_group_secp384r1 -> NamedGroup
										) -> Vec<NamedGroup>
									) -> ClientExtension
								) -> Vec<ClientExtension>,
								fn_signature_algorithm_extension(
									fn_supported_signature_schemes_extension_append(
										fn_supported_signature_schemes_extension_append(
											fn_supported_signature_schemes_extension_new -> Vec<SignatureScheme>,
											fn_sig_scheme_rsa_pkcs1_sha256 -> SignatureScheme
										) -> Vec<SignatureScheme>,
										fn_sig_scheme_rsa_pss_sha256 -> SignatureScheme
									) -> Vec<SignatureScheme>
								) -> ClientExtension
							) -> Vec<ClientExtension>,
							fn_supported_versions13_extension -> ClientExtension
						) -> Vec<ClientExtension>,
						fn_key_share_extension_make(
							fn_key_share_extension_append(
								fn_key_share_extension_new -> Vec<KeyShareEntry>,
								fn_key_share_deterministic(
									fn_named_group_secp384r1 -> NamedGroup
								) -> KeyShareEntry
							) -> Vec<KeyShareEntry>
						) -> ClientExtension
					) -> Vec<ClientExtension>,
					fn_psk_exchange_mode_dhe_ke_extension -> ClientExtension
				) -> Vec<ClientExtension>,
				fn_preshared_keys_extension_empty_binder(
					fn_find_server_ticket(
						fn_decrypt_application_flight(
							(Some(Agent(AgentName(0))), 1)[None]/MessageFlight,
							fn_server_hello_transcript(
								(Some(Agent(AgentName(0))), 0)[None]/TranscriptServerHello
							) -> HandshakeHash,
							fn_server_finished_transcript(
								(Some(Agent(AgentName(0))), 0)[None]/TranscriptServerFinished
							) -> HandshakeHash,
							fn_get_server_key_share(
								(Some(Agent(AgentName(0))), 0)[None]/Vec<ServerExtension>
							) -> Vec<u8>>,
							fn_no_psk -> Vec<u8>>,
							fn_named_group_secp384r1 -> NamedGroup,
							fn_true -> bool,
							fn_seq_0 -> u64,
							fn_new_random -> Random,
							fn_cipher_suite13_aes_128_gcm_sha256 -> CipherSuite
						) -> MessageFlight
					) -> Message
				) -> ClientExtension
			) -> Vec<ClientExtension>
		) -> ClientExtensions
	) -> Message,
	fn_derive_binder(
		fn_client_hello(
			fn_protocol_version12 -> ProtocolVersion,
			fn_new_random -> Random,
			fn_new_session_id -> SessionID,
			fn_cipher_suites_make(
				fn_append_cipher_suite(
					fn_new_cipher_suites -> Vec<CipherSuite>,
					fn_cipher_suite13_aes_128_gcm_sha256 -> CipherSuite
				) -> Vec<CipherSuite>
			) -> CipherSuites,
			fn_compressions -> Compressions,
			fn_client_extensions_make(
				fn_client_extensions_append(
					fn_client_extensions_append(
						fn_client_extensions_append(
							fn_client_extensions_append(
								fn_client_extensions_append(
									fn_client_extensions_append(
										fn_client_extensions_new -> Vec<ClientExtension>,
										fn_support_group_extension_make(
											fn_support_group_extension_append(
												fn_support_group_extension_new -> Vec<NamedGroup>,
												fn_named_group_secp384r1 -> NamedGroup
											) -> Vec<NamedGroup>
										) -> ClientExtension
									) -> Vec<ClientExtension>,
									fn_signature_algorithm_extension(
										fn_supported_signature_schemes_extension_append(
											fn_supported_signature_schemes_extension_append(
												fn_supported_signature_schemes_extension_new -> Vec<SignatureScheme>,
												fn_sig_scheme_rsa_pkcs1_sha256 -> SignatureScheme
											) -> Vec<SignatureScheme>,
											fn_sig_scheme_rsa_pss_sha256 -> SignatureScheme
										) -> Vec<SignatureScheme>
									) -> ClientExtension
								) -> Vec<ClientExtension>,
								fn_supported_versions13_extension -> ClientExtension
							) -> Vec<ClientExtension>,
							fn_key_share_extension_make(
								fn_key_share_extension_append(
									fn_key_share_extension_new -> Vec<KeyShareEntry>,
									fn_key_share_deterministic(
										fn_named_group_secp384r1 -> NamedGroup
									) -> KeyShareEntry
								) -> Vec<KeyShareEntry>
							) -> ClientExtension
						) -> Vec<ClientExtension>,
						fn_psk_exchange_mode_dhe_ke_extension -> ClientExtension
					) -> Vec<ClientExtension>,
					fn_preshared_keys_extension_empty_binder(
						fn_find_server_ticket(
							fn_decrypt_application_flight(
								(Some(Agent(AgentName(0))), 1)[None]/MessageFlight,
								fn_server_hello_transcript(
									(Some(Agent(AgentName(0))), 0)[None]/TranscriptServerHello
								) -> HandshakeHash,
								fn_server_finished_transcript(
									(Some(Agent(AgentName(0))), 0)[None]/TranscriptServerFinished
								) -> HandshakeHash,
								fn_get_server_key_share(
									(Some(Agent(AgentName(0))), 0)[None]/Vec<ServerExtension>
								) -> Vec<u8>>,
								fn_no_psk -> Vec<u8>>,
								fn_named_group_secp384r1 -> NamedGroup,
								fn_true -> bool,
								fn_seq_0 -> u64,
								fn_new_random -> Random,
								fn_cipher_suite13_aes_128_gcm_sha256 -> CipherSuite
							) -> MessageFlight
						) -> Message
					) -> ClientExtension
				) -> Vec<ClientExtension>
			) -> ClientExtensions
		) -> Message,
		fn_derive_psk(
			fn_server_hello_transcript(
				(Some(Agent(AgentName(0))), 0)[None]/TranscriptServerHello
			) -> HandshakeHash,
			fn_server_finished_transcript(
				(Some(Agent(AgentName(0))), 0)[None]/TranscriptServerFinished
			) -> HandshakeHash,
			fn_client_finished_transcript(
				(Some(Agent(AgentName(0))), 0)[None]/TranscriptClientFinished
			) -> HandshakeHash,
			fn_get_server_key_share(
				(Some(Agent(AgentName(0))), 0)[Some(Handshake(Some(ServerHello)))]/Vec<ServerExtension>
			) -> Vec<u8>>,
			fn_get_ticket_nonce(
				fn_find_server_ticket(
					fn_decrypt_application_flight(
						(Some(Agent(AgentName(0))), 1)[None]/MessageFlight,
						fn_server_hello_transcript(
							(Some(Agent(AgentName(0))), 0)[None]/TranscriptServerHello
						) -> HandshakeHash,
						fn_server_finished_transcript(
							(Some(Agent(AgentName(0))), 0)[None]/TranscriptServerFinished
						) -> HandshakeHash,
						fn_get_server_key_share(
							(Some(Agent(AgentName(0))), 0)[None]/Vec<ServerExtension>
						) -> Vec<u8>>,
						fn_no_psk -> Vec<u8>>,
						fn_named_group_secp384r1 -> NamedGroup,
						fn_true -> bool,
						fn_seq_0 -> u64,
						fn_new_random -> Random,
						fn_cipher_suite13_aes_128_gcm_sha256 -> CipherSuite
					) -> MessageFlight
				) -> Message
			) -> Vec<u8>,
			fn_named_group_secp384r1 -> NamedGroup,
			fn_new_random -> Random,
			fn_cipher_suite13_aes_128_gcm_sha256 -> CipherSuite
		) -> Vec<u8>,
		fn_cipher_suite13_aes_128_gcm_sha256 -> CipherSuite
	) -> Vec<u8>
) -> Message
===================================================================
2026-04-22T14:06:05+02:00	[eval_until_opaque] [START]: Eval term:
 fn_fill_binder(
	fn_client_hello(
		fn_protocol_version12 -> ProtocolVersion,
		fn_new_random -> Random,
		fn_new_session_id -> SessionID,
		fn_cipher_suites_make(
			fn_append_cipher_suite(
				fn_new_cipher_suites -> Vec<CipherSuite>,
				fn_cipher_suite13_aes_128_gcm_sha256 -> CipherSuite
			) -> Vec<CipherSuite>
		) -> CipherSuites,
		fn_compressions -> Compressions,
		fn_client_extensions_make(
			fn_client_extensions_append(
				fn_client_extensions_append(
					fn_client_extensions_append(
						fn_client_extensions_append(
							fn_client_extensions_append(
								fn_client_extensions_append(
									fn_client_extensions_new -> Vec<ClientExtension>,
									fn_support_group_extension_make(
										fn_support_group_extension_append(
											fn_support_group_extension_new -> Vec<NamedGroup>,
											fn_named_group_secp384r1 -> NamedGroup
										) -> Vec<NamedGroup>
									) -> ClientExtension
								) -> Vec<ClientExtension>,
								fn_signature_algorithm_extension(
									fn_supported_signature_schemes_extension_append(
										fn_supported_signature_schemes_extension_append(
											fn_supported_signature_schemes_extension_new -> Vec<SignatureScheme>,
											fn_sig_scheme_rsa_pkcs1_sha256 -> SignatureScheme
										) -> Vec<SignatureScheme>,
										fn_sig_scheme_rsa_pss_sha256 -> SignatureScheme
									) -> Vec<SignatureScheme>
								) -> ClientExtension
							) -> Vec<ClientExtension>,
							fn_supported_versions13_extension -> ClientExtension
						) -> Vec<ClientExtension>,
						fn_key_share_extension_make(
							fn_key_share_extension_append(
								fn_key_share_extension_new -> Vec<KeyShareEntry>,
								fn_key_share_deterministic(
									fn_named_group_secp384r1 -> NamedGroup
								) -> KeyShareEntry
							) -> Vec<KeyShareEntry>
						) -> ClientExtension
					) -> Vec<ClientExtension>,
					fn_psk_exchange_mode_dhe_ke_extension -> ClientExtension
				) -> Vec<ClientExtension>,
				fn_preshared_keys_extension_empty_binder(
					fn_find_server_ticket(
						fn_decrypt_application_flight(
							(Some(Agent(AgentName(0))), 1)[None]/MessageFlight,
							fn_server_hello_transcript(
								(Some(Agent(AgentName(0))), 0)[None]/TranscriptServerHello
							) -> HandshakeHash,
							fn_server_finished_transcript(
								(Some(Agent(AgentName(0))), 0)[None]/TranscriptServerFinished
							) -> HandshakeHash,
							fn_get_server_key_share(
								(Some(Agent(AgentName(0))), 0)[None]/Vec<ServerExtension>
							) -> Vec<u8>>,
							fn_no_psk -> Vec<u8>>,
							fn_named_group_secp384r1 -> NamedGroup,
							fn_true -> bool,
							fn_seq_0 -> u64,
							fn_new_random -> Random,
							fn_cipher_suite13_aes_128_gcm_sha256 -> CipherSuite
						) -> MessageFlight
					) -> Message
				) -> ClientExtension
			) -> Vec<ClientExtension>
		) -> ClientExtensions
	) -> Message,
	fn_derive_binder(
		fn_client_hello(
			fn_protocol_version12 -> ProtocolVersion,
			fn_new_random -> Random,
			fn_new_session_id -> SessionID,
			fn_cipher_suites_make(
				fn_append_cipher_suite(
					fn_new_cipher_suites -> Vec<CipherSuite>,
					fn_cipher_suite13_aes_128_gcm_sha256 -> CipherSuite
				) -> Vec<CipherSuite>
			) -> CipherSuites,
			fn_compressions -> Compressions,
			fn_client_extensions_make(
				fn_client_extensions_append(
					fn_client_extensions_append(
						fn_client_extensions_append(
							fn_client_extensions_append(
								fn_client_extensions_append(
									fn_client_extensions_append(
										fn_client_extensions_new -> Vec<ClientExtension>,
										fn_support_group_extension_make(
											fn_support_group_extension_append(
												fn_support_group_extension_new -> Vec<NamedGroup>,
												fn_named_group_secp384r1 -> NamedGroup
											) -> Vec<NamedGroup>
										) -> ClientExtension
									) -> Vec<ClientExtension>,
									fn_signature_algorithm_extension(
										fn_supported_signature_schemes_extension_append(
											fn_supported_signature_schemes_extension_append(
												fn_supported_signature_schemes_extension_new -> Vec<SignatureScheme>,
												fn_sig_scheme_rsa_pkcs1_sha256 -> SignatureScheme
											) -> Vec<SignatureScheme>,
											fn_sig_scheme_rsa_pss_sha256 -> SignatureScheme
										) -> Vec<SignatureScheme>
									) -> ClientExtension
								) -> Vec<ClientExtension>,
								fn_supported_versions13_extension -> ClientExtension
							) -> Vec<ClientExtension>,
							fn_key_share_extension_make(
								fn_key_share_extension_append(
									fn_key_share_extension_new -> Vec<KeyShareEntry>,
									fn_key_share_deterministic(
										fn_named_group_secp384r1 -> NamedGroup
									) -> KeyShareEntry
								) -> Vec<KeyShareEntry>
							) -> ClientExtension
						) -> Vec<ClientExtension>,
						fn_psk_exchange_mode_dhe_ke_extension -> ClientExtension
					) -> Vec<ClientExtension>,
					fn_preshared_keys_extension_empty_binder(
						fn_find_server_ticket(
							fn_decrypt_application_flight(
								(Some(Agent(AgentName(0))), 1)[None]/MessageFlight,
								fn_server_hello_transcript(
									(Some(Agent(AgentName(0))), 0)[None]/TranscriptServerHello
								) -> HandshakeHash,
								fn_server_finished_transcript(
									(Some(Agent(AgentName(0))), 0)[None]/TranscriptServerFinished
								) -> HandshakeHash,
								fn_get_server_key_share(
									(Some(Agent(AgentName(0))), 0)[None]/Vec<ServerExtension>
								) -> Vec<u8>>,
								fn_no_psk -> Vec<u8>>,
								fn_named_group_secp384r1 -> NamedGroup,
								fn_true -> bool,
								fn_seq_0 -> u64,
								fn_new_random -> Random,
								fn_cipher_suite13_aes_128_gcm_sha256 -> CipherSuite
							) -> MessageFlight
						) -> Message
					) -> ClientExtension
				) -> Vec<ClientExtension>
			) -> ClientExtensions
		) -> Message,
		fn_derive_psk(
			fn_server_hello_transcript(
				(Some(Agent(AgentName(0))), 0)[None]/TranscriptServerHello
			) -> HandshakeHash,
			fn_server_finished_transcript(
				(Some(Agent(AgentName(0))), 0)[None]/TranscriptServerFinished
			) -> HandshakeHash,
			fn_client_finished_transcript(
				(Some(Agent(AgentName(0))), 0)[None]/TranscriptClientFinished
			) -> HandshakeHash,
			fn_get_server_key_share(
				(Some(Agent(AgentName(0))), 0)[Some(Handshake(Some(ServerHello)))]/Vec<ServerExtension>
			) -> Vec<u8>>,
			fn_get_ticket_nonce(
				fn_find_server_ticket(
					fn_decrypt_application_flight(
						(Some(Agent(AgentName(0))), 1)[None]/MessageFlight,
						fn_server_hello_transcript(
							(Some(Agent(AgentName(0))), 0)[None]/TranscriptServerHello
						) -> HandshakeHash,
						fn_server_finished_transcript(
							(Some(Agent(AgentName(0))), 0)[None]/TranscriptServerFinished
						) -> HandshakeHash,
						fn_get_server_key_share(
							(Some(Agent(AgentName(0))), 0)[None]/Vec<ServerExtension>
						) -> Vec<u8>>,
						fn_no_psk -> Vec<u8>>,
						fn_named_group_secp384r1 -> NamedGroup,
						fn_true -> bool,
						fn_seq_0 -> u64,
						fn_new_random -> Random,
						fn_cipher_suite13_aes_128_gcm_sha256 -> CipherSuite
					) -> MessageFlight
				) -> Message
			) -> Vec<u8>,
			fn_named_group_secp384r1 -> NamedGroup,
			fn_new_random -> Random,
			fn_cipher_suite13_aes_128_gcm_sha256 -> CipherSuite
		) -> Vec<u8>,
		fn_cipher_suite13_aes_128_gcm_sha256 -> CipherSuite
	) -> Vec<u8>
) -> Message
2026-04-22T14:06:05+02:00	[eval_until_opaque] [App]: Application from path=[]
2026-04-22T14:06:05+02:00	  + Treating argument # 0 from path []...
2026-04-22T14:06:05+02:00	[eval_until_opaque] [START]: Eval term:
 fn_client_hello(
	fn_protocol_version12 -> ProtocolVersion,
	fn_new_random -> Random,
	fn_new_session_id -> SessionID,
	fn_cipher_suites_make(
		fn_append_cipher_suite(
			fn_new_cipher_suites -> Vec<CipherSuite>,
			fn_cipher_suite13_aes_128_gcm_sha256 -> CipherSuite
		) -> Vec<CipherSuite>
	) -> CipherSuites,
	fn_compressions -> Compressions,
	fn_client_extensions_make(
		fn_client_extensions_append(
			fn_client_extensions_append(
				fn_client_extensions_append(
					fn_client_extensions_append(
						fn_client_extensions_append(
							fn_client_extensions_append(
								fn_client_extensions_new -> Vec<ClientExtension>,
								fn_support_group_extension_make(
									fn_support_group_extension_append(
										fn_support_group_extension_new -> Vec<NamedGroup>,
										fn_named_group_secp384r1 -> NamedGroup
									) -> Vec<NamedGroup>
								) -> ClientExtension
							) -> Vec<ClientExtension>,
							fn_signature_algorithm_extension(
								fn_supported_signature_schemes_extension_append(
									fn_supported_signature_schemes_extension_append(
										fn_supported_signature_schemes_extension_new -> Vec<SignatureScheme>,
										fn_sig_scheme_rsa_pkcs1_sha256 -> SignatureScheme
									) -> Vec<SignatureScheme>,
									fn_sig_scheme_rsa_pss_sha256 -> SignatureScheme
								) -> Vec<SignatureScheme>
							) -> ClientExtension
						) -> Vec<ClientExtension>,
						fn_supported_versions13_extension -> ClientExtension
					) -> Vec<ClientExtension>,
					fn_key_share_extension_make(
						fn_key_share_extension_append(
							fn_key_share_extension_new -> Vec<KeyShareEntry>,
							fn_key_share_deterministic(
								fn_named_group_secp384r1 -> NamedGroup
							) -> KeyShareEntry
						) -> Vec<KeyShareEntry>
					) -> ClientExtension
				) -> Vec<ClientExtension>,
				fn_psk_exchange_mode_dhe_ke_extension -> ClientExtension
			) -> Vec<ClientExtension>,
			fn_preshared_keys_extension_empty_binder(
				fn_find_server_ticket(
					fn_decrypt_application_flight(
						(Some(Agent(AgentName(0))), 1)[None]/MessageFlight,
						fn_server_hello_transcript(
							(Some(Agent(AgentName(0))), 0)[None]/TranscriptServerHello
						) -> HandshakeHash,
						fn_server_finished_transcript(
							(Some(Agent(AgentName(0))), 0)[None]/TranscriptServerFinished
						) -> HandshakeHash,
						fn_get_server_key_share(
							(Some(Agent(AgentName(0))), 0)[None]/Vec<ServerExtension>
						) -> Vec<u8>>,
						fn_no_psk -> Vec<u8>>,
						fn_named_group_secp384r1 -> NamedGroup,
						fn_true -> bool,
						fn_seq_0 -> u64,
						fn_new_random -> Random,
						fn_cipher_suite13_aes_128_gcm_sha256 -> CipherSuite
					) -> MessageFlight
				) -> Message
			) -> ClientExtension
		) -> Vec<ClientExtension>
	) -> ClientExtensions
) -> Message
2026-04-22T14:06:05+02:00	[eval_until_opaque] [App]: Application from path=[0]
2026-04-22T14:06:05+02:00	  + Treating argument # 0 from path [0]...
2026-04-22T14:06:05+02:00	[eval_until_opaque] [START]: Eval term:
 fn_protocol_version12 -> ProtocolVersion
2026-04-22T14:06:05+02:00	[eval_until_opaque] [App]: Application from path=[0, 0]
2026-04-22T14:06:05+02:00	[eval_until_opaque] Now calling the function symbol tlspuffin::tls::fn_impl::fn_fields::fn_protocol_version12 implementation and then updating payloads...
2026-04-22T14:06:05+02:00	  + Ending treating argument # 0 from path [0]...
2026-04-22T14:06:05+02:00	  + Treating argument # 1 from path [0]...
2026-04-22T14:06:05+02:00	[eval_until_opaque] [START]: Eval term:
 fn_new_random -> Random
2026-04-22T14:06:05+02:00	[eval_until_opaque] [App]: Application from path=[0, 1]
2026-04-22T14:06:05+02:00	[eval_until_opaque] Now calling the function symbol tlspuffin::tls::fn_impl::fn_fields::fn_new_random implementation and then updating payloads...
2026-04-22T14:06:05+02:00	  + Ending treating argument # 1 from path [0]...
2026-04-22T14:06:05+02:00	  + Treating argument # 2 from path [0]...
2026-04-22T14:06:05+02:00	[eval_until_opaque] [START]: Eval term:
 fn_new_session_id -> SessionID
2026-04-22T14:06:05+02:00	[eval_until_opaque] [App]: Application from path=[0, 2]
2026-04-22T14:06:05+02:00	[eval_until_opaque] Now calling the function symbol tlspuffin::tls::fn_impl::fn_fields::fn_new_session_id implementation and then updating payloads...
2026-04-22T14:06:05+02:00	  + Ending treating argument # 2 from path [0]...
2026-04-22T14:06:05+02:00	  + Treating argument # 3 from path [0]...
2026-04-22T14:06:05+02:00	[eval_until_opaque] [START]: Eval term:
 fn_cipher_suites_make(
	fn_append_cipher_suite(
		fn_new_cipher_suites -> Vec<CipherSuite>,
		fn_cipher_suite13_aes_128_gcm_sha256 -> CipherSuite
	) -> Vec<CipherSuite>
) -> CipherSuites
2026-04-22T14:06:05+02:00	[eval_until_opaque] [App]: Application from path=[0, 3]
2026-04-22T14:06:05+02:00	  + Treating argument # 0 from path [0, 3]...
2026-04-22T14:06:05+02:00	[eval_until_opaque] [START]: Eval term:
 fn_append_cipher_suite(
	fn_new_cipher_suites -> Vec<CipherSuite>,
	fn_cipher_suite13_aes_128_gcm_sha256 -> CipherSuite
) -> Vec<CipherSuite>
2026-04-22T14:06:05+02:00	[eval_until_opaque] [App]: Application from path=[0, 3, 0]
2026-04-22T14:06:05+02:00	  + Treating argument # 0 from path [0, 3, 0]...
2026-04-22T14:06:05+02:00	[eval_until_opaque] [START]: Eval term:
 fn_new_cipher_suites -> Vec<CipherSuite>
2026-04-22T14:06:05+02:00	[eval_until_opaque] [App]: Application from path=[0, 3, 0, 0]
2026-04-22T14:06:05+02:00	[eval_until_opaque] Now calling the function symbol tlspuffin::tls::fn_impl::fn_fields::fn_new_cipher_suites implementation and then updating payloads...
2026-04-22T14:06:05+02:00	  + Ending treating argument # 0 from path [0, 3, 0]...
2026-04-22T14:06:05+02:00	  + Treating argument # 1 from path [0, 3, 0]...
2026-04-22T14:06:05+02:00	[eval_until_opaque] [START]: Eval term:
 fn_cipher_suite13_aes_128_gcm_sha256 -> CipherSuite
2026-04-22T14:06:05+02:00	[eval_until_opaque] [App]: Application from path=[0, 3, 0, 1]
2026-04-22T14:06:05+02:00	[eval_until_opaque] Now calling the function symbol tlspuffin::tls::fn_impl::fn_fields::fn_cipher_suite13_aes_128_gcm_sha256 implementation and then updating payloads...
2026-04-22T14:06:05+02:00	  + Ending treating argument # 1 from path [0, 3, 0]...
2026-04-22T14:06:05+02:00	[eval_until_opaque] Now calling the function symbol tlspuffin::tls::fn_impl::fn_fields::fn_append_cipher_suite implementation and then updating payloads...
2026-04-22T14:06:05+02:00	  + Ending treating argument # 0 from path [0, 3]...
2026-04-22T14:06:05+02:00	[eval_until_opaque] Now calling the function symbol tlspuffin::tls::fn_impl::fn_fields::fn_cipher_suites_make implementation and then updating payloads...
2026-04-22T14:06:05+02:00	  + Ending treating argument # 3 from path [0]...
2026-04-22T14:06:05+02:00	  + Treating argument # 4 from path [0]...
2026-04-22T14:06:05+02:00	[eval_until_opaque] [START]: Eval term:
 fn_compressions -> Compressions
2026-04-22T14:06:05+02:00	[eval_until_opaque] [App]: Application from path=[0, 4]
2026-04-22T14:06:05+02:00	[eval_until_opaque] Now calling the function symbol tlspuffin::tls::fn_impl::fn_fields::fn_compressions implementation and then updating payloads...
2026-04-22T14:06:05+02:00	  + Ending treating argument # 4 from path [0]...
2026-04-22T14:06:05+02:00	  + Treating argument # 5 from path [0]...
2026-04-22T14:06:05+02:00	[eval_until_opaque] [START]: Eval term:
 fn_client_extensions_make(
	fn_client_extensions_append(
		fn_client_extensions_append(
			fn_client_extensions_append(
				fn_client_extensions_append(
					fn_client_extensions_append(
						fn_client_extensions_append(
							fn_client_extensions_new -> Vec<ClientExtension>,
							fn_support_group_extension_make(
								fn_support_group_extension_append(
									fn_support_group_extension_new -> Vec<NamedGroup>,
									fn_named_group_secp384r1 -> NamedGroup
								) -> Vec<NamedGroup>
							) -> ClientExtension
						) -> Vec<ClientExtension>,
						fn_signature_algorithm_extension(
							fn_supported_signature_schemes_extension_append(
								fn_supported_signature_schemes_extension_append(
									fn_supported_signature_schemes_extension_new -> Vec<SignatureScheme>,
									fn_sig_scheme_rsa_pkcs1_sha256 -> SignatureScheme
								) -> Vec<SignatureScheme>,
								fn_sig_scheme_rsa_pss_sha256 -> SignatureScheme
							) -> Vec<SignatureScheme>
						) -> ClientExtension
					) -> Vec<ClientExtension>,
					fn_supported_versions13_extension -> ClientExtension
				) -> Vec<ClientExtension>,
				fn_key_share_extension_make(
					fn_key_share_extension_append(
						fn_key_share_extension_new -> Vec<KeyShareEntry>,
						fn_key_share_deterministic(
							fn_named_group_secp384r1 -> NamedGroup
						) -> KeyShareEntry
					) -> Vec<KeyShareEntry>
				) -> ClientExtension
			) -> Vec<ClientExtension>,
			fn_psk_exchange_mode_dhe_ke_extension -> ClientExtension
		) -> Vec<ClientExtension>,
		fn_preshared_keys_extension_empty_binder(
			fn_find_server_ticket(
				fn_decrypt_application_flight(
					(Some(Agent(AgentName(0))), 1)[None]/MessageFlight,
					fn_server_hello_transcript(
						(Some(Agent(AgentName(0))), 0)[None]/TranscriptServerHello
					) -> HandshakeHash,
					fn_server_finished_transcript(
						(Some(Agent(AgentName(0))), 0)[None]/TranscriptServerFinished
					) -> HandshakeHash,
					fn_get_server_key_share(
						(Some(Agent(AgentName(0))), 0)[None]/Vec<ServerExtension>
					) -> Vec<u8>>,
					fn_no_psk -> Vec<u8>>,
					fn_named_group_secp384r1 -> NamedGroup,
					fn_true -> bool,
					fn_seq_0 -> u64,
					fn_new_random -> Random,
					fn_cipher_suite13_aes_128_gcm_sha256 -> CipherSuite
				) -> MessageFlight
			) -> Message
		) -> ClientExtension
	) -> Vec<ClientExtension>
) -> ClientExtensions
2026-04-22T14:06:05+02:00	[eval_until_opaque] [App]: Application from path=[0, 5]
2026-04-22T14:06:05+02:00	  + Treating argument # 0 from path [0, 5]...
2026-04-22T14:06:05+02:00	[eval_until_opaque] [START]: Eval term:
 fn_client_extensions_append(
	fn_client_extensions_append(
		fn_client_extensions_append(
			fn_client_extensions_append(
				fn_client_extensions_append(
					fn_client_extensions_append(
						fn_client_extensions_new -> Vec<ClientExtension>,
						fn_support_group_extension_make(
							fn_support_group_extension_append(
								fn_support_group_extension_new -> Vec<NamedGroup>,
								fn_named_group_secp384r1 -> NamedGroup
							) -> Vec<NamedGroup>
						) -> ClientExtension
					) -> Vec<ClientExtension>,
					fn_signature_algorithm_extension(
						fn_supported_signature_schemes_extension_append(
							fn_supported_signature_schemes_extension_append(
								fn_supported_signature_schemes_extension_new -> Vec<SignatureScheme>,
								fn_sig_scheme_rsa_pkcs1_sha256 -> SignatureScheme
							) -> Vec<SignatureScheme>,
							fn_sig_scheme_rsa_pss_sha256 -> SignatureScheme
						) -> Vec<SignatureScheme>
					) -> ClientExtension
				) -> Vec<ClientExtension>,
				fn_supported_versions13_extension -> ClientExtension
			) -> Vec<ClientExtension>,
			fn_key_share_extension_make(
				fn_key_share_extension_append(
					fn_key_share_extension_new -> Vec<KeyShareEntry>,
					fn_key_share_deterministic(
						fn_named_group_secp384r1 -> NamedGroup
					) -> KeyShareEntry
				) -> Vec<KeyShareEntry>
			) -> ClientExtension
		) -> Vec<ClientExtension>,
		fn_psk_exchange_mode_dhe_ke_extension -> ClientExtension
	) -> Vec<ClientExtension>,
	fn_preshared_keys_extension_empty_binder(
		fn_find_server_ticket(
			fn_decrypt_application_flight(
				(Some(Agent(AgentName(0))), 1)[None]/MessageFlight,
				fn_server_hello_transcript(
					(Some(Agent(AgentName(0))), 0)[None]/TranscriptServerHello
				) -> HandshakeHash,
				fn_server_finished_transcript(
					(Some(Agent(AgentName(0))), 0)[None]/TranscriptServerFinished
				) -> HandshakeHash,
				fn_get_server_key_share(
					(Some(Agent(AgentName(0))), 0)[None]/Vec<ServerExtension>
				) -> Vec<u8>>,
				fn_no_psk -> Vec<u8>>,
				fn_named_group_secp384r1 -> NamedGroup,
				fn_true -> bool,
				fn_seq_0 -> u64,
				fn_new_random -> Random,
				fn_cipher_suite13_aes_128_gcm_sha256 -> CipherSuite
			) -> MessageFlight
		) -> Message
	) -> ClientExtension
) -> Vec<ClientExtension>
2026-04-22T14:06:05+02:00	[eval_until_opaque] [App]: Application from path=[0, 5, 0]
2026-04-22T14:06:05+02:00	  + Treating argument # 0 from path [0, 5, 0]...
2026-04-22T14:06:05+02:00	[eval_until_opaque] [START]: Eval term:
 fn_client_extensions_append(
	fn_client_extensions_append(
		fn_client_extensions_append(
			fn_client_extensions_append(
				fn_client_extensions_append(
					fn_client_extensions_new -> Vec<ClientExtension>,
					fn_support_group_extension_make(
						fn_support_group_extension_append(
							fn_support_group_extension_new -> Vec<NamedGroup>,
							fn_named_group_secp384r1 -> NamedGroup
						) -> Vec<NamedGroup>
					) -> ClientExtension
				) -> Vec<ClientExtension>,
				fn_signature_algorithm_extension(
					fn_supported_signature_schemes_extension_append(
						fn_supported_signature_schemes_extension_append(
							fn_supported_signature_schemes_extension_new -> Vec<SignatureScheme>,
							fn_sig_scheme_rsa_pkcs1_sha256 -> SignatureScheme
						) -> Vec<SignatureScheme>,
						fn_sig_scheme_rsa_pss_sha256 -> SignatureScheme
					) -> Vec<SignatureScheme>
				) -> ClientExtension
			) -> Vec<ClientExtension>,
			fn_supported_versions13_extension -> ClientExtension
		) -> Vec<ClientExtension>,
		fn_key_share_extension_make(
			fn_key_share_extension_append(
				fn_key_share_extension_new -> Vec<KeyShareEntry>,
				fn_key_share_deterministic(
					fn_named_group_secp384r1 -> NamedGroup
				) -> KeyShareEntry
			) -> Vec<KeyShareEntry>
		) -> ClientExtension
	) -> Vec<ClientExtension>,
	fn_psk_exchange_mode_dhe_ke_extension -> ClientExtension
) -> Vec<ClientExtension>
2026-04-22T14:06:05+02:00	[eval_until_opaque] [App]: Application from path=[0, 5, 0, 0]
2026-04-22T14:06:05+02:00	  + Treating argument # 0 from path [0, 5, 0, 0]...
2026-04-22T14:06:05+02:00	[eval_until_opaque] [START]: Eval term:
 fn_client_extensions_append(
	fn_client_extensions_append(
		fn_client_extensions_append(
			fn_client_extensions_append(
				fn_client_extensions_new -> Vec<ClientExtension>,
				fn_support_group_extension_make(
					fn_support_group_extension_append(
						fn_support_group_extension_new -> Vec<NamedGroup>,
						fn_named_group_secp384r1 -> NamedGroup
					) -> Vec<NamedGroup>
				) -> ClientExtension
			) -> Vec<ClientExtension>,
			fn_signature_algorithm_extension(
				fn_supported_signature_schemes_extension_append(
					fn_supported_signature_schemes_extension_append(
						fn_supported_signature_schemes_extension_new -> Vec<SignatureScheme>,
						fn_sig_scheme_rsa_pkcs1_sha256 -> SignatureScheme
					) -> Vec<SignatureScheme>,
					fn_sig_scheme_rsa_pss_sha256 -> SignatureScheme
				) -> Vec<SignatureScheme>
			) -> ClientExtension
		) -> Vec<ClientExtension>,
		fn_supported_versions13_extension -> ClientExtension
	) -> Vec<ClientExtension>,
	fn_key_share_extension_make(
		fn_key_share_extension_append(
			fn_key_share_extension_new -> Vec<KeyShareEntry>,
			fn_key_share_deterministic(
				fn_named_group_secp384r1 -> NamedGroup
			) -> KeyShareEntry
		) -> Vec<KeyShareEntry>
	) -> ClientExtension
) -> Vec<ClientExtension>
2026-04-22T14:06:05+02:00	[eval_until_opaque] [App]: Application from path=[0, 5, 0, 0, 0]
2026-04-22T14:06:05+02:00	  + Treating argument # 0 from path [0, 5, 0, 0, 0]...
2026-04-22T14:06:05+02:00	[eval_until_opaque] [START]: Eval term:
 fn_client_extensions_append(
	fn_client_extensions_append(
		fn_client_extensions_append(
			fn_client_extensions_new -> Vec<ClientExtension>,
			fn_support_group_extension_make(
				fn_support_group_extension_append(
					fn_support_group_extension_new -> Vec<NamedGroup>,
					fn_named_group_secp384r1 -> NamedGroup
				) -> Vec<NamedGroup>
			) -> ClientExtension
		) -> Vec<ClientExtension>,
		fn_signature_algorithm_extension(
			fn_supported_signature_schemes_extension_append(
				fn_supported_signature_schemes_extension_append(
					fn_supported_signature_schemes_extension_new -> Vec<SignatureScheme>,
					fn_sig_scheme_rsa_pkcs1_sha256 -> SignatureScheme
				) -> Vec<SignatureScheme>,
				fn_sig_scheme_rsa_pss_sha256 -> SignatureScheme
			) -> Vec<SignatureScheme>
		) -> ClientExtension
	) -> Vec<ClientExtension>,
	fn_supported_versions13_extension -> ClientExtension
) -> Vec<ClientExtension>
2026-04-22T14:06:05+02:00	[eval_until_opaque] [App]: Application from path=[0, 5, 0, 0, 0, 0]
2026-04-22T14:06:05+02:00	  + Treating argument # 0 from path [0, 5, 0, 0, 0, 0]...
2026-04-22T14:06:05+02:00	[eval_until_opaque] [START]: Eval term:
 fn_client_extensions_append(
	fn_client_extensions_append(
		fn_client_extensions_new -> Vec<ClientExtension>,
		fn_support_group_extension_make(
			fn_support_group_extension_append(
				fn_support_group_extension_new -> Vec<NamedGroup>,
				fn_named_group_secp384r1 -> NamedGroup
			) -> Vec<NamedGroup>
		) -> ClientExtension
	) -> Vec<ClientExtension>,
	fn_signature_algorithm_extension(
		fn_supported_signature_schemes_extension_append(
			fn_supported_signature_schemes_extension_append(
				fn_supported_signature_schemes_extension_new -> Vec<SignatureScheme>,
				fn_sig_scheme_rsa_pkcs1_sha256 -> SignatureScheme
			) -> Vec<SignatureScheme>,
			fn_sig_scheme_rsa_pss_sha256 -> SignatureScheme
		) -> Vec<SignatureScheme>
	) -> ClientExtension
) -> Vec<ClientExtension>
2026-04-22T14:06:05+02:00	[eval_until_opaque] [App]: Application from path=[0, 5, 0, 0, 0, 0, 0]
2026-04-22T14:06:05+02:00	  + Treating argument # 0 from path [0, 5, 0, 0, 0, 0, 0]...
2026-04-22T14:06:05+02:00	[eval_until_opaque] [START]: Eval term:
 fn_client_extensions_append(
	fn_client_extensions_new -> Vec<ClientExtension>,
	fn_support_group_extension_make(
		fn_support_group_extension_append(
			fn_support_group_extension_new -> Vec<NamedGroup>,
			fn_named_group_secp384r1 -> NamedGroup
		) -> Vec<NamedGroup>
	) -> ClientExtension
) -> Vec<ClientExtension>
2026-04-22T14:06:05+02:00	[eval_until_opaque] [App]: Application from path=[0, 5, 0, 0, 0, 0, 0, 0]
2026-04-22T14:06:05+02:00	  + Treating argument # 0 from path [0, 5, 0, 0, 0, 0, 0, 0]...
2026-04-22T14:06:05+02:00	[eval_until_opaque] [START]: Eval term:
 fn_client_extensions_new -> Vec<ClientExtension>
2026-04-22T14:06:05+02:00	[eval_until_opaque] [App]: Application from path=[0, 5, 0, 0, 0, 0, 0, 0, 0]
2026-04-22T14:06:05+02:00	[eval_until_opaque] Now calling the function symbol tlspuffin::tls::fn_impl::fn_extensions::fn_client_extensions_new implementation and then updating payloads...
2026-04-22T14:06:05+02:00	  + Ending treating argument # 0 from path [0, 5, 0, 0, 0, 0, 0, 0]...
2026-04-22T14:06:05+02:00	  + Treating argument # 1 from path [0, 5, 0, 0, 0, 0, 0, 0]...
2026-04-22T14:06:05+02:00	[eval_until_opaque] [START]: Eval term:
 fn_support_group_extension_make(
	fn_support_group_extension_append(
		fn_support_group_extension_new -> Vec<NamedGroup>,
		fn_named_group_secp384r1 -> NamedGroup
	) -> Vec<NamedGroup>
) -> ClientExtension
2026-04-22T14:06:05+02:00	[eval_until_opaque] [App]: Application from path=[0, 5, 0, 0, 0, 0, 0, 0, 1]
2026-04-22T14:06:05+02:00	  + Treating argument # 0 from path [0, 5, 0, 0, 0, 0, 0, 0, 1]...
2026-04-22T14:06:05+02:00	[eval_until_opaque] [START]: Eval term:
 fn_support_group_extension_append(
	fn_support_group_extension_new -> Vec<NamedGroup>,
	fn_named_group_secp384r1 -> NamedGroup
) -> Vec<NamedGroup>
2026-04-22T14:06:05+02:00	[eval_until_opaque] [App]: Application from path=[0, 5, 0, 0, 0, 0, 0, 0, 1, 0]
2026-04-22T14:06:05+02:00	  + Treating argument # 0 from path [0, 5, 0, 0, 0, 0, 0, 0, 1, 0]...
2026-04-22T14:06:05+02:00	[eval_until_opaque] [START]: Eval term:
 fn_support_group_extension_new -> Vec<NamedGroup>
2026-04-22T14:06:05+02:00	[eval_until_opaque] [App]: Application from path=[0, 5, 0, 0, 0, 0, 0, 0, 1, 0, 0]
2026-04-22T14:06:05+02:00	[eval_until_opaque] Now calling the function symbol tlspuffin::tls::fn_impl::fn_extensions::fn_support_group_extension_new implementation and then updating payloads...
2026-04-22T14:06:05+02:00	  + Ending treating argument # 0 from path [0, 5, 0, 0, 0, 0, 0, 0, 1, 0]...
2026-04-22T14:06:05+02:00	  + Treating argument # 1 from path [0, 5, 0, 0, 0, 0, 0, 0, 1, 0]...
2026-04-22T14:06:05+02:00	[eval_until_opaque] [START]: Eval term:
 fn_named_group_secp384r1 -> NamedGroup
2026-04-22T14:06:05+02:00	[eval_until_opaque] [App]: Application from path=[0, 5, 0, 0, 0, 0, 0, 0, 1, 0, 1]
2026-04-22T14:06:05+02:00	[eval_until_opaque] Now calling the function symbol tlspuffin::tls::fn_impl::fn_utils::fn_named_group_secp384r1 implementation and then updating payloads...
2026-04-22T14:06:05+02:00	  + Ending treating argument # 1 from path [0, 5, 0, 0, 0, 0, 0, 0, 1, 0]...
2026-04-22T14:06:05+02:00	[eval_until_opaque] Now calling the function symbol tlspuffin::tls::fn_impl::fn_extensions::fn_support_group_extension_append implementation and then updating payloads...
2026-04-22T14:06:05+02:00	  + Ending treating argument # 0 from path [0, 5, 0, 0, 0, 0, 0, 0, 1]...
2026-04-22T14:06:05+02:00	[eval_until_opaque] Now calling the function symbol tlspuffin::tls::fn_impl::fn_extensions::fn_support_group_extension_make implementation and then updating payloads...
2026-04-22T14:06:05+02:00	  + Ending treating argument # 1 from path [0, 5, 0, 0, 0, 0, 0, 0]...
2026-04-22T14:06:05+02:00	[eval_until_opaque] Now calling the function symbol tlspuffin::tls::fn_impl::fn_extensions::fn_client_extensions_append implementation and then updating payloads...
2026-04-22T14:06:05+02:00	  + Ending treating argument # 0 from path [0, 5, 0, 0, 0, 0, 0]...
2026-04-22T14:06:05+02:00	  + Treating argument # 1 from path [0, 5, 0, 0, 0, 0, 0]...
2026-04-22T14:06:05+02:00	[eval_until_opaque] [START]: Eval term:
 fn_signature_algorithm_extension(
	fn_supported_signature_schemes_extension_append(
		fn_supported_signature_schemes_extension_append(
			fn_supported_signature_schemes_extension_new -> Vec<SignatureScheme>,
			fn_sig_scheme_rsa_pkcs1_sha256 -> SignatureScheme
		) -> Vec<SignatureScheme>,
		fn_sig_scheme_rsa_pss_sha256 -> SignatureScheme
	) -> Vec<SignatureScheme>
) -> ClientExtension
2026-04-22T14:06:05+02:00	[eval_until_opaque] [App]: Application from path=[0, 5, 0, 0, 0, 0, 0, 1]
2026-04-22T14:06:05+02:00	  + Treating argument # 0 from path [0, 5, 0, 0, 0, 0, 0, 1]...
2026-04-22T14:06:05+02:00	[eval_until_opaque] [START]: Eval term:
 fn_supported_signature_schemes_extension_append(
	fn_supported_signature_schemes_extension_append(
		fn_supported_signature_schemes_extension_new -> Vec<SignatureScheme>,
		fn_sig_scheme_rsa_pkcs1_sha256 -> SignatureScheme
	) -> Vec<SignatureScheme>,
	fn_sig_scheme_rsa_pss_sha256 -> SignatureScheme
) -> Vec<SignatureScheme>
2026-04-22T14:06:05+02:00	[eval_until_opaque] [App]: Application from path=[0, 5, 0, 0, 0, 0, 0, 1, 0]
2026-04-22T14:06:05+02:00	  + Treating argument # 0 from path [0, 5, 0, 0, 0, 0, 0, 1, 0]...
2026-04-22T14:06:05+02:00	[eval_until_opaque] [START]: Eval term:
 fn_supported_signature_schemes_extension_append(
	fn_supported_signature_schemes_extension_new -> Vec<SignatureScheme>,
	fn_sig_scheme_rsa_pkcs1_sha256 -> SignatureScheme
) -> Vec<SignatureScheme>
2026-04-22T14:06:05+02:00	[eval_until_opaque] [App]: Application from path=[0, 5, 0, 0, 0, 0, 0, 1, 0, 0]
2026-04-22T14:06:05+02:00	  + Treating argument # 0 from path [0, 5, 0, 0, 0, 0, 0, 1, 0, 0]...
2026-04-22T14:06:05+02:00	[eval_until_opaque] [START]: Eval term:
 fn_supported_signature_schemes_extension_new -> Vec<SignatureScheme>
2026-04-22T14:06:05+02:00	[eval_until_opaque] [App]: Application from path=[0, 5, 0, 0, 0, 0, 0, 1, 0, 0, 0]
2026-04-22T14:06:05+02:00	[eval_until_opaque] Now calling the function symbol tlspuffin::tls::fn_impl::fn_extensions::fn_supported_signature_schemes_extension_new implementation and then updating payloads...
2026-04-22T14:06:05+02:00	  + Ending treating argument # 0 from path [0, 5, 0, 0, 0, 0, 0, 1, 0, 0]...
2026-04-22T14:06:05+02:00	  + Treating argument # 1 from path [0, 5, 0, 0, 0, 0, 0, 1, 0, 0]...
2026-04-22T14:06:05+02:00	[eval_until_opaque] [START]: Eval term:
 fn_sig_scheme_rsa_pkcs1_sha256 -> SignatureScheme
2026-04-22T14:06:05+02:00	[eval_until_opaque] [App]: Application from path=[0, 5, 0, 0, 0, 0, 0, 1, 0, 0, 1]
2026-04-22T14:06:05+02:00	[eval_until_opaque] Now calling the function symbol tlspuffin::tls::fn_impl::fn_extensions::fn_sig_scheme_rsa_pkcs1_sha256 implementation and then updating payloads...
2026-04-22T14:06:05+02:00	  + Ending treating argument # 1 from path [0, 5, 0, 0, 0, 0, 0, 1, 0, 0]...
2026-04-22T14:06:05+02:00	[eval_until_opaque] Now calling the function symbol tlspuffin::tls::fn_impl::fn_extensions::fn_supported_signature_schemes_extension_append implementation and then updating payloads...
2026-04-22T14:06:05+02:00	  + Ending treating argument # 0 from path [0, 5, 0, 0, 0, 0, 0, 1, 0]...
2026-04-22T14:06:05+02:00	  + Treating argument # 1 from path [0, 5, 0, 0, 0, 0, 0, 1, 0]...
2026-04-22T14:06:05+02:00	[eval_until_opaque] [START]: Eval term:
 fn_sig_scheme_rsa_pss_sha256 -> SignatureScheme
2026-04-22T14:06:05+02:00	[eval_until_opaque] [App]: Application from path=[0, 5, 0, 0, 0, 0, 0, 1, 0, 1]
2026-04-22T14:06:05+02:00	[eval_until_opaque] Now calling the function symbol tlspuffin::tls::fn_impl::fn_extensions::fn_sig_scheme_rsa_pss_sha256 implementation and then updating payloads...
2026-04-22T14:06:05+02:00	  + Ending treating argument # 1 from path [0, 5, 0, 0, 0, 0, 0, 1, 0]...
2026-04-22T14:06:05+02:00	[eval_until_opaque] Now calling the function symbol tlspuffin::tls::fn_impl::fn_extensions::fn_supported_signature_schemes_extension_append implementation and then updating payloads...
2026-04-22T14:06:05+02:00	  + Ending treating argument # 0 from path [0, 5, 0, 0, 0, 0, 0, 1]...
2026-04-22T14:06:05+02:00	[eval_until_opaque] Now calling the function symbol tlspuffin::tls::fn_impl::fn_extensions::fn_signature_algorithm_extension implementation and then updating payloads...
2026-04-22T14:06:05+02:00	  + Ending treating argument # 1 from path [0, 5, 0, 0, 0, 0, 0]...
2026-04-22T14:06:05+02:00	[eval_until_opaque] Now calling the function symbol tlspuffin::tls::fn_impl::fn_extensions::fn_client_extensions_append implementation and then updating payloads...
2026-04-22T14:06:05+02:00	  + Ending treating argument # 0 from path [0, 5, 0, 0, 0, 0]...
2026-04-22T14:06:05+02:00	  + Treating argument # 1 from path [0, 5, 0, 0, 0, 0]...
2026-04-22T14:06:05+02:00	[eval_until_opaque] [START]: Eval term:
 fn_supported_versions13_extension -> ClientExtension
2026-04-22T14:06:05+02:00	[eval_until_opaque] [App]: Application from path=[0, 5, 0, 0, 0, 0, 1]
2026-04-22T14:06:05+02:00	[eval_until_opaque] Now calling the function symbol tlspuffin::tls::fn_impl::fn_extensions::fn_supported_versions13_extension implementation and then updating payloads...
2026-04-22T14:06:05+02:00	  + Ending treating argument # 1 from path [0, 5, 0, 0, 0, 0]...
2026-04-22T14:06:05+02:00	[eval_until_opaque] Now calling the function symbol tlspuffin::tls::fn_impl::fn_extensions::fn_client_extensions_append implementation and then updating payloads...
2026-04-22T14:06:05+02:00	  + Ending treating argument # 0 from path [0, 5, 0, 0, 0]...
2026-04-22T14:06:05+02:00	  + Treating argument # 1 from path [0, 5, 0, 0, 0]...
2026-04-22T14:06:05+02:00	[eval_until_opaque] [START]: Eval term:
 fn_key_share_extension_make(
	fn_key_share_extension_append(
		fn_key_share_extension_new -> Vec<KeyShareEntry>,
		fn_key_share_deterministic(
			fn_named_group_secp384r1 -> NamedGroup
		) -> KeyShareEntry
	) -> Vec<KeyShareEntry>
) -> ClientExtension
2026-04-22T14:06:05+02:00	[eval_until_opaque] [App]: Application from path=[0, 5, 0, 0, 0, 1]
2026-04-22T14:06:05+02:00	  + Treating argument # 0 from path [0, 5, 0, 0, 0, 1]...
2026-04-22T14:06:05+02:00	[eval_until_opaque] [START]: Eval term:
 fn_key_share_extension_append(
	fn_key_share_extension_new -> Vec<KeyShareEntry>,
	fn_key_share_deterministic(
		fn_named_group_secp384r1 -> NamedGroup
	) -> KeyShareEntry
) -> Vec<KeyShareEntry>
2026-04-22T14:06:05+02:00	[eval_until_opaque] [App]: Application from path=[0, 5, 0, 0, 0, 1, 0]
2026-04-22T14:06:05+02:00	  + Treating argument # 0 from path [0, 5, 0, 0, 0, 1, 0]...
2026-04-22T14:06:05+02:00	[eval_until_opaque] [START]: Eval term:
 fn_key_share_extension_new -> Vec<KeyShareEntry>
2026-04-22T14:06:05+02:00	[eval_until_opaque] [App]: Application from path=[0, 5, 0, 0, 0, 1, 0, 0]
2026-04-22T14:06:05+02:00	[eval_until_opaque] Now calling the function symbol tlspuffin::tls::fn_impl::fn_extensions::fn_key_share_extension_new implementation and then updating payloads...
2026-04-22T14:06:05+02:00	  + Ending treating argument # 0 from path [0, 5, 0, 0, 0, 1, 0]...
2026-04-22T14:06:05+02:00	  + Treating argument # 1 from path [0, 5, 0, 0, 0, 1, 0]...
2026-04-22T14:06:05+02:00	[eval_until_opaque] [START]: Eval term:
 fn_key_share_deterministic(
	fn_named_group_secp384r1 -> NamedGroup
) -> KeyShareEntry
2026-04-22T14:06:05+02:00	[eval_until_opaque] [App]: Application from path=[0, 5, 0, 0, 0, 1, 0, 1]
2026-04-22T14:06:05+02:00	  + Treating argument # 0 from path [0, 5, 0, 0, 0, 1, 0, 1]...
2026-04-22T14:06:05+02:00	[eval_until_opaque] [START]: Eval term:
 fn_named_group_secp384r1 -> NamedGroup
2026-04-22T14:06:05+02:00	[eval_until_opaque] [App]: Application from path=[0, 5, 0, 0, 0, 1, 0, 1, 0]
2026-04-22T14:06:05+02:00	[eval_until_opaque] Now calling the function symbol tlspuffin::tls::fn_impl::fn_utils::fn_named_group_secp384r1 implementation and then updating payloads...
2026-04-22T14:06:05+02:00	  + Ending treating argument # 0 from path [0, 5, 0, 0, 0, 1, 0, 1]...
2026-04-22T14:06:05+02:00	[eval_until_opaque] Now calling the function symbol tlspuffin::tls::fn_impl::fn_extensions::fn_key_share_deterministic implementation and then updating payloads...
2026-04-22T14:06:05+02:00	  + Ending treating argument # 1 from path [0, 5, 0, 0, 0, 1, 0]...
2026-04-22T14:06:05+02:00	[eval_until_opaque] Now calling the function symbol tlspuffin::tls::fn_impl::fn_extensions::fn_key_share_extension_append implementation and then updating payloads...
2026-04-22T14:06:05+02:00	  + Ending treating argument # 0 from path [0, 5, 0, 0, 0, 1]...
2026-04-22T14:06:05+02:00	[eval_until_opaque] Now calling the function symbol tlspuffin::tls::fn_impl::fn_extensions::fn_key_share_extension_make implementation and then updating payloads...
2026-04-22T14:06:05+02:00	  + Ending treating argument # 1 from path [0, 5, 0, 0, 0]...
2026-04-22T14:06:05+02:00	[eval_until_opaque] Now calling the function symbol tlspuffin::tls::fn_impl::fn_extensions::fn_client_extensions_append implementation and then updating payloads...
2026-04-22T14:06:05+02:00	  + Ending treating argument # 0 from path [0, 5, 0, 0]...
2026-04-22T14:06:05+02:00	  + Treating argument # 1 from path [0, 5, 0, 0]...
2026-04-22T14:06:05+02:00	[eval_until_opaque] [START]: Eval term:
 fn_psk_exchange_mode_dhe_ke_extension -> ClientExtension
2026-04-22T14:06:05+02:00	[eval_until_opaque] [App]: Application from path=[0, 5, 0, 0, 1]
2026-04-22T14:06:05+02:00	[eval_until_opaque] Now calling the function symbol tlspuffin::tls::fn_impl::fn_extensions::fn_psk_exchange_mode_dhe_ke_extension implementation and then updating payloads...
2026-04-22T14:06:05+02:00	  + Ending treating argument # 1 from path [0, 5, 0, 0]...
2026-04-22T14:06:05+02:00	[eval_until_opaque] Now calling the function symbol tlspuffin::tls::fn_impl::fn_extensions::fn_client_extensions_append implementation and then updating payloads...
2026-04-22T14:06:05+02:00	  + Ending treating argument # 0 from path [0, 5, 0]...
2026-04-22T14:06:05+02:00	  + Treating argument # 1 from path [0, 5, 0]...
2026-04-22T14:06:05+02:00	[eval_until_opaque] [START]: Eval term:
 fn_preshared_keys_extension_empty_binder(
	fn_find_server_ticket(
		fn_decrypt_application_flight(
			(Some(Agent(AgentName(0))), 1)[None]/MessageFlight,
			fn_server_hello_transcript(
				(Some(Agent(AgentName(0))), 0)[None]/TranscriptServerHello
			) -> HandshakeHash,
			fn_server_finished_transcript(
				(Some(Agent(AgentName(0))), 0)[None]/TranscriptServerFinished
			) -> HandshakeHash,
			fn_get_server_key_share(
				(Some(Agent(AgentName(0))), 0)[None]/Vec<ServerExtension>
			) -> Vec<u8>>,
			fn_no_psk -> Vec<u8>>,
			fn_named_group_secp384r1 -> NamedGroup,
			fn_true -> bool,
			fn_seq_0 -> u64,
			fn_new_random -> Random,
			fn_cipher_suite13_aes_128_gcm_sha256 -> CipherSuite
		) -> MessageFlight
	) -> Message
) -> ClientExtension
2026-04-22T14:06:05+02:00	[eval_until_opaque] [App]: Application from path=[0, 5, 0, 1]
2026-04-22T14:06:05+02:00	  + Treating argument # 0 from path [0, 5, 0, 1]...
2026-04-22T14:06:05+02:00	[eval_until_opaque] [START]: Eval term:
 fn_find_server_ticket(
	fn_decrypt_application_flight(
		(Some(Agent(AgentName(0))), 1)[None]/MessageFlight,
		fn_server_hello_transcript(
			(Some(Agent(AgentName(0))), 0)[None]/TranscriptServerHello
		) -> HandshakeHash,
		fn_server_finished_transcript(
			(Some(Agent(AgentName(0))), 0)[None]/TranscriptServerFinished
		) -> HandshakeHash,
		fn_get_server_key_share(
			(Some(Agent(AgentName(0))), 0)[None]/Vec<ServerExtension>
		) -> Vec<u8>>,
		fn_no_psk -> Vec<u8>>,
		fn_named_group_secp384r1 -> NamedGroup,
		fn_true -> bool,
		fn_seq_0 -> u64,
		fn_new_random -> Random,
		fn_cipher_suite13_aes_128_gcm_sha256 -> CipherSuite
	) -> MessageFlight
) -> Message
2026-04-22T14:06:05+02:00	[eval_until_opaque] [App]: Application from path=[0, 5, 0, 1, 0]
2026-04-22T14:06:05+02:00	  + Treating argument # 0 from path [0, 5, 0, 1, 0]...
2026-04-22T14:06:05+02:00	[eval_until_opaque] [START]: Eval term:
 fn_decrypt_application_flight(
	(Some(Agent(AgentName(0))), 1)[None]/MessageFlight,
	fn_server_hello_transcript(
		(Some(Agent(AgentName(0))), 0)[None]/TranscriptServerHello
	) -> HandshakeHash,
	fn_server_finished_transcript(
		(Some(Agent(AgentName(0))), 0)[None]/TranscriptServerFinished
	) -> HandshakeHash,
	fn_get_server_key_share(
		(Some(Agent(AgentName(0))), 0)[None]/Vec<ServerExtension>
	) -> Vec<u8>>,
	fn_no_psk -> Vec<u8>>,
	fn_named_group_secp384r1 -> NamedGroup,
	fn_true -> bool,
	fn_seq_0 -> u64,
	fn_new_random -> Random,
	fn_cipher_suite13_aes_128_gcm_sha256 -> CipherSuite
) -> MessageFlight
2026-04-22T14:06:05+02:00	[eval_until_opaque] [App]: Application from path=[0, 5, 0, 1, 0, 0]
2026-04-22T14:06:05+02:00	  + Treating argument # 0 from path [0, 5, 0, 1, 0, 0]...
2026-04-22T14:06:05+02:00	[eval_until_opaque] [START]: Eval term:
 (Some(Agent(AgentName(0))), 1)[None]/MessageFlight
2026-04-22T14:06:05+02:00	Looking for variable in KnowledgeStore { raw_knowledge: [RawKnowledge { source: Agent(AgentName(0)), step: Some(StepNumber { trace: 0, step: 0 }), matcher: None, associated_term: None, data: OpaqueMessageFlight { messages: [OpaqueMessage { typ: Handshake, version: TLSv1_2, payload: Payload([2, 0, 0, 183, 3, 3, 63, 148, 245, 191, 85, 230, 165, 49, 123, 136, 53, 52, 239, 236, 39, 162, 4, 175, 81, 216, 80, 60, 162, 59, 146, 98, 56, 55, 251, 172, 31, 22, 32, 3, 3, 3, 3, 3, 3, 3, 3, 3, 3, 3, 3, 3, 3, 3, 3, 3, 3, 3, 3, 3, 3, 3, 3, 3, 3, 3, 3, 3, 3, 3, 3, 19, 1, 0, 0, 111, 0, 51, 0, 101, 0, 24, 0, 97, 4, 102, 129, 187, 178, 183, 174, 0, 246, 178, 85, 2, 83, 76, 88, 187, 63, 10, 5, 89, 120, 46, 227, 165, 124, 209, 244, 47, 111, 216, 114, 177, 50, 25, 174, 49, 167, 209, 6, 238, 131, 8, 243, 188, 146, 212, 101, 210, 76, 240, 187, 240, 81, 150, 134, 134, 128, 140, 239, 1, 25, 250, 109, 167, 208, 212, 162, 255, 183, 122, 27, 194, 181, 242, 207, 188, 231, 40, 147, 183, 176, 193, 98, 190, 4, 151, 83, 146, 86, 69, 167, 224, 93, 120, 231, 91, 64, 0, 43, 0, 2, 3, 4]) }, OpaqueMessage { typ: ChangeCipherSpec, version: TLSv1_2, payload: Payload([1]) }, OpaqueMessage { typ: ApplicationData, version: TLSv1_2, payload: Payload([61, 183, 220, 87, 136, 131, 175, 12, 246, 81, 229, 185, 94, 197, 61, 185, 136, 35, 0, 60, 157, 138, 149]) }, OpaqueMessage { typ: ApplicationData, version: TLSv1_2, payload: Payload([85, 202, 19, 94, 245, 164, 25, 115, 111, 147, 196, 57, 226, 5, 17, 137, 213, 117, 169, 95, 89, 58, 192, 117, 13, 18, 184, 173, 210, 30, 90, 219, 139, 132, 47, 214, 65, 167, 220, 241, 174, 127, 240, 138, 245, 1, 231, 141, 95, 126, 97, 129, 167, 119, 38, 102, 214, 24, 46, 221, 220, 72, 248, 152, 241, 192, 52, 229, 80, 14, 156, 225, 235, 176, 132, 6, 179, 203, 90, 243, 232, 49, 37, 57, 219, 195, 105, 86, 219, 55, 90, 31, 112, 213, 220, 181, 234, 182, 1, 26, 53, 155, 66, 184, 205, 145, 237, 41, 188, 220, 86, 157, 253, 224, 199, 206, 227, 144, 125, 31, 200, 84, 187, 206, 149, 14, 166, 212, 0, 249, 214, 176, 56, 184, 10, 241, 127, 81, 140, 155, 20, 45, 169, 229, 140, 15, 213, 36, 161, 110, 105, 37, 247, 82, 195, 27, 90, 160, 183, 205, 178, 221, 155, 47, 210, 217, 106, 10, 97, 38, 39, 59, 25, 175, 130, 236, 35, 131, 132, 167, 198, 52, 124, 90, 135, 235, 165, 112, 245, 91, 197, 91, 90, 214, 34, 251, 99, 40, 46, 222, 5, 52, 91, 148, 201, 4, 28, 238, 173, 193, 204, 115, 191, 167, 208, 121, 16, 152, 100, 116, 119, 123, 15, 189, 67, 6, 196, 214, 37, 22, 99, 11, 183, 6, 59, 235, 230, 197, 243, 240, 169, 47, 164, 20, 84, 179, 215, 199, 144, 81, 230, 0, 10, 71, 233, 174, 163, 27, 114, 33, 82, 248, 194, 30, 251, 160, 186, 50, 143, 208, 253, 72, 215, 102, 89, 163, 109, 64, 210, 15, 115, 187, 167, 100, 135, 213, 91, 171, 170, 133, 89, 24, 117, 187, 67, 89, 87, 160, 238, 35, 239, 91, 212, 170, 85, 28, 42, 107, 98, 140, 114, 195, 26, 15, 51, 177, 158, 148, 95, 205, 209, 20, 103, 128, 158, 160, 21, 155, 219, 74, 126, 223, 215, 53, 185, 100, 76, 92, 197, 178, 171, 214, 251, 8, 150, 101, 146, 232, 129, 155, 162, 213, 93, 217, 134, 227, 2, 149, 49, 208, 145, 95, 24, 172, 31, 19, 232, 217, 73, 208, 182, 215, 252, 188, 15, 232, 78, 77, 47, 200, 227, 26, 116, 204, 87, 16, 12, 231, 17, 2, 75, 249, 146, 204, 80, 78, 104, 16, 255, 234, 139, 153, 185, 168, 145, 3, 254, 168, 115, 67, 248, 107, 85, 105, 128, 28, 142, 245, 65, 159, 33, 134, 75, 124, 47, 113, 183, 118, 119, 4, 225, 241, 218, 170, 25, 244, 166, 233, 138, 146, 135, 209, 131, 184, 125, 65, 74, 101, 243, 45, 136, 231, 12, 250, 164, 202, 79, 111, 104, 176, 104, 190, 129, 65, 45, 245, 109, 71, 110, 167, 149, 38, 101, 46, 87, 184, 245, 244, 249, 138, 218, 8, 94, 144, 212, 81, 214, 56, 20, 151, 162, 5, 16, 247, 205, 210, 216, 197, 38, 202, 170, 46, 93, 115, 118, 49, 86, 154, 101, 97, 33, 9, 181, 169, 176, 19, 150, 244, 216, 254, 111, 65, 81, 67, 50, 94, 116, 82, 254, 155, 217, 149, 198, 29, 198, 249, 119, 204, 214, 248, 86, 95, 226, 96, 80, 44, 136, 87, 75, 27, 104, 242, 187, 59, 47, 123, 158, 218, 19, 216, 220, 216, 69, 170, 35, 10, 103, 5, 49, 242, 42, 184, 132, 53, 58, 245, 38, 151, 138, 103, 144, 4, 208, 54, 139, 19, 108, 147, 110, 174, 221, 97, 221, 142, 1, 92, 122, 171, 155, 113, 149, 107, 29, 135, 92, 20, 194, 64, 15, 29, 174, 21, 36, 64, 74, 43, 78, 155, 227, 89, 64, 99, 218, 186, 56, 66, 236, 56, 27, 238, 117, 171, 1, 197, 88, 68, 0, 185, 173, 101, 217, 194, 138, 75, 81, 9, 221, 9, 3, 233, 252, 221, 255, 162, 93, 78, 216, 6, 18, 122, 33, 108, 131, 71, 209, 80, 214, 215, 114, 100, 179, 58, 190, 104, 221, 221, 183, 80, 136, 125, 129, 93, 170, 157, 112, 132, 44, 37, 250, 26, 249, 157, 117, 86, 242, 3, 108, 79, 147, 37, 203, 19, 23, 192, 51, 225, 59, 82, 203, 254, 53, 213, 25, 217, 176, 74, 57, 113, 245, 159, 58, 91, 139, 145, 220, 34, 126, 221, 117, 175, 52, 77, 44, 93, 20, 82, 138, 217, 50, 148, 217, 84, 34, 92, 219, 120, 160, 109, 142, 11, 69, 11, 194, 182, 160, 219, 61, 105, 213, 252, 195, 252, 3, 194, 232, 51, 118, 246, 240, 224, 30, 140, 50, 233, 243, 255, 149, 128, 10, 31, 89, 206, 223, 181, 46, 123, 201, 38, 6, 21, 241, 24, 29, 80, 9, 38, 218, 186, 11, 7, 244, 92, 143, 144, 243, 164, 147, 107, 135, 84, 219, 126, 251, 85, 121, 234, 63, 55, 144, 17, 3, 107, 131, 231, 250, 79, 218, 254, 2, 84, 94, 232, 98, 53, 237, 134, 201, 186, 183]) }, OpaqueMessage { typ: ApplicationData, version: TLSv1_2, payload: Payload([150, 122, 131, 193, 166, 117, 201, 137, 10, 82, 199, 42, 53, 33, 93, 229, 46, 187, 133, 200, 145, 230, 229, 76, 119, 46, 122, 44, 156, 132, 34, 168, 226, 61, 250, 253, 209, 135, 223, 208, 210, 201, 79, 166, 102, 76, 197, 231, 59, 121, 70, 174, 144, 90, 198, 116, 102, 19, 225, 212, 204, 246, 228, 53, 89, 1, 226, 4, 130, 251, 125, 246, 17, 212, 217, 243, 193, 28, 75, 7, 46, 197, 49, 112, 5, 39, 233, 239, 75, 100, 115, 37, 150, 229, 29, 192, 238, 87, 245, 96, 146, 154, 211, 145, 245, 155, 70, 45, 50, 230, 18, 177, 213, 85, 14, 156, 237, 188, 88, 111, 64, 137, 131, 26, 249, 16, 74, 175, 108, 141, 103, 226, 155, 85, 239, 87, 109, 97, 46, 101, 38, 21, 127, 57, 173, 210, 118, 70, 197, 176, 148, 93, 25, 96, 190, 195, 105, 220, 113, 84, 15, 46, 1, 130, 94, 180, 1, 45, 206, 195, 133, 241, 160, 239, 81, 48, 245, 25, 126, 164, 10, 36, 80, 103, 225, 160, 26, 1, 179, 201, 151, 56, 69, 74, 62, 109, 87, 21, 4, 68, 84, 182, 64, 6, 198, 65, 56, 172, 89, 151, 244, 133, 66, 70, 87, 139, 207, 69, 53, 62, 187, 170, 64, 171, 169, 145, 46, 184, 135, 176, 0, 161, 224, 254, 101, 70, 2, 134, 204, 81, 236, 115, 40, 126, 230, 116, 32, 46, 14, 191, 154, 184, 196, 205, 2, 202, 93, 201, 150, 94, 173, 75, 112, 193, 13, 202, 251, 232, 119, 9, 139, 177, 141, 35, 79, 192, 85, 135, 247, 215, 198]) }, OpaqueMessage { typ: ApplicationData, version: TLSv1_2, payload: Payload([214, 2, 137, 59, 5, 211, 38, 87, 122, 27, 16, 119, 179, 244, 53, 248, 124, 122, 117, 120, 224, 184, 70, 195, 186, 77, 129, 52, 140, 246, 35, 183, 120, 127, 235, 19, 184, 142, 144, 67, 57, 84, 162, 56, 150, 57, 199, 148, 160, 64, 228, 220, 80]) }] } }, RawKnowledge { source: Agent(AgentName(0)), step: Some(StepNumber { trace: 0, step: 0 }), matcher: None, associated_term: None, data: MessageFlight { messages: [Message { version: TLSv1_2, payload: Handshake(HandshakeMessagePayload { typ: ServerHello, payload: ServerHello(ServerHelloPayload { legacy_version: TLSv1_2, random: Random([63, 148, 245, 191, 85, 230, 165, 49, 123, 136, 53, 52, 239, 236, 39, 162, 4, 175, 81, 216, 80, 60, 162, 59, 146, 98, 56, 55, 251, 172, 31, 22]), session_id: SessionID([3, 3, 3, 3, 3, 3, 3, 3, 3, 3, 3, 3, 3, 3, 3, 3, 3, 3, 3, 3, 3, 3, 3, 3, 3, 3, 3, 3, 3, 3, 3, 3]), cipher_suite: TLS13_AES_128_GCM_SHA256, compression_method: Null, extensions: ServerExtensions([KeyShare(KeyShareEntry { group: secp384r1, payload: PayloadU16([4, 102, 129, 187, 178, 183, 174, 0, 246, 178, 85, 2, 83, 76, 88, 187, 63, 10, 5, 89, 120, 46, 227, 165, 124, 209, 244, 47, 111, 216, 114, 177, 50, 25, 174, 49, 167, 209, 6, 238, 131, 8, 243, 188, 146, 212, 101, 210, 76, 240, 187, 240, 81, 150, 134, 134, 128, 140, 239, 1, 25, 250, 109, 167, 208, 212, 162, 255, 183, 122, 27, 194, 181, 242, 207, 188, 231, 40, 147, 183, 176, 193, 98, 190, 4, 151, 83, 146, 86, 69, 167, 224, 93, 120, 231, 91, 64]) }), SupportedVersions(TLSv1_3)]) }) }) }, Message { version: TLSv1_2, payload: ChangeCipherSpec(ChangeCipherSpecPayload) }, Message { version: TLSv1_2, payload: ApplicationData(Payload([61, 183, 220, 87, 136, 131, 175, 12, 246, 81, 229, 185, 94, 197, 61, 185, 136, 35, 0, 60, 157, 138, 149])) }, Message { version: TLSv1_2, payload: ApplicationData(Payload([85, 202, 19, 94, 245, 164, 25, 115, 111, 147, 196, 57, 226, 5, 17, 137, 213, 117, 169, 95, 89, 58, 192, 117, 13, 18, 184, 173, 210, 30, 90, 219, 139, 132, 47, 214, 65, 167, 220, 241, 174, 127, 240, 138, 245, 1, 231, 141, 95, 126, 97, 129, 167, 119, 38, 102, 214, 24, 46, 221, 220, 72, 248, 152, 241, 192, 52, 229, 80, 14, 156, 225, 235, 176, 132, 6, 179, 203, 90, 243, 232, 49, 37, 57, 219, 195, 105, 86, 219, 55, 90, 31, 112, 213, 220, 181, 234, 182, 1, 26, 53, 155, 66, 184, 205, 145, 237, 41, 188, 220, 86, 157, 253, 224, 199, 206, 227, 144, 125, 31, 200, 84, 187, 206, 149, 14, 166, 212, 0, 249, 214, 176, 56, 184, 10, 241, 127, 81, 140, 155, 20, 45, 169, 229, 140, 15, 213, 36, 161, 110, 105, 37, 247, 82, 195, 27, 90, 160, 183, 205, 178, 221, 155, 47, 210, 217, 106, 10, 97, 38, 39, 59, 25, 175, 130, 236, 35, 131, 132, 167, 198, 52, 124, 90, 135, 235, 165, 112, 245, 91, 197, 91, 90, 214, 34, 251, 99, 40, 46, 222, 5, 52, 91, 148, 201, 4, 28, 238, 173, 193, 204, 115, 191, 167, 208, 121, 16, 152, 100, 116, 119, 123, 15, 189, 67, 6, 196, 214, 37, 22, 99, 11, 183, 6, 59, 235, 230, 197, 243, 240, 169, 47, 164, 20, 84, 179, 215, 199, 144, 81, 230, 0, 10, 71, 233, 174, 163, 27, 114, 33, 82, 248, 194, 30, 251, 160, 186, 50, 143, 208, 253, 72, 215, 102, 89, 163, 109, 64, 210, 15, 115, 187, 167, 100, 135, 213, 91, 171, 170, 133, 89, 24, 117, 187, 67, 89, 87, 160, 238, 35, 239, 91, 212, 170, 85, 28, 42, 107, 98, 140, 114, 195, 26, 15, 51, 177, 158, 148, 95, 205, 209, 20, 103, 128, 158, 160, 21, 155, 219, 74, 126, 223, 215, 53, 185, 100, 76, 92, 197, 178, 171, 214, 251, 8, 150, 101, 146, 232, 129, 155, 162, 213, 93, 217, 134, 227, 2, 149, 49, 208, 145, 95, 24, 172, 31, 19, 232, 217, 73, 208, 182, 215, 252, 188, 15, 232, 78, 77, 47, 200, 227, 26, 116, 204, 87, 16, 12, 231, 17, 2, 75, 249, 146, 204, 80, 78, 104, 16, 255, 234, 139, 153, 185, 168, 145, 3, 254, 168, 115, 67, 248, 107, 85, 105, 128, 28, 142, 245, 65, 159, 33, 134, 75, 124, 47, 113, 183, 118, 119, 4, 225, 241, 218, 170, 25, 244, 166, 233, 138, 146, 135, 209, 131, 184, 125, 65, 74, 101, 243, 45, 136, 231, 12, 250, 164, 202, 79, 111, 104, 176, 104, 190, 129, 65, 45, 245, 109, 71, 110, 167, 149, 38, 101, 46, 87, 184, 245, 244, 249, 138, 218, 8, 94, 144, 212, 81, 214, 56, 20, 151, 162, 5, 16, 247, 205, 210, 216, 197, 38, 202, 170, 46, 93, 115, 118, 49, 86, 154, 101, 97, 33, 9, 181, 169, 176, 19, 150, 244, 216, 254, 111, 65, 81, 67, 50, 94, 116, 82, 254, 155, 217, 149, 198, 29, 198, 249, 119, 204, 214, 248, 86, 95, 226, 96, 80, 44, 136, 87, 75, 27, 104, 242, 187, 59, 47, 123, 158, 218, 19, 216, 220, 216, 69, 170, 35, 10, 103, 5, 49, 242, 42, 184, 132, 53, 58, 245, 38, 151, 138, 103, 144, 4, 208, 54, 139, 19, 108, 147, 110, 174, 221, 97, 221, 142, 1, 92, 122, 171, 155, 113, 149, 107, 29, 135, 92, 20, 194, 64, 15, 29, 174, 21, 36, 64, 74, 43, 78, 155, 227, 89, 64, 99, 218, 186, 56, 66, 236, 56, 27, 238, 117, 171, 1, 197, 88, 68, 0, 185, 173, 101, 217, 194, 138, 75, 81, 9, 221, 9, 3, 233, 252, 221, 255, 162, 93, 78, 216, 6, 18, 122, 33, 108, 131, 71, 209, 80, 214, 215, 114, 100, 179, 58, 190, 104, 221, 221, 183, 80, 136, 125, 129, 93, 170, 157, 112, 132, 44, 37, 250, 26, 249, 157, 117, 86, 242, 3, 108, 79, 147, 37, 203, 19, 23, 192, 51, 225, 59, 82, 203, 254, 53, 213, 25, 217, 176, 74, 57, 113, 245, 159, 58, 91, 139, 145, 220, 34, 126, 221, 117, 175, 52, 77, 44, 93, 20, 82, 138, 217, 50, 148, 217, 84, 34, 92, 219, 120, 160, 109, 142, 11, 69, 11, 194, 182, 160, 219, 61, 105, 213, 252, 195, 252, 3, 194, 232, 51, 118, 246, 240, 224, 30, 140, 50, 233, 243, 255, 149, 128, 10, 31, 89, 206, 223, 181, 46, 123, 201, 38, 6, 21, 241, 24, 29, 80, 9, 38, 218, 186, 11, 7, 244, 92, 143, 144, 243, 164, 147, 107, 135, 84, 219, 126, 251, 85, 121, 234, 63, 55, 144, 17, 3, 107, 131, 231, 250, 79, 218, 254, 2, 84, 94, 232, 98, 53, 237, 134, 201, 186, 183])) }, Message { version: TLSv1_2, payload: ApplicationData(Payload([150, 122, 131, 193, 166, 117, 201, 137, 10, 82, 199, 42, 53, 33, 93, 229, 46, 187, 133, 200, 145, 230, 229, 76, 119, 46, 122, 44, 156, 132, 34, 168, 226, 61, 250, 253, 209, 135, 223, 208, 210, 201, 79, 166, 102, 76, 197, 231, 59, 121, 70, 174, 144, 90, 198, 116, 102, 19, 225, 212, 204, 246, 228, 53, 89, 1, 226, 4, 130, 251, 125, 246, 17, 212, 217, 243, 193, 28, 75, 7, 46, 197, 49, 112, 5, 39, 233, 239, 75, 100, 115, 37, 150, 229, 29, 192, 238, 87, 245, 96, 146, 154, 211, 145, 245, 155, 70, 45, 50, 230, 18, 177, 213, 85, 14, 156, 237, 188, 88, 111, 64, 137, 131, 26, 249, 16, 74, 175, 108, 141, 103, 226, 155, 85, 239, 87, 109, 97, 46, 101, 38, 21, 127, 57, 173, 210, 118, 70, 197, 176, 148, 93, 25, 96, 190, 195, 105, 220, 113, 84, 15, 46, 1, 130, 94, 180, 1, 45, 206, 195, 133, 241, 160, 239, 81, 48, 245, 25, 126, 164, 10, 36, 80, 103, 225, 160, 26, 1, 179, 201, 151, 56, 69, 74, 62, 109, 87, 21, 4, 68, 84, 182, 64, 6, 198, 65, 56, 172, 89, 151, 244, 133, 66, 70, 87, 139, 207, 69, 53, 62, 187, 170, 64, 171, 169, 145, 46, 184, 135, 176, 0, 161, 224, 254, 101, 70, 2, 134, 204, 81, 236, 115, 40, 126, 230, 116, 32, 46, 14, 191, 154, 184, 196, 205, 2, 202, 93, 201, 150, 94, 173, 75, 112, 193, 13, 202, 251, 232, 119, 9, 139, 177, 141, 35, 79, 192, 85, 135, 247, 215, 198])) }, Message { version: TLSv1_2, payload: ApplicationData(Payload([214, 2, 137, 59, 5, 211, 38, 87, 122, 27, 16, 119, 179, 244, 53, 248, 124, 122, 117, 120, 224, 184, 70, 195, 186, 77, 129, 52, 140, 246, 35, 183, 120, 127, 235, 19, 184, 142, 144, 67, 57, 84, 162, 56, 150, 57, 199, 148, 160, 64, 228, 220, 80])) }] } }] } with query Query { source: Some(Agent(AgentName(0))), matcher: None, counter: 1 }
2026-04-22T14:06:05+02:00	Looking for variable KnowledgeStore { raw_knowledge: [RawKnowledge { source: Agent(AgentName(0)), step: Some(StepNumber { trace: 0, step: 0 }), matcher: None, associated_term: None, data: OpaqueMessageFlight { messages: [OpaqueMessage { typ: Handshake, version: TLSv1_2, payload: Payload([2, 0, 0, 183, 3, 3, 63, 148, 245, 191, 85, 230, 165, 49, 123, 136, 53, 52, 239, 236, 39, 162, 4, 175, 81, 216, 80, 60, 162, 59, 146, 98, 56, 55, 251, 172, 31, 22, 32, 3, 3, 3, 3, 3, 3, 3, 3, 3, 3, 3, 3, 3, 3, 3, 3, 3, 3, 3, 3, 3, 3, 3, 3, 3, 3, 3, 3, 3, 3, 3, 3, 19, 1, 0, 0, 111, 0, 51, 0, 101, 0, 24, 0, 97, 4, 102, 129, 187, 178, 183, 174, 0, 246, 178, 85, 2, 83, 76, 88, 187, 63, 10, 5, 89, 120, 46, 227, 165, 124, 209, 244, 47, 111, 216, 114, 177, 50, 25, 174, 49, 167, 209, 6, 238, 131, 8, 243, 188, 146, 212, 101, 210, 76, 240, 187, 240, 81, 150, 134, 134, 128, 140, 239, 1, 25, 250, 109, 167, 208, 212, 162, 255, 183, 122, 27, 194, 181, 242, 207, 188, 231, 40, 147, 183, 176, 193, 98, 190, 4, 151, 83, 146, 86, 69, 167, 224, 93, 120, 231, 91, 64, 0, 43, 0, 2, 3, 4]) }, OpaqueMessage { typ: ChangeCipherSpec, version: TLSv1_2, payload: Payload([1]) }, OpaqueMessage { typ: ApplicationData, version: TLSv1_2, payload: Payload([61, 183, 220, 87, 136, 131, 175, 12, 246, 81, 229, 185, 94, 197, 61, 185, 136, 35, 0, 60, 157, 138, 149]) }, OpaqueMessage { typ: ApplicationData, version: TLSv1_2, payload: Payload([85, 202, 19, 94, 245, 164, 25, 115, 111, 147, 196, 57, 226, 5, 17, 137, 213, 117, 169, 95, 89, 58, 192, 117, 13, 18, 184, 173, 210, 30, 90, 219, 139, 132, 47, 214, 65, 167, 220, 241, 174, 127, 240, 138, 245, 1, 231, 141, 95, 126, 97, 129, 167, 119, 38, 102, 214, 24, 46, 221, 220, 72, 248, 152, 241, 192, 52, 229, 80, 14, 156, 225, 235, 176, 132, 6, 179, 203, 90, 243, 232, 49, 37, 57, 219, 195, 105, 86, 219, 55, 90, 31, 112, 213, 220, 181, 234, 182, 1, 26, 53, 155, 66, 184, 205, 145, 237, 41, 188, 220, 86, 157, 253, 224, 199, 206, 227, 144, 125, 31, 200, 84, 187, 206, 149, 14, 166, 212, 0, 249, 214, 176, 56, 184, 10, 241, 127, 81, 140, 155, 20, 45, 169, 229, 140, 15, 213, 36, 161, 110, 105, 37, 247, 82, 195, 27, 90, 160, 183, 205, 178, 221, 155, 47, 210, 217, 106, 10, 97, 38, 39, 59, 25, 175, 130, 236, 35, 131, 132, 167, 198, 52, 124, 90, 135, 235, 165, 112, 245, 91, 197, 91, 90, 214, 34, 251, 99, 40, 46, 222, 5, 52, 91, 148, 201, 4, 28, 238, 173, 193, 204, 115, 191, 167, 208, 121, 16, 152, 100, 116, 119, 123, 15, 189, 67, 6, 196, 214, 37, 22, 99, 11, 183, 6, 59, 235, 230, 197, 243, 240, 169, 47, 164, 20, 84, 179, 215, 199, 144, 81, 230, 0, 10, 71, 233, 174, 163, 27, 114, 33, 82, 248, 194, 30, 251, 160, 186, 50, 143, 208, 253, 72, 215, 102, 89, 163, 109, 64, 210, 15, 115, 187, 167, 100, 135, 213, 91, 171, 170, 133, 89, 24, 117, 187, 67, 89, 87, 160, 238, 35, 239, 91, 212, 170, 85, 28, 42, 107, 98, 140, 114, 195, 26, 15, 51, 177, 158, 148, 95, 205, 209, 20, 103, 128, 158, 160, 21, 155, 219, 74, 126, 223, 215, 53, 185, 100, 76, 92, 197, 178, 171, 214, 251, 8, 150, 101, 146, 232, 129, 155, 162, 213, 93, 217, 134, 227, 2, 149, 49, 208, 145, 95, 24, 172, 31, 19, 232, 217, 73, 208, 182, 215, 252, 188, 15, 232, 78, 77, 47, 200, 227, 26, 116, 204, 87, 16, 12, 231, 17, 2, 75, 249, 146, 204, 80, 78, 104, 16, 255, 234, 139, 153, 185, 168, 145, 3, 254, 168, 115, 67, 248, 107, 85, 105, 128, 28, 142, 245, 65, 159, 33, 134, 75, 124, 47, 113, 183, 118, 119, 4, 225, 241, 218, 170, 25, 244, 166, 233, 138, 146, 135, 209, 131, 184, 125, 65, 74, 101, 243, 45, 136, 231, 12, 250, 164, 202, 79, 111, 104, 176, 104, 190, 129, 65, 45, 245, 109, 71, 110, 167, 149, 38, 101, 46, 87, 184, 245, 244, 249, 138, 218, 8, 94, 144, 212, 81, 214, 56, 20, 151, 162, 5, 16, 247, 205, 210, 216, 197, 38, 202, 170, 46, 93, 115, 118, 49, 86, 154, 101, 97, 33, 9, 181, 169, 176, 19, 150, 244, 216, 254, 111, 65, 81, 67, 50, 94, 116, 82, 254, 155, 217, 149, 198, 29, 198, 249, 119, 204, 214, 248, 86, 95, 226, 96, 80, 44, 136, 87, 75, 27, 104, 242, 187, 59, 47, 123, 158, 218, 19, 216, 220, 216, 69, 170, 35, 10, 103, 5, 49, 242, 42, 184, 132, 53, 58, 245, 38, 151, 138, 103, 144, 4, 208, 54, 139, 19, 108, 147, 110, 174, 221, 97, 221, 142, 1, 92, 122, 171, 155, 113, 149, 107, 29, 135, 92, 20, 194, 64, 15, 29, 174, 21, 36, 64, 74, 43, 78, 155, 227, 89, 64, 99, 218, 186, 56, 66, 236, 56, 27, 238, 117, 171, 1, 197, 88, 68, 0, 185, 173, 101, 217, 194, 138, 75, 81, 9, 221, 9, 3, 233, 252, 221, 255, 162, 93, 78, 216, 6, 18, 122, 33, 108, 131, 71, 209, 80, 214, 215, 114, 100, 179, 58, 190, 104, 221, 221, 183, 80, 136, 125, 129, 93, 170, 157, 112, 132, 44, 37, 250, 26, 249, 157, 117, 86, 242, 3, 108, 79, 147, 37, 203, 19, 23, 192, 51, 225, 59, 82, 203, 254, 53, 213, 25, 217, 176, 74, 57, 113, 245, 159, 58, 91, 139, 145, 220, 34, 126, 221, 117, 175, 52, 77, 44, 93, 20, 82, 138, 217, 50, 148, 217, 84, 34, 92, 219, 120, 160, 109, 142, 11, 69, 11, 194, 182, 160, 219, 61, 105, 213, 252, 195, 252, 3, 194, 232, 51, 118, 246, 240, 224, 30, 140, 50, 233, 243, 255, 149, 128, 10, 31, 89, 206, 223, 181, 46, 123, 201, 38, 6, 21, 241, 24, 29, 80, 9, 38, 218, 186, 11, 7, 244, 92, 143, 144, 243, 164, 147, 107, 135, 84, 219, 126, 251, 85, 121, 234, 63, 55, 144, 17, 3, 107, 131, 231, 250, 79, 218, 254, 2, 84, 94, 232, 98, 53, 237, 134, 201, 186, 183]) }, OpaqueMessage { typ: ApplicationData, version: TLSv1_2, payload: Payload([150, 122, 131, 193, 166, 117, 201, 137, 10, 82, 199, 42, 53, 33, 93, 229, 46, 187, 133, 200, 145, 230, 229, 76, 119, 46, 122, 44, 156, 132, 34, 168, 226, 61, 250, 253, 209, 135, 223, 208, 210, 201, 79, 166, 102, 76, 197, 231, 59, 121, 70, 174, 144, 90, 198, 116, 102, 19, 225, 212, 204, 246, 228, 53, 89, 1, 226, 4, 130, 251, 125, 246, 17, 212, 217, 243, 193, 28, 75, 7, 46, 197, 49, 112, 5, 39, 233, 239, 75, 100, 115, 37, 150, 229, 29, 192, 238, 87, 245, 96, 146, 154, 211, 145, 245, 155, 70, 45, 50, 230, 18, 177, 213, 85, 14, 156, 237, 188, 88, 111, 64, 137, 131, 26, 249, 16, 74, 175, 108, 141, 103, 226, 155, 85, 239, 87, 109, 97, 46, 101, 38, 21, 127, 57, 173, 210, 118, 70, 197, 176, 148, 93, 25, 96, 190, 195, 105, 220, 113, 84, 15, 46, 1, 130, 94, 180, 1, 45, 206, 195, 133, 241, 160, 239, 81, 48, 245, 25, 126, 164, 10, 36, 80, 103, 225, 160, 26, 1, 179, 201, 151, 56, 69, 74, 62, 109, 87, 21, 4, 68, 84, 182, 64, 6, 198, 65, 56, 172, 89, 151, 244, 133, 66, 70, 87, 139, 207, 69, 53, 62, 187, 170, 64, 171, 169, 145, 46, 184, 135, 176, 0, 161, 224, 254, 101, 70, 2, 134, 204, 81, 236, 115, 40, 126, 230, 116, 32, 46, 14, 191, 154, 184, 196, 205, 2, 202, 93, 201, 150, 94, 173, 75, 112, 193, 13, 202, 251, 232, 119, 9, 139, 177, 141, 35, 79, 192, 85, 135, 247, 215, 198]) }, OpaqueMessage { typ: ApplicationData, version: TLSv1_2, payload: Payload([214, 2, 137, 59, 5, 211, 38, 87, 122, 27, 16, 119, 179, 244, 53, 248, 124, 122, 117, 120, 224, 184, 70, 195, 186, 77, 129, 52, 140, 246, 35, 183, 120, 127, 235, 19, 184, 142, 144, 67, 57, 84, 162, 56, 150, 57, 199, 148, 160, 64, 228, 220, 80]) }] } }, RawKnowledge { source: Agent(AgentName(0)), step: Some(StepNumber { trace: 0, step: 0 }), matcher: None, associated_term: None, data: MessageFlight { messages: [Message { version: TLSv1_2, payload: Handshake(HandshakeMessagePayload { typ: ServerHello, payload: ServerHello(ServerHelloPayload { legacy_version: TLSv1_2, random: Random([63, 148, 245, 191, 85, 230, 165, 49, 123, 136, 53, 52, 239, 236, 39, 162, 4, 175, 81, 216, 80, 60, 162, 59, 146, 98, 56, 55, 251, 172, 31, 22]), session_id: SessionID([3, 3, 3, 3, 3, 3, 3, 3, 3, 3, 3, 3, 3, 3, 3, 3, 3, 3, 3, 3, 3, 3, 3, 3, 3, 3, 3, 3, 3, 3, 3, 3]), cipher_suite: TLS13_AES_128_GCM_SHA256, compression_method: Null, extensions: ServerExtensions([KeyShare(KeyShareEntry { group: secp384r1, payload: PayloadU16([4, 102, 129, 187, 178, 183, 174, 0, 246, 178, 85, 2, 83, 76, 88, 187, 63, 10, 5, 89, 120, 46, 227, 165, 124, 209, 244, 47, 111, 216, 114, 177, 50, 25, 174, 49, 167, 209, 6, 238, 131, 8, 243, 188, 146, 212, 101, 210, 76, 240, 187, 240, 81, 150, 134, 134, 128, 140, 239, 1, 25, 250, 109, 167, 208, 212, 162, 255, 183, 122, 27, 194, 181, 242, 207, 188, 231, 40, 147, 183, 176, 193, 98, 190, 4, 151, 83, 146, 86, 69, 167, 224, 93, 120, 231, 91, 64]) }), SupportedVersions(TLSv1_3)]) }) }) }, Message { version: TLSv1_2, payload: ChangeCipherSpec(ChangeCipherSpecPayload) }, Message { version: TLSv1_2, payload: ApplicationData(Payload([61, 183, 220, 87, 136, 131, 175, 12, 246, 81, 229, 185, 94, 197, 61, 185, 136, 35, 0, 60, 157, 138, 149])) }, Message { version: TLSv1_2, payload: ApplicationData(Payload([85, 202, 19, 94, 245, 164, 25, 115, 111, 147, 196, 57, 226, 5, 17, 137, 213, 117, 169, 95, 89, 58, 192, 117, 13, 18, 184, 173, 210, 30, 90, 219, 139, 132, 47, 214, 65, 167, 220, 241, 174, 127, 240, 138, 245, 1, 231, 141, 95, 126, 97, 129, 167, 119, 38, 102, 214, 24, 46, 221, 220, 72, 248, 152, 241, 192, 52, 229, 80, 14, 156, 225, 235, 176, 132, 6, 179, 203, 90, 243, 232, 49, 37, 57, 219, 195, 105, 86, 219, 55, 90, 31, 112, 213, 220, 181, 234, 182, 1, 26, 53, 155, 66, 184, 205, 145, 237, 41, 188, 220, 86, 157, 253, 224, 199, 206, 227, 144, 125, 31, 200, 84, 187, 206, 149, 14, 166, 212, 0, 249, 214, 176, 56, 184, 10, 241, 127, 81, 140, 155, 20, 45, 169, 229, 140, 15, 213, 36, 161, 110, 105, 37, 247, 82, 195, 27, 90, 160, 183, 205, 178, 221, 155, 47, 210, 217, 106, 10, 97, 38, 39, 59, 25, 175, 130, 236, 35, 131, 132, 167, 198, 52, 124, 90, 135, 235, 165, 112, 245, 91, 197, 91, 90, 214, 34, 251, 99, 40, 46, 222, 5, 52, 91, 148, 201, 4, 28, 238, 173, 193, 204, 115, 191, 167, 208, 121, 16, 152, 100, 116, 119, 123, 15, 189, 67, 6, 196, 214, 37, 22, 99, 11, 183, 6, 59, 235, 230, 197, 243, 240, 169, 47, 164, 20, 84, 179, 215, 199, 144, 81, 230, 0, 10, 71, 233, 174, 163, 27, 114, 33, 82, 248, 194, 30, 251, 160, 186, 50, 143, 208, 253, 72, 215, 102, 89, 163, 109, 64, 210, 15, 115, 187, 167, 100, 135, 213, 91, 171, 170, 133, 89, 24, 117, 187, 67, 89, 87, 160, 238, 35, 239, 91, 212, 170, 85, 28, 42, 107, 98, 140, 114, 195, 26, 15, 51, 177, 158, 148, 95, 205, 209, 20, 103, 128, 158, 160, 21, 155, 219, 74, 126, 223, 215, 53, 185, 100, 76, 92, 197, 178, 171, 214, 251, 8, 150, 101, 146, 232, 129, 155, 162, 213, 93, 217, 134, 227, 2, 149, 49, 208, 145, 95, 24, 172, 31, 19, 232, 217, 73, 208, 182, 215, 252, 188, 15, 232, 78, 77, 47, 200, 227, 26, 116, 204, 87, 16, 12, 231, 17, 2, 75, 249, 146, 204, 80, 78, 104, 16, 255, 234, 139, 153, 185, 168, 145, 3, 254, 168, 115, 67, 248, 107, 85, 105, 128, 28, 142, 245, 65, 159, 33, 134, 75, 124, 47, 113, 183, 118, 119, 4, 225, 241, 218, 170, 25, 244, 166, 233, 138, 146, 135, 209, 131, 184, 125, 65, 74, 101, 243, 45, 136, 231, 12, 250, 164, 202, 79, 111, 104, 176, 104, 190, 129, 65, 45, 245, 109, 71, 110, 167, 149, 38, 101, 46, 87, 184, 245, 244, 249, 138, 218, 8, 94, 144, 212, 81, 214, 56, 20, 151, 162, 5, 16, 247, 205, 210, 216, 197, 38, 202, 170, 46, 93, 115, 118, 49, 86, 154, 101, 97, 33, 9, 181, 169, 176, 19, 150, 244, 216, 254, 111, 65, 81, 67, 50, 94, 116, 82, 254, 155, 217, 149, 198, 29, 198, 249, 119, 204, 214, 248, 86, 95, 226, 96, 80, 44, 136, 87, 75, 27, 104, 242, 187, 59, 47, 123, 158, 218, 19, 216, 220, 216, 69, 170, 35, 10, 103, 5, 49, 242, 42, 184, 132, 53, 58, 245, 38, 151, 138, 103, 144, 4, 208, 54, 139, 19, 108, 147, 110, 174, 221, 97, 221, 142, 1, 92, 122, 171, 155, 113, 149, 107, 29, 135, 92, 20, 194, 64, 15, 29, 174, 21, 36, 64, 74, 43, 78, 155, 227, 89, 64, 99, 218, 186, 56, 66, 236, 56, 27, 238, 117, 171, 1, 197, 88, 68, 0, 185, 173, 101, 217, 194, 138, 75, 81, 9, 221, 9, 3, 233, 252, 221, 255, 162, 93, 78, 216, 6, 18, 122, 33, 108, 131, 71, 209, 80, 214, 215, 114, 100, 179, 58, 190, 104, 221, 221, 183, 80, 136, 125, 129, 93, 170, 157, 112, 132, 44, 37, 250, 26, 249, 157, 117, 86, 242, 3, 108, 79, 147, 37, 203, 19, 23, 192, 51, 225, 59, 82, 203, 254, 53, 213, 25, 217, 176, 74, 57, 113, 245, 159, 58, 91, 139, 145, 220, 34, 126, 221, 117, 175, 52, 77, 44, 93, 20, 82, 138, 217, 50, 148, 217, 84, 34, 92, 219, 120, 160, 109, 142, 11, 69, 11, 194, 182, 160, 219, 61, 105, 213, 252, 195, 252, 3, 194, 232, 51, 118, 246, 240, 224, 30, 140, 50, 233, 243, 255, 149, 128, 10, 31, 89, 206, 223, 181, 46, 123, 201, 38, 6, 21, 241, 24, 29, 80, 9, 38, 218, 186, 11, 7, 244, 92, 143, 144, 243, 164, 147, 107, 135, 84, 219, 126, 251, 85, 121, 234, 63, 55, 144, 17, 3, 107, 131, 231, 250, 79, 218, 254, 2, 84, 94, 232, 98, 53, 237, 134, 201, 186, 183])) }, Message { version: TLSv1_2, payload: ApplicationData(Payload([150, 122, 131, 193, 166, 117, 201, 137, 10, 82, 199, 42, 53, 33, 93, 229, 46, 187, 133, 200, 145, 230, 229, 76, 119, 46, 122, 44, 156, 132, 34, 168, 226, 61, 250, 253, 209, 135, 223, 208, 210, 201, 79, 166, 102, 76, 197, 231, 59, 121, 70, 174, 144, 90, 198, 116, 102, 19, 225, 212, 204, 246, 228, 53, 89, 1, 226, 4, 130, 251, 125, 246, 17, 212, 217, 243, 193, 28, 75, 7, 46, 197, 49, 112, 5, 39, 233, 239, 75, 100, 115, 37, 150, 229, 29, 192, 238, 87, 245, 96, 146, 154, 211, 145, 245, 155, 70, 45, 50, 230, 18, 177, 213, 85, 14, 156, 237, 188, 88, 111, 64, 137, 131, 26, 249, 16, 74, 175, 108, 141, 103, 226, 155, 85, 239, 87, 109, 97, 46, 101, 38, 21, 127, 57, 173, 210, 118, 70, 197, 176, 148, 93, 25, 96, 190, 195, 105, 220, 113, 84, 15, 46, 1, 130, 94, 180, 1, 45, 206, 195, 133, 241, 160, 239, 81, 48, 245, 25, 126, 164, 10, 36, 80, 103, 225, 160, 26, 1, 179, 201, 151, 56, 69, 74, 62, 109, 87, 21, 4, 68, 84, 182, 64, 6, 198, 65, 56, 172, 89, 151, 244, 133, 66, 70, 87, 139, 207, 69, 53, 62, 187, 170, 64, 171, 169, 145, 46, 184, 135, 176, 0, 161, 224, 254, 101, 70, 2, 134, 204, 81, 236, 115, 40, 126, 230, 116, 32, 46, 14, 191, 154, 184, 196, 205, 2, 202, 93, 201, 150, 94, 173, 75, 112, 193, 13, 202, 251, 232, 119, 9, 139, 177, 141, 35, 79, 192, 85, 135, 247, 215, 198])) }, Message { version: TLSv1_2, payload: ApplicationData(Payload([214, 2, 137, 59, 5, 211, 38, 87, 122, 27, 16, 119, 179, 244, 53, 248, 124, 122, 117, 120, 224, 184, 70, 195, 186, 77, 129, 52, 140, 246, 35, 183, 120, 127, 235, 19, 184, 142, 144, 67, 57, 84, 162, 56, 150, 57, 199, 148, 160, 64, 228, 220, 80])) }] } }] } with query_type_shape TypeShape { inner_type_id: TypeId(0xc98df2ea849be4d6635006bb3d2e9b25), name: "tlspuffin::protocol::MessageFlight", phantom: PhantomData<tlspuffin::protocol::TLSProtocolTypes> } and query Query { source: Some(Agent(AgentName(0))), matcher: None, counter: 1 }
2026-04-22T14:06:05+02:00	Extract atom: Random
2026-04-22T14:06:05+02:00	Extract atom: SessionID
2026-04-22T14:06:05+02:00	Extract atom: ServerExtension
2026-04-22T14:06:05+02:00	Extract atom: ServerExtension
2026-04-22T14:06:05+02:00	[evaluate_config_wrap] Term Error --> Unable to find variable (Some(Agent(AgentName(0))), 1)[None]/MessageFlight!
2026-04-22T14:06:05+02:00	[evaluate_config] About to evaluate term (with_payloads: true):
fn_encrypt_handshake(
	fn_finished(
		fn_verify_data(
			fn_server_finished_transcript(
				(Some(Agent(AgentName(1))), 0)[None]/TranscriptServerFinished
			) -> HandshakeHash,
			fn_server_hello_transcript(
				(Some(Agent(AgentName(1))), 0)[None]/TranscriptServerHello
			) -> HandshakeHash,
			fn_get_server_key_share(
				(Some(Agent(AgentName(1))), 0)[Some(Handshake(Some(ServerHello)))]/Vec<ServerExtension>
			) -> Vec<u8>>,
			fn_psk(
				fn_derive_psk(
					fn_server_hello_transcript(
						(Some(Agent(AgentName(0))), 0)[None]/TranscriptServerHello
					) -> HandshakeHash,
					fn_server_finished_transcript(
						(Some(Agent(AgentName(0))), 0)[None]/TranscriptServerFinished
					) -> HandshakeHash,
					fn_client_finished_transcript(
						(Some(Agent(AgentName(0))), 0)[None]/TranscriptClientFinished
					) -> HandshakeHash,
					fn_get_server_key_share(
						(Some(Agent(AgentName(0))), 0)[Some(Handshake(Some(ServerHello)))]/Vec<ServerExtension>
					) -> Vec<u8>>,
					fn_get_ticket_nonce(
						fn_find_server_ticket(
							fn_decrypt_application_flight(
								(Some(Agent(AgentName(0))), 1)[None]/MessageFlight,
								fn_server_hello_transcript(
									(Some(Agent(AgentName(0))), 0)[None]/TranscriptServerHello
								) -> HandshakeHash,
								fn_server_finished_transcript(
									(Some(Agent(AgentName(0))), 0)[None]/TranscriptServerFinished
								) -> HandshakeHash,
								fn_get_server_key_share(
									(Some(Agent(AgentName(0))), 0)[None]/Vec<ServerExtension>
								) -> Vec<u8>>,
								fn_no_psk -> Vec<u8>>,
								fn_named_group_secp384r1 -> NamedGroup,
								fn_true -> bool,
								fn_seq_0 -> u64,
								fn_new_random -> Random,
								fn_cipher_suite13_aes_128_gcm_sha256 -> CipherSuite
							) -> MessageFlight
						) -> Message
					) -> Vec<u8>,
					fn_named_group_secp384r1 -> NamedGroup,
					fn_new_random -> Random,
					fn_cipher_suite13_aes_128_gcm_sha256 -> CipherSuite
				) -> Vec<u8>
			) -> Vec<u8>>,
			fn_named_group_secp384r1 -> NamedGroup,
			fn_new_random -> Random,
			fn_cipher_suite13_aes_128_gcm_sha256 -> CipherSuite
		) -> Vec<u8>
	) -> Message,
	fn_server_hello_transcript(
		(Some(Agent(AgentName(1))), 0)[None]/TranscriptServerHello
	) -> HandshakeHash,
	fn_get_server_key_share(
		(Some(Agent(AgentName(1))), 0)[Some(Handshake(Some(ServerHello)))]/Vec<ServerExtension>
	) -> Vec<u8>>,
	fn_psk(
		fn_derive_psk(
			fn_server_hello_transcript(
				(Some(Agent(AgentName(0))), 0)[None]/TranscriptServerHello
			) -> HandshakeHash,
			fn_server_finished_transcript(
				(Some(Agent(AgentName(0))), 0)[None]/TranscriptServerFinished
			) -> HandshakeHash,
			fn_client_finished_transcript(
				(Some(Agent(AgentName(0))), 0)[None]/TranscriptClientFinished
			) -> HandshakeHash,
			fn_get_server_key_share(
				(Some(Agent(AgentName(0))), 0)[Some(Handshake(Some(ServerHello)))]/Vec<ServerExtension>
			) -> Vec<u8>>,
			fn_get_ticket_nonce(
				fn_find_server_ticket(
					fn_decrypt_application_flight(
						(Some(Agent(AgentName(0))), 1)[None]/MessageFlight,
						fn_server_hello_transcript(
							(Some(Agent(AgentName(0))), 0)[None]/TranscriptServerHello
						) -> HandshakeHash,
						fn_server_finished_transcript(
							(Some(Agent(AgentName(0))), 0)[None]/TranscriptServerFinished
						) -> HandshakeHash,
						fn_get_server_key_share(
							(Some(Agent(AgentName(0))), 0)[None]/Vec<ServerExtension>
						) -> Vec<u8>>,
						fn_no_psk -> Vec<u8>>,
						fn_named_group_secp384r1 -> NamedGroup,
						fn_true -> bool,
						fn_seq_0 -> u64,
						fn_new_random -> Random,
						fn_cipher_suite13_aes_128_gcm_sha256 -> CipherSuite
					) -> MessageFlight
				) -> Message
			) -> Vec<u8>,
			fn_named_group_secp384r1 -> NamedGroup,
			fn_new_random -> Random,
			fn_cipher_suite13_aes_128_gcm_sha256 -> CipherSuite
		) -> Vec<u8>
	) -> Vec<u8>>,
	fn_named_group_secp384r1 -> NamedGroup,
	fn_true -> bool,
	fn_seq_0 -> u64,
	fn_new_random -> Random,
	fn_cipher_suite13_aes_128_gcm_sha256 -> CipherSuite
) -> OpaqueMessage
===================================================================
2026-04-22T14:06:05+02:00	[eval_until_opaque] [START]: Eval term:
 fn_encrypt_handshake(
	fn_finished(
		fn_verify_data(
			fn_server_finished_transcript(
				(Some(Agent(AgentName(1))), 0)[None]/TranscriptServerFinished
			) -> HandshakeHash,
			fn_server_hello_transcript(
				(Some(Agent(AgentName(1))), 0)[None]/TranscriptServerHello
			) -> HandshakeHash,
			fn_get_server_key_share(
				(Some(Agent(AgentName(1))), 0)[Some(Handshake(Some(ServerHello)))]/Vec<ServerExtension>
			) -> Vec<u8>>,
			fn_psk(
				fn_derive_psk(
					fn_server_hello_transcript(
						(Some(Agent(AgentName(0))), 0)[None]/TranscriptServerHello
					) -> HandshakeHash,
					fn_server_finished_transcript(
						(Some(Agent(AgentName(0))), 0)[None]/TranscriptServerFinished
					) -> HandshakeHash,
					fn_client_finished_transcript(
						(Some(Agent(AgentName(0))), 0)[None]/TranscriptClientFinished
					) -> HandshakeHash,
					fn_get_server_key_share(
						(Some(Agent(AgentName(0))), 0)[Some(Handshake(Some(ServerHello)))]/Vec<ServerExtension>
					) -> Vec<u8>>,
					fn_get_ticket_nonce(
						fn_find_server_ticket(
							fn_decrypt_application_flight(
								(Some(Agent(AgentName(0))), 1)[None]/MessageFlight,
								fn_server_hello_transcript(
									(Some(Agent(AgentName(0))), 0)[None]/TranscriptServerHello
								) -> HandshakeHash,
								fn_server_finished_transcript(
									(Some(Agent(AgentName(0))), 0)[None]/TranscriptServerFinished
								) -> HandshakeHash,
								fn_get_server_key_share(
									(Some(Agent(AgentName(0))), 0)[None]/Vec<ServerExtension>
								) -> Vec<u8>>,
								fn_no_psk -> Vec<u8>>,
								fn_named_group_secp384r1 -> NamedGroup,
								fn_true -> bool,
								fn_seq_0 -> u64,
								fn_new_random -> Random,
								fn_cipher_suite13_aes_128_gcm_sha256 -> CipherSuite
							) -> MessageFlight
						) -> Message
					) -> Vec<u8>,
					fn_named_group_secp384r1 -> NamedGroup,
					fn_new_random -> Random,
					fn_cipher_suite13_aes_128_gcm_sha256 -> CipherSuite
				) -> Vec<u8>
			) -> Vec<u8>>,
			fn_named_group_secp384r1 -> NamedGroup,
			fn_new_random -> Random,
			fn_cipher_suite13_aes_128_gcm_sha256 -> CipherSuite
		) -> Vec<u8>
	) -> Message,
	fn_server_hello_transcript(
		(Some(Agent(AgentName(1))), 0)[None]/TranscriptServerHello
	) -> HandshakeHash,
	fn_get_server_key_share(
		(Some(Agent(AgentName(1))), 0)[Some(Handshake(Some(ServerHello)))]/Vec<ServerExtension>
	) -> Vec<u8>>,
	fn_psk(
		fn_derive_psk(
			fn_server_hello_transcript(
				(Some(Agent(AgentName(0))), 0)[None]/TranscriptServerHello
			) -> HandshakeHash,
			fn_server_finished_transcript(
				(Some(Agent(AgentName(0))), 0)[None]/TranscriptServerFinished
			) -> HandshakeHash,
			fn_client_finished_transcript(
				(Some(Agent(AgentName(0))), 0)[None]/TranscriptClientFinished
			) -> HandshakeHash,
			fn_get_server_key_share(
				(Some(Agent(AgentName(0))), 0)[Some(Handshake(Some(ServerHello)))]/Vec<ServerExtension>
			) -> Vec<u8>>,
			fn_get_ticket_nonce(
				fn_find_server_ticket(
					fn_decrypt_application_flight(
						(Some(Agent(AgentName(0))), 1)[None]/MessageFlight,
						fn_server_hello_transcript(
							(Some(Agent(AgentName(0))), 0)[None]/TranscriptServerHello
						) -> HandshakeHash,
						fn_server_finished_transcript(
							(Some(Agent(AgentName(0))), 0)[None]/TranscriptServerFinished
						) -> HandshakeHash,
						fn_get_server_key_share(
							(Some(Agent(AgentName(0))), 0)[None]/Vec<ServerExtension>
						) -> Vec<u8>>,
						fn_no_psk -> Vec<u8>>,
						fn_named_group_secp384r1 -> NamedGroup,
						fn_true -> bool,
						fn_seq_0 -> u64,
						fn_new_random -> Random,
						fn_cipher_suite13_aes_128_gcm_sha256 -> CipherSuite
					) -> MessageFlight
				) -> Message
			) -> Vec<u8>,
			fn_named_group_secp384r1 -> NamedGroup,
			fn_new_random -> Random,
			fn_cipher_suite13_aes_128_gcm_sha256 -> CipherSuite
		) -> Vec<u8>
	) -> Vec<u8>>,
	fn_named_group_secp384r1 -> NamedGroup,
	fn_true -> bool,
	fn_seq_0 -> u64,
	fn_new_random -> Random,
	fn_cipher_suite13_aes_128_gcm_sha256 -> CipherSuite
) -> OpaqueMessage
2026-04-22T14:06:05+02:00	[eval_until_opaque] [App]: Application from path=[]
2026-04-22T14:06:05+02:00	  + Treating argument # 0 from path []...
2026-04-22T14:06:05+02:00	[eval_until_opaque] [START]: Eval term:
 fn_finished(
	fn_verify_data(
		fn_server_finished_transcript(
			(Some(Agent(AgentName(1))), 0)[None]/TranscriptServerFinished
		) -> HandshakeHash,
		fn_server_hello_transcript(
			(Some(Agent(AgentName(1))), 0)[None]/TranscriptServerHello
		) -> HandshakeHash,
		fn_get_server_key_share(
			(Some(Agent(AgentName(1))), 0)[Some(Handshake(Some(ServerHello)))]/Vec<ServerExtension>
		) -> Vec<u8>>,
		fn_psk(
			fn_derive_psk(
				fn_server_hello_transcript(
					(Some(Agent(AgentName(0))), 0)[None]/TranscriptServerHello
				) -> HandshakeHash,
				fn_server_finished_transcript(
					(Some(Agent(AgentName(0))), 0)[None]/TranscriptServerFinished
				) -> HandshakeHash,
				fn_client_finished_transcript(
					(Some(Agent(AgentName(0))), 0)[None]/TranscriptClientFinished
				) -> HandshakeHash,
				fn_get_server_key_share(
					(Some(Agent(AgentName(0))), 0)[Some(Handshake(Some(ServerHello)))]/Vec<ServerExtension>
				) -> Vec<u8>>,
				fn_get_ticket_nonce(
					fn_find_server_ticket(
						fn_decrypt_application_flight(
							(Some(Agent(AgentName(0))), 1)[None]/MessageFlight,
							fn_server_hello_transcript(
								(Some(Agent(AgentName(0))), 0)[None]/TranscriptServerHello
							) -> HandshakeHash,
							fn_server_finished_transcript(
								(Some(Agent(AgentName(0))), 0)[None]/TranscriptServerFinished
							) -> HandshakeHash,
							fn_get_server_key_share(
								(Some(Agent(AgentName(0))), 0)[None]/Vec<ServerExtension>
							) -> Vec<u8>>,
							fn_no_psk -> Vec<u8>>,
							fn_named_group_secp384r1 -> NamedGroup,
							fn_true -> bool,
							fn_seq_0 -> u64,
							fn_new_random -> Random,
							fn_cipher_suite13_aes_128_gcm_sha256 -> CipherSuite
						) -> MessageFlight
					) -> Message
				) -> Vec<u8>,
				fn_named_group_secp384r1 -> NamedGroup,
				fn_new_random -> Random,
				fn_cipher_suite13_aes_128_gcm_sha256 -> CipherSuite
			) -> Vec<u8>
		) -> Vec<u8>>,
		fn_named_group_secp384r1 -> NamedGroup,
		fn_new_random -> Random,
		fn_cipher_suite13_aes_128_gcm_sha256 -> CipherSuite
	) -> Vec<u8>
) -> Message
2026-04-22T14:06:05+02:00	[eval_until_opaque] [App]: Application from path=[0]
2026-04-22T14:06:05+02:00	  + Treating argument # 0 from path [0]...
2026-04-22T14:06:05+02:00	[eval_until_opaque] [START]: Eval term:
 fn_verify_data(
	fn_server_finished_transcript(
		(Some(Agent(AgentName(1))), 0)[None]/TranscriptServerFinished
	) -> HandshakeHash,
	fn_server_hello_transcript(
		(Some(Agent(AgentName(1))), 0)[None]/TranscriptServerHello
	) -> HandshakeHash,
	fn_get_server_key_share(
		(Some(Agent(AgentName(1))), 0)[Some(Handshake(Some(ServerHello)))]/Vec<ServerExtension>
	) -> Vec<u8>>,
	fn_psk(
		fn_derive_psk(
			fn_server_hello_transcript(
				(Some(Agent(AgentName(0))), 0)[None]/TranscriptServerHello
			) -> HandshakeHash,
			fn_server_finished_transcript(
				(Some(Agent(AgentName(0))), 0)[None]/TranscriptServerFinished
			) -> HandshakeHash,
			fn_client_finished_transcript(
				(Some(Agent(AgentName(0))), 0)[None]/TranscriptClientFinished
			) -> HandshakeHash,
			fn_get_server_key_share(
				(Some(Agent(AgentName(0))), 0)[Some(Handshake(Some(ServerHello)))]/Vec<ServerExtension>
			) -> Vec<u8>>,
			fn_get_ticket_nonce(
				fn_find_server_ticket(
					fn_decrypt_application_flight(
						(Some(Agent(AgentName(0))), 1)[None]/MessageFlight,
						fn_server_hello_transcript(
							(Some(Agent(AgentName(0))), 0)[None]/TranscriptServerHello
						) -> HandshakeHash,
						fn_server_finished_transcript(
							(Some(Agent(AgentName(0))), 0)[None]/TranscriptServerFinished
						) -> HandshakeHash,
						fn_get_server_key_share(
							(Some(Agent(AgentName(0))), 0)[None]/Vec<ServerExtension>
						) -> Vec<u8>>,
						fn_no_psk -> Vec<u8>>,
						fn_named_group_secp384r1 -> NamedGroup,
						fn_true -> bool,
						fn_seq_0 -> u64,
						fn_new_random -> Random,
						fn_cipher_suite13_aes_128_gcm_sha256 -> CipherSuite
					) -> MessageFlight
				) -> Message
			) -> Vec<u8>,
			fn_named_group_secp384r1 -> NamedGroup,
			fn_new_random -> Random,
			fn_cipher_suite13_aes_128_gcm_sha256 -> CipherSuite
		) -> Vec<u8>
	) -> Vec<u8>>,
	fn_named_group_secp384r1 -> NamedGroup,
	fn_new_random -> Random,
	fn_cipher_suite13_aes_128_gcm_sha256 -> CipherSuite
) -> Vec<u8>
2026-04-22T14:06:05+02:00	[eval_until_opaque] [App]: Application from path=[0, 0]
2026-04-22T14:06:05+02:00	  + Treating argument # 0 from path [0, 0]...
2026-04-22T14:06:05+02:00	[eval_until_opaque] [START]: Eval term:
 fn_server_finished_transcript(
	(Some(Agent(AgentName(1))), 0)[None]/TranscriptServerFinished
) -> HandshakeHash
2026-04-22T14:06:05+02:00	[eval_until_opaque] [App]: Application from path=[0, 0, 0]
2026-04-22T14:06:05+02:00	  + Treating argument # 0 from path [0, 0, 0]...
2026-04-22T14:06:05+02:00	[eval_until_opaque] [START]: Eval term:
 (Some(Agent(AgentName(1))), 0)[None]/TranscriptServerFinished
2026-04-22T14:06:05+02:00	Looking for variable in KnowledgeStore { raw_knowledge: [RawKnowledge { source: Agent(AgentName(0)), step: Some(StepNumber { trace: 0, step: 0 }), matcher: None, associated_term: None, data: OpaqueMessageFlight { messages: [OpaqueMessage { typ: Handshake, version: TLSv1_2, payload: Payload([2, 0, 0, 183, 3, 3, 63, 148, 245, 191, 85, 230, 165, 49, 123, 136, 53, 52, 239, 236, 39, 162, 4, 175, 81, 216, 80, 60, 162, 59, 146, 98, 56, 55, 251, 172, 31, 22, 32, 3, 3, 3, 3, 3, 3, 3, 3, 3, 3, 3, 3, 3, 3, 3, 3, 3, 3, 3, 3, 3, 3, 3, 3, 3, 3, 3, 3, 3, 3, 3, 3, 19, 1, 0, 0, 111, 0, 51, 0, 101, 0, 24, 0, 97, 4, 102, 129, 187, 178, 183, 174, 0, 246, 178, 85, 2, 83, 76, 88, 187, 63, 10, 5, 89, 120, 46, 227, 165, 124, 209, 244, 47, 111, 216, 114, 177, 50, 25, 174, 49, 167, 209, 6, 238, 131, 8, 243, 188, 146, 212, 101, 210, 76, 240, 187, 240, 81, 150, 134, 134, 128, 140, 239, 1, 25, 250, 109, 167, 208, 212, 162, 255, 183, 122, 27, 194, 181, 242, 207, 188, 231, 40, 147, 183, 176, 193, 98, 190, 4, 151, 83, 146, 86, 69, 167, 224, 93, 120, 231, 91, 64, 0, 43, 0, 2, 3, 4]) }, OpaqueMessage { typ: ChangeCipherSpec, version: TLSv1_2, payload: Payload([1]) }, OpaqueMessage { typ: ApplicationData, version: TLSv1_2, payload: Payload([61, 183, 220, 87, 136, 131, 175, 12, 246, 81, 229, 185, 94, 197, 61, 185, 136, 35, 0, 60, 157, 138, 149]) }, OpaqueMessage { typ: ApplicationData, version: TLSv1_2, payload: Payload([85, 202, 19, 94, 245, 164, 25, 115, 111, 147, 196, 57, 226, 5, 17, 137, 213, 117, 169, 95, 89, 58, 192, 117, 13, 18, 184, 173, 210, 30, 90, 219, 139, 132, 47, 214, 65, 167, 220, 241, 174, 127, 240, 138, 245, 1, 231, 141, 95, 126, 97, 129, 167, 119, 38, 102, 214, 24, 46, 221, 220, 72, 248, 152, 241, 192, 52, 229, 80, 14, 156, 225, 235, 176, 132, 6, 179, 203, 90, 243, 232, 49, 37, 57, 219, 195, 105, 86, 219, 55, 90, 31, 112, 213, 220, 181, 234, 182, 1, 26, 53, 155, 66, 184, 205, 145, 237, 41, 188, 220, 86, 157, 253, 224, 199, 206, 227, 144, 125, 31, 200, 84, 187, 206, 149, 14, 166, 212, 0, 249, 214, 176, 56, 184, 10, 241, 127, 81, 140, 155, 20, 45, 169, 229, 140, 15, 213, 36, 161, 110, 105, 37, 247, 82, 195, 27, 90, 160, 183, 205, 178, 221, 155, 47, 210, 217, 106, 10, 97, 38, 39, 59, 25, 175, 130, 236, 35, 131, 132, 167, 198, 52, 124, 90, 135, 235, 165, 112, 245, 91, 197, 91, 90, 214, 34, 251, 99, 40, 46, 222, 5, 52, 91, 148, 201, 4, 28, 238, 173, 193, 204, 115, 191, 167, 208, 121, 16, 152, 100, 116, 119, 123, 15, 189, 67, 6, 196, 214, 37, 22, 99, 11, 183, 6, 59, 235, 230, 197, 243, 240, 169, 47, 164, 20, 84, 179, 215, 199, 144, 81, 230, 0, 10, 71, 233, 174, 163, 27, 114, 33, 82, 248, 194, 30, 251, 160, 186, 50, 143, 208, 253, 72, 215, 102, 89, 163, 109, 64, 210, 15, 115, 187, 167, 100, 135, 213, 91, 171, 170, 133, 89, 24, 117, 187, 67, 89, 87, 160, 238, 35, 239, 91, 212, 170, 85, 28, 42, 107, 98, 140, 114, 195, 26, 15, 51, 177, 158, 148, 95, 205, 209, 20, 103, 128, 158, 160, 21, 155, 219, 74, 126, 223, 215, 53, 185, 100, 76, 92, 197, 178, 171, 214, 251, 8, 150, 101, 146, 232, 129, 155, 162, 213, 93, 217, 134, 227, 2, 149, 49, 208, 145, 95, 24, 172, 31, 19, 232, 217, 73, 208, 182, 215, 252, 188, 15, 232, 78, 77, 47, 200, 227, 26, 116, 204, 87, 16, 12, 231, 17, 2, 75, 249, 146, 204, 80, 78, 104, 16, 255, 234, 139, 153, 185, 168, 145, 3, 254, 168, 115, 67, 248, 107, 85, 105, 128, 28, 142, 245, 65, 159, 33, 134, 75, 124, 47, 113, 183, 118, 119, 4, 225, 241, 218, 170, 25, 244, 166, 233, 138, 146, 135, 209, 131, 184, 125, 65, 74, 101, 243, 45, 136, 231, 12, 250, 164, 202, 79, 111, 104, 176, 104, 190, 129, 65, 45, 245, 109, 71, 110, 167, 149, 38, 101, 46, 87, 184, 245, 244, 249, 138, 218, 8, 94, 144, 212, 81, 214, 56, 20, 151, 162, 5, 16, 247, 205, 210, 216, 197, 38, 202, 170, 46, 93, 115, 118, 49, 86, 154, 101, 97, 33, 9, 181, 169, 176, 19, 150, 244, 216, 254, 111, 65, 81, 67, 50, 94, 116, 82, 254, 155, 217, 149, 198, 29, 198, 249, 119, 204, 214, 248, 86, 95, 226, 96, 80, 44, 136, 87, 75, 27, 104, 242, 187, 59, 47, 123, 158, 218, 19, 216, 220, 216, 69, 170, 35, 10, 103, 5, 49, 242, 42, 184, 132, 53, 58, 245, 38, 151, 138, 103, 144, 4, 208, 54, 139, 19, 108, 147, 110, 174, 221, 97, 221, 142, 1, 92, 122, 171, 155, 113, 149, 107, 29, 135, 92, 20, 194, 64, 15, 29, 174, 21, 36, 64, 74, 43, 78, 155, 227, 89, 64, 99, 218, 186, 56, 66, 236, 56, 27, 238, 117, 171, 1, 197, 88, 68, 0, 185, 173, 101, 217, 194, 138, 75, 81, 9, 221, 9, 3, 233, 252, 221, 255, 162, 93, 78, 216, 6, 18, 122, 33, 108, 131, 71, 209, 80, 214, 215, 114, 100, 179, 58, 190, 104, 221, 221, 183, 80, 136, 125, 129, 93, 170, 157, 112, 132, 44, 37, 250, 26, 249, 157, 117, 86, 242, 3, 108, 79, 147, 37, 203, 19, 23, 192, 51, 225, 59, 82, 203, 254, 53, 213, 25, 217, 176, 74, 57, 113, 245, 159, 58, 91, 139, 145, 220, 34, 126, 221, 117, 175, 52, 77, 44, 93, 20, 82, 138, 217, 50, 148, 217, 84, 34, 92, 219, 120, 160, 109, 142, 11, 69, 11, 194, 182, 160, 219, 61, 105, 213, 252, 195, 252, 3, 194, 232, 51, 118, 246, 240, 224, 30, 140, 50, 233, 243, 255, 149, 128, 10, 31, 89, 206, 223, 181, 46, 123, 201, 38, 6, 21, 241, 24, 29, 80, 9, 38, 218, 186, 11, 7, 244, 92, 143, 144, 243, 164, 147, 107, 135, 84, 219, 126, 251, 85, 121, 234, 63, 55, 144, 17, 3, 107, 131, 231, 250, 79, 218, 254, 2, 84, 94, 232, 98, 53, 237, 134, 201, 186, 183]) }, OpaqueMessage { typ: ApplicationData, version: TLSv1_2, payload: Payload([150, 122, 131, 193, 166, 117, 201, 137, 10, 82, 199, 42, 53, 33, 93, 229, 46, 187, 133, 200, 145, 230, 229, 76, 119, 46, 122, 44, 156, 132, 34, 168, 226, 61, 250, 253, 209, 135, 223, 208, 210, 201, 79, 166, 102, 76, 197, 231, 59, 121, 70, 174, 144, 90, 198, 116, 102, 19, 225, 212, 204, 246, 228, 53, 89, 1, 226, 4, 130, 251, 125, 246, 17, 212, 217, 243, 193, 28, 75, 7, 46, 197, 49, 112, 5, 39, 233, 239, 75, 100, 115, 37, 150, 229, 29, 192, 238, 87, 245, 96, 146, 154, 211, 145, 245, 155, 70, 45, 50, 230, 18, 177, 213, 85, 14, 156, 237, 188, 88, 111, 64, 137, 131, 26, 249, 16, 74, 175, 108, 141, 103, 226, 155, 85, 239, 87, 109, 97, 46, 101, 38, 21, 127, 57, 173, 210, 118, 70, 197, 176, 148, 93, 25, 96, 190, 195, 105, 220, 113, 84, 15, 46, 1, 130, 94, 180, 1, 45, 206, 195, 133, 241, 160, 239, 81, 48, 245, 25, 126, 164, 10, 36, 80, 103, 225, 160, 26, 1, 179, 201, 151, 56, 69, 74, 62, 109, 87, 21, 4, 68, 84, 182, 64, 6, 198, 65, 56, 172, 89, 151, 244, 133, 66, 70, 87, 139, 207, 69, 53, 62, 187, 170, 64, 171, 169, 145, 46, 184, 135, 176, 0, 161, 224, 254, 101, 70, 2, 134, 204, 81, 236, 115, 40, 126, 230, 116, 32, 46, 14, 191, 154, 184, 196, 205, 2, 202, 93, 201, 150, 94, 173, 75, 112, 193, 13, 202, 251, 232, 119, 9, 139, 177, 141, 35, 79, 192, 85, 135, 247, 215, 198]) }, OpaqueMessage { typ: ApplicationData, version: TLSv1_2, payload: Payload([214, 2, 137, 59, 5, 211, 38, 87, 122, 27, 16, 119, 179, 244, 53, 248, 124, 122, 117, 120, 224, 184, 70, 195, 186, 77, 129, 52, 140, 246, 35, 183, 120, 127, 235, 19, 184, 142, 144, 67, 57, 84, 162, 56, 150, 57, 199, 148, 160, 64, 228, 220, 80]) }] } }, RawKnowledge { source: Agent(AgentName(0)), step: Some(StepNumber { trace: 0, step: 0 }), matcher: None, associated_term: None, data: MessageFlight { messages: [Message { version: TLSv1_2, payload: Handshake(HandshakeMessagePayload { typ: ServerHello, payload: ServerHello(ServerHelloPayload { legacy_version: TLSv1_2, random: Random([63, 148, 245, 191, 85, 230, 165, 49, 123, 136, 53, 52, 239, 236, 39, 162, 4, 175, 81, 216, 80, 60, 162, 59, 146, 98, 56, 55, 251, 172, 31, 22]), session_id: SessionID([3, 3, 3, 3, 3, 3, 3, 3, 3, 3, 3, 3, 3, 3, 3, 3, 3, 3, 3, 3, 3, 3, 3, 3, 3, 3, 3, 3, 3, 3, 3, 3]), cipher_suite: TLS13_AES_128_GCM_SHA256, compression_method: Null, extensions: ServerExtensions([KeyShare(KeyShareEntry { group: secp384r1, payload: PayloadU16([4, 102, 129, 187, 178, 183, 174, 0, 246, 178, 85, 2, 83, 76, 88, 187, 63, 10, 5, 89, 120, 46, 227, 165, 124, 209, 244, 47, 111, 216, 114, 177, 50, 25, 174, 49, 167, 209, 6, 238, 131, 8, 243, 188, 146, 212, 101, 210, 76, 240, 187, 240, 81, 150, 134, 134, 128, 140, 239, 1, 25, 250, 109, 167, 208, 212, 162, 255, 183, 122, 27, 194, 181, 242, 207, 188, 231, 40, 147, 183, 176, 193, 98, 190, 4, 151, 83, 146, 86, 69, 167, 224, 93, 120, 231, 91, 64]) }), SupportedVersions(TLSv1_3)]) }) }) }, Message { version: TLSv1_2, payload: ChangeCipherSpec(ChangeCipherSpecPayload) }, Message { version: TLSv1_2, payload: ApplicationData(Payload([61, 183, 220, 87, 136, 131, 175, 12, 246, 81, 229, 185, 94, 197, 61, 185, 136, 35, 0, 60, 157, 138, 149])) }, Message { version: TLSv1_2, payload: ApplicationData(Payload([85, 202, 19, 94, 245, 164, 25, 115, 111, 147, 196, 57, 226, 5, 17, 137, 213, 117, 169, 95, 89, 58, 192, 117, 13, 18, 184, 173, 210, 30, 90, 219, 139, 132, 47, 214, 65, 167, 220, 241, 174, 127, 240, 138, 245, 1, 231, 141, 95, 126, 97, 129, 167, 119, 38, 102, 214, 24, 46, 221, 220, 72, 248, 152, 241, 192, 52, 229, 80, 14, 156, 225, 235, 176, 132, 6, 179, 203, 90, 243, 232, 49, 37, 57, 219, 195, 105, 86, 219, 55, 90, 31, 112, 213, 220, 181, 234, 182, 1, 26, 53, 155, 66, 184, 205, 145, 237, 41, 188, 220, 86, 157, 253, 224, 199, 206, 227, 144, 125, 31, 200, 84, 187, 206, 149, 14, 166, 212, 0, 249, 214, 176, 56, 184, 10, 241, 127, 81, 140, 155, 20, 45, 169, 229, 140, 15, 213, 36, 161, 110, 105, 37, 247, 82, 195, 27, 90, 160, 183, 205, 178, 221, 155, 47, 210, 217, 106, 10, 97, 38, 39, 59, 25, 175, 130, 236, 35, 131, 132, 167, 198, 52, 124, 90, 135, 235, 165, 112, 245, 91, 197, 91, 90, 214, 34, 251, 99, 40, 46, 222, 5, 52, 91, 148, 201, 4, 28, 238, 173, 193, 204, 115, 191, 167, 208, 121, 16, 152, 100, 116, 119, 123, 15, 189, 67, 6, 196, 214, 37, 22, 99, 11, 183, 6, 59, 235, 230, 197, 243, 240, 169, 47, 164, 20, 84, 179, 215, 199, 144, 81, 230, 0, 10, 71, 233, 174, 163, 27, 114, 33, 82, 248, 194, 30, 251, 160, 186, 50, 143, 208, 253, 72, 215, 102, 89, 163, 109, 64, 210, 15, 115, 187, 167, 100, 135, 213, 91, 171, 170, 133, 89, 24, 117, 187, 67, 89, 87, 160, 238, 35, 239, 91, 212, 170, 85, 28, 42, 107, 98, 140, 114, 195, 26, 15, 51, 177, 158, 148, 95, 205, 209, 20, 103, 128, 158, 160, 21, 155, 219, 74, 126, 223, 215, 53, 185, 100, 76, 92, 197, 178, 171, 214, 251, 8, 150, 101, 146, 232, 129, 155, 162, 213, 93, 217, 134, 227, 2, 149, 49, 208, 145, 95, 24, 172, 31, 19, 232, 217, 73, 208, 182, 215, 252, 188, 15, 232, 78, 77, 47, 200, 227, 26, 116, 204, 87, 16, 12, 231, 17, 2, 75, 249, 146, 204, 80, 78, 104, 16, 255, 234, 139, 153, 185, 168, 145, 3, 254, 168, 115, 67, 248, 107, 85, 105, 128, 28, 142, 245, 65, 159, 33, 134, 75, 124, 47, 113, 183, 118, 119, 4, 225, 241, 218, 170, 25, 244, 166, 233, 138, 146, 135, 209, 131, 184, 125, 65, 74, 101, 243, 45, 136, 231, 12, 250, 164, 202, 79, 111, 104, 176, 104, 190, 129, 65, 45, 245, 109, 71, 110, 167, 149, 38, 101, 46, 87, 184, 245, 244, 249, 138, 218, 8, 94, 144, 212, 81, 214, 56, 20, 151, 162, 5, 16, 247, 205, 210, 216, 197, 38, 202, 170, 46, 93, 115, 118, 49, 86, 154, 101, 97, 33, 9, 181, 169, 176, 19, 150, 244, 216, 254, 111, 65, 81, 67, 50, 94, 116, 82, 254, 155, 217, 149, 198, 29, 198, 249, 119, 204, 214, 248, 86, 95, 226, 96, 80, 44, 136, 87, 75, 27, 104, 242, 187, 59, 47, 123, 158, 218, 19, 216, 220, 216, 69, 170, 35, 10, 103, 5, 49, 242, 42, 184, 132, 53, 58, 245, 38, 151, 138, 103, 144, 4, 208, 54, 139, 19, 108, 147, 110, 174, 221, 97, 221, 142, 1, 92, 122, 171, 155, 113, 149, 107, 29, 135, 92, 20, 194, 64, 15, 29, 174, 21, 36, 64, 74, 43, 78, 155, 227, 89, 64, 99, 218, 186, 56, 66, 236, 56, 27, 238, 117, 171, 1, 197, 88, 68, 0, 185, 173, 101, 217, 194, 138, 75, 81, 9, 221, 9, 3, 233, 252, 221, 255, 162, 93, 78, 216, 6, 18, 122, 33, 108, 131, 71, 209, 80, 214, 215, 114, 100, 179, 58, 190, 104, 221, 221, 183, 80, 136, 125, 129, 93, 170, 157, 112, 132, 44, 37, 250, 26, 249, 157, 117, 86, 242, 3, 108, 79, 147, 37, 203, 19, 23, 192, 51, 225, 59, 82, 203, 254, 53, 213, 25, 217, 176, 74, 57, 113, 245, 159, 58, 91, 139, 145, 220, 34, 126, 221, 117, 175, 52, 77, 44, 93, 20, 82, 138, 217, 50, 148, 217, 84, 34, 92, 219, 120, 160, 109, 142, 11, 69, 11, 194, 182, 160, 219, 61, 105, 213, 252, 195, 252, 3, 194, 232, 51, 118, 246, 240, 224, 30, 140, 50, 233, 243, 255, 149, 128, 10, 31, 89, 206, 223, 181, 46, 123, 201, 38, 6, 21, 241, 24, 29, 80, 9, 38, 218, 186, 11, 7, 244, 92, 143, 144, 243, 164, 147, 107, 135, 84, 219, 126, 251, 85, 121, 234, 63, 55, 144, 17, 3, 107, 131, 231, 250, 79, 218, 254, 2, 84, 94, 232, 98, 53, 237, 134, 201, 186, 183])) }, Message { version: TLSv1_2, payload: ApplicationData(Payload([150, 122, 131, 193, 166, 117, 201, 137, 10, 82, 199, 42, 53, 33, 93, 229, 46, 187, 133, 200, 145, 230, 229, 76, 119, 46, 122, 44, 156, 132, 34, 168, 226, 61, 250, 253, 209, 135, 223, 208, 210, 201, 79, 166, 102, 76, 197, 231, 59, 121, 70, 174, 144, 90, 198, 116, 102, 19, 225, 212, 204, 246, 228, 53, 89, 1, 226, 4, 130, 251, 125, 246, 17, 212, 217, 243, 193, 28, 75, 7, 46, 197, 49, 112, 5, 39, 233, 239, 75, 100, 115, 37, 150, 229, 29, 192, 238, 87, 245, 96, 146, 154, 211, 145, 245, 155, 70, 45, 50, 230, 18, 177, 213, 85, 14, 156, 237, 188, 88, 111, 64, 137, 131, 26, 249, 16, 74, 175, 108, 141, 103, 226, 155, 85, 239, 87, 109, 97, 46, 101, 38, 21, 127, 57, 173, 210, 118, 70, 197, 176, 148, 93, 25, 96, 190, 195, 105, 220, 113, 84, 15, 46, 1, 130, 94, 180, 1, 45, 206, 195, 133, 241, 160, 239, 81, 48, 245, 25, 126, 164, 10, 36, 80, 103, 225, 160, 26, 1, 179, 201, 151, 56, 69, 74, 62, 109, 87, 21, 4, 68, 84, 182, 64, 6, 198, 65, 56, 172, 89, 151, 244, 133, 66, 70, 87, 139, 207, 69, 53, 62, 187, 170, 64, 171, 169, 145, 46, 184, 135, 176, 0, 161, 224, 254, 101, 70, 2, 134, 204, 81, 236, 115, 40, 126, 230, 116, 32, 46, 14, 191, 154, 184, 196, 205, 2, 202, 93, 201, 150, 94, 173, 75, 112, 193, 13, 202, 251, 232, 119, 9, 139, 177, 141, 35, 79, 192, 85, 135, 247, 215, 198])) }, Message { version: TLSv1_2, payload: ApplicationData(Payload([214, 2, 137, 59, 5, 211, 38, 87, 122, 27, 16, 119, 179, 244, 53, 248, 124, 122, 117, 120, 224, 184, 70, 195, 186, 77, 129, 52, 140, 246, 35, 183, 120, 127, 235, 19, 184, 142, 144, 67, 57, 84, 162, 56, 150, 57, 199, 148, 160, 64, 228, 220, 80])) }] } }] } with query Query { source: Some(Agent(AgentName(1))), matcher: None, counter: 0 }
2026-04-22T14:06:05+02:00	Looking for variable KnowledgeStore { raw_knowledge: [RawKnowledge { source: Agent(AgentName(0)), step: Some(StepNumber { trace: 0, step: 0 }), matcher: None, associated_term: None, data: OpaqueMessageFlight { messages: [OpaqueMessage { typ: Handshake, version: TLSv1_2, payload: Payload([2, 0, 0, 183, 3, 3, 63, 148, 245, 191, 85, 230, 165, 49, 123, 136, 53, 52, 239, 236, 39, 162, 4, 175, 81, 216, 80, 60, 162, 59, 146, 98, 56, 55, 251, 172, 31, 22, 32, 3, 3, 3, 3, 3, 3, 3, 3, 3, 3, 3, 3, 3, 3, 3, 3, 3, 3, 3, 3, 3, 3, 3, 3, 3, 3, 3, 3, 3, 3, 3, 3, 19, 1, 0, 0, 111, 0, 51, 0, 101, 0, 24, 0, 97, 4, 102, 129, 187, 178, 183, 174, 0, 246, 178, 85, 2, 83, 76, 88, 187, 63, 10, 5, 89, 120, 46, 227, 165, 124, 209, 244, 47, 111, 216, 114, 177, 50, 25, 174, 49, 167, 209, 6, 238, 131, 8, 243, 188, 146, 212, 101, 210, 76, 240, 187, 240, 81, 150, 134, 134, 128, 140, 239, 1, 25, 250, 109, 167, 208, 212, 162, 255, 183, 122, 27, 194, 181, 242, 207, 188, 231, 40, 147, 183, 176, 193, 98, 190, 4, 151, 83, 146, 86, 69, 167, 224, 93, 120, 231, 91, 64, 0, 43, 0, 2, 3, 4]) }, OpaqueMessage { typ: ChangeCipherSpec, version: TLSv1_2, payload: Payload([1]) }, OpaqueMessage { typ: ApplicationData, version: TLSv1_2, payload: Payload([61, 183, 220, 87, 136, 131, 175, 12, 246, 81, 229, 185, 94, 197, 61, 185, 136, 35, 0, 60, 157, 138, 149]) }, OpaqueMessage { typ: ApplicationData, version: TLSv1_2, payload: Payload([85, 202, 19, 94, 245, 164, 25, 115, 111, 147, 196, 57, 226, 5, 17, 137, 213, 117, 169, 95, 89, 58, 192, 117, 13, 18, 184, 173, 210, 30, 90, 219, 139, 132, 47, 214, 65, 167, 220, 241, 174, 127, 240, 138, 245, 1, 231, 141, 95, 126, 97, 129, 167, 119, 38, 102, 214, 24, 46, 221, 220, 72, 248, 152, 241, 192, 52, 229, 80, 14, 156, 225, 235, 176, 132, 6, 179, 203, 90, 243, 232, 49, 37, 57, 219, 195, 105, 86, 219, 55, 90, 31, 112, 213, 220, 181, 234, 182, 1, 26, 53, 155, 66, 184, 205, 145, 237, 41, 188, 220, 86, 157, 253, 224, 199, 206, 227, 144, 125, 31, 200, 84, 187, 206, 149, 14, 166, 212, 0, 249, 214, 176, 56, 184, 10, 241, 127, 81, 140, 155, 20, 45, 169, 229, 140, 15, 213, 36, 161, 110, 105, 37, 247, 82, 195, 27, 90, 160, 183, 205, 178, 221, 155, 47, 210, 217, 106, 10, 97, 38, 39, 59, 25, 175, 130, 236, 35, 131, 132, 167, 198, 52, 124, 90, 135, 235, 165, 112, 245, 91, 197, 91, 90, 214, 34, 251, 99, 40, 46, 222, 5, 52, 91, 148, 201, 4, 28, 238, 173, 193, 204, 115, 191, 167, 208, 121, 16, 152, 100, 116, 119, 123, 15, 189, 67, 6, 196, 214, 37, 22, 99, 11, 183, 6, 59, 235, 230, 197, 243, 240, 169, 47, 164, 20, 84, 179, 215, 199, 144, 81, 230, 0, 10, 71, 233, 174, 163, 27, 114, 33, 82, 248, 194, 30, 251, 160, 186, 50, 143, 208, 253, 72, 215, 102, 89, 163, 109, 64, 210, 15, 115, 187, 167, 100, 135, 213, 91, 171, 170, 133, 89, 24, 117, 187, 67, 89, 87, 160, 238, 35, 239, 91, 212, 170, 85, 28, 42, 107, 98, 140, 114, 195, 26, 15, 51, 177, 158, 148, 95, 205, 209, 20, 103, 128, 158, 160, 21, 155, 219, 74, 126, 223, 215, 53, 185, 100, 76, 92, 197, 178, 171, 214, 251, 8, 150, 101, 146, 232, 129, 155, 162, 213, 93, 217, 134, 227, 2, 149, 49, 208, 145, 95, 24, 172, 31, 19, 232, 217, 73, 208, 182, 215, 252, 188, 15, 232, 78, 77, 47, 200, 227, 26, 116, 204, 87, 16, 12, 231, 17, 2, 75, 249, 146, 204, 80, 78, 104, 16, 255, 234, 139, 153, 185, 168, 145, 3, 254, 168, 115, 67, 248, 107, 85, 105, 128, 28, 142, 245, 65, 159, 33, 134, 75, 124, 47, 113, 183, 118, 119, 4, 225, 241, 218, 170, 25, 244, 166, 233, 138, 146, 135, 209, 131, 184, 125, 65, 74, 101, 243, 45, 136, 231, 12, 250, 164, 202, 79, 111, 104, 176, 104, 190, 129, 65, 45, 245, 109, 71, 110, 167, 149, 38, 101, 46, 87, 184, 245, 244, 249, 138, 218, 8, 94, 144, 212, 81, 214, 56, 20, 151, 162, 5, 16, 247, 205, 210, 216, 197, 38, 202, 170, 46, 93, 115, 118, 49, 86, 154, 101, 97, 33, 9, 181, 169, 176, 19, 150, 244, 216, 254, 111, 65, 81, 67, 50, 94, 116, 82, 254, 155, 217, 149, 198, 29, 198, 249, 119, 204, 214, 248, 86, 95, 226, 96, 80, 44, 136, 87, 75, 27, 104, 242, 187, 59, 47, 123, 158, 218, 19, 216, 220, 216, 69, 170, 35, 10, 103, 5, 49, 242, 42, 184, 132, 53, 58, 245, 38, 151, 138, 103, 144, 4, 208, 54, 139, 19, 108, 147, 110, 174, 221, 97, 221, 142, 1, 92, 122, 171, 155, 113, 149, 107, 29, 135, 92, 20, 194, 64, 15, 29, 174, 21, 36, 64, 74, 43, 78, 155, 227, 89, 64, 99, 218, 186, 56, 66, 236, 56, 27, 238, 117, 171, 1, 197, 88, 68, 0, 185, 173, 101, 217, 194, 138, 75, 81, 9, 221, 9, 3, 233, 252, 221, 255, 162, 93, 78, 216, 6, 18, 122, 33, 108, 131, 71, 209, 80, 214, 215, 114, 100, 179, 58, 190, 104, 221, 221, 183, 80, 136, 125, 129, 93, 170, 157, 112, 132, 44, 37, 250, 26, 249, 157, 117, 86, 242, 3, 108, 79, 147, 37, 203, 19, 23, 192, 51, 225, 59, 82, 203, 254, 53, 213, 25, 217, 176, 74, 57, 113, 245, 159, 58, 91, 139, 145, 220, 34, 126, 221, 117, 175, 52, 77, 44, 93, 20, 82, 138, 217, 50, 148, 217, 84, 34, 92, 219, 120, 160, 109, 142, 11, 69, 11, 194, 182, 160, 219, 61, 105, 213, 252, 195, 252, 3, 194, 232, 51, 118, 246, 240, 224, 30, 140, 50, 233, 243, 255, 149, 128, 10, 31, 89, 206, 223, 181, 46, 123, 201, 38, 6, 21, 241, 24, 29, 80, 9, 38, 218, 186, 11, 7, 244, 92, 143, 144, 243, 164, 147, 107, 135, 84, 219, 126, 251, 85, 121, 234, 63, 55, 144, 17, 3, 107, 131, 231, 250, 79, 218, 254, 2, 84, 94, 232, 98, 53, 237, 134, 201, 186, 183]) }, OpaqueMessage { typ: ApplicationData, version: TLSv1_2, payload: Payload([150, 122, 131, 193, 166, 117, 201, 137, 10, 82, 199, 42, 53, 33, 93, 229, 46, 187, 133, 200, 145, 230, 229, 76, 119, 46, 122, 44, 156, 132, 34, 168, 226, 61, 250, 253, 209, 135, 223, 208, 210, 201, 79, 166, 102, 76, 197, 231, 59, 121, 70, 174, 144, 90, 198, 116, 102, 19, 225, 212, 204, 246, 228, 53, 89, 1, 226, 4, 130, 251, 125, 246, 17, 212, 217, 243, 193, 28, 75, 7, 46, 197, 49, 112, 5, 39, 233, 239, 75, 100, 115, 37, 150, 229, 29, 192, 238, 87, 245, 96, 146, 154, 211, 145, 245, 155, 70, 45, 50, 230, 18, 177, 213, 85, 14, 156, 237, 188, 88, 111, 64, 137, 131, 26, 249, 16, 74, 175, 108, 141, 103, 226, 155, 85, 239, 87, 109, 97, 46, 101, 38, 21, 127, 57, 173, 210, 118, 70, 197, 176, 148, 93, 25, 96, 190, 195, 105, 220, 113, 84, 15, 46, 1, 130, 94, 180, 1, 45, 206, 195, 133, 241, 160, 239, 81, 48, 245, 25, 126, 164, 10, 36, 80, 103, 225, 160, 26, 1, 179, 201, 151, 56, 69, 74, 62, 109, 87, 21, 4, 68, 84, 182, 64, 6, 198, 65, 56, 172, 89, 151, 244, 133, 66, 70, 87, 139, 207, 69, 53, 62, 187, 170, 64, 171, 169, 145, 46, 184, 135, 176, 0, 161, 224, 254, 101, 70, 2, 134, 204, 81, 236, 115, 40, 126, 230, 116, 32, 46, 14, 191, 154, 184, 196, 205, 2, 202, 93, 201, 150, 94, 173, 75, 112, 193, 13, 202, 251, 232, 119, 9, 139, 177, 141, 35, 79, 192, 85, 135, 247, 215, 198]) }, OpaqueMessage { typ: ApplicationData, version: TLSv1_2, payload: Payload([214, 2, 137, 59, 5, 211, 38, 87, 122, 27, 16, 119, 179, 244, 53, 248, 124, 122, 117, 120, 224, 184, 70, 195, 186, 77, 129, 52, 140, 246, 35, 183, 120, 127, 235, 19, 184, 142, 144, 67, 57, 84, 162, 56, 150, 57, 199, 148, 160, 64, 228, 220, 80]) }] } }, RawKnowledge { source: Agent(AgentName(0)), step: Some(StepNumber { trace: 0, step: 0 }), matcher: None, associated_term: None, data: MessageFlight { messages: [Message { version: TLSv1_2, payload: Handshake(HandshakeMessagePayload { typ: ServerHello, payload: ServerHello(ServerHelloPayload { legacy_version: TLSv1_2, random: Random([63, 148, 245, 191, 85, 230, 165, 49, 123, 136, 53, 52, 239, 236, 39, 162, 4, 175, 81, 216, 80, 60, 162, 59, 146, 98, 56, 55, 251, 172, 31, 22]), session_id: SessionID([3, 3, 3, 3, 3, 3, 3, 3, 3, 3, 3, 3, 3, 3, 3, 3, 3, 3, 3, 3, 3, 3, 3, 3, 3, 3, 3, 3, 3, 3, 3, 3]), cipher_suite: TLS13_AES_128_GCM_SHA256, compression_method: Null, extensions: ServerExtensions([KeyShare(KeyShareEntry { group: secp384r1, payload: PayloadU16([4, 102, 129, 187, 178, 183, 174, 0, 246, 178, 85, 2, 83, 76, 88, 187, 63, 10, 5, 89, 120, 46, 227, 165, 124, 209, 244, 47, 111, 216, 114, 177, 50, 25, 174, 49, 167, 209, 6, 238, 131, 8, 243, 188, 146, 212, 101, 210, 76, 240, 187, 240, 81, 150, 134, 134, 128, 140, 239, 1, 25, 250, 109, 167, 208, 212, 162, 255, 183, 122, 27, 194, 181, 242, 207, 188, 231, 40, 147, 183, 176, 193, 98, 190, 4, 151, 83, 146, 86, 69, 167, 224, 93, 120, 231, 91, 64]) }), SupportedVersions(TLSv1_3)]) }) }) }, Message { version: TLSv1_2, payload: ChangeCipherSpec(ChangeCipherSpecPayload) }, Message { version: TLSv1_2, payload: ApplicationData(Payload([61, 183, 220, 87, 136, 131, 175, 12, 246, 81, 229, 185, 94, 197, 61, 185, 136, 35, 0, 60, 157, 138, 149])) }, Message { version: TLSv1_2, payload: ApplicationData(Payload([85, 202, 19, 94, 245, 164, 25, 115, 111, 147, 196, 57, 226, 5, 17, 137, 213, 117, 169, 95, 89, 58, 192, 117, 13, 18, 184, 173, 210, 30, 90, 219, 139, 132, 47, 214, 65, 167, 220, 241, 174, 127, 240, 138, 245, 1, 231, 141, 95, 126, 97, 129, 167, 119, 38, 102, 214, 24, 46, 221, 220, 72, 248, 152, 241, 192, 52, 229, 80, 14, 156, 225, 235, 176, 132, 6, 179, 203, 90, 243, 232, 49, 37, 57, 219, 195, 105, 86, 219, 55, 90, 31, 112, 213, 220, 181, 234, 182, 1, 26, 53, 155, 66, 184, 205, 145, 237, 41, 188, 220, 86, 157, 253, 224, 199, 206, 227, 144, 125, 31, 200, 84, 187, 206, 149, 14, 166, 212, 0, 249, 214, 176, 56, 184, 10, 241, 127, 81, 140, 155, 20, 45, 169, 229, 140, 15, 213, 36, 161, 110, 105, 37, 247, 82, 195, 27, 90, 160, 183, 205, 178, 221, 155, 47, 210, 217, 106, 10, 97, 38, 39, 59, 25, 175, 130, 236, 35, 131, 132, 167, 198, 52, 124, 90, 135, 235, 165, 112, 245, 91, 197, 91, 90, 214, 34, 251, 99, 40, 46, 222, 5, 52, 91, 148, 201, 4, 28, 238, 173, 193, 204, 115, 191, 167, 208, 121, 16, 152, 100, 116, 119, 123, 15, 189, 67, 6, 196, 214, 37, 22, 99, 11, 183, 6, 59, 235, 230, 197, 243, 240, 169, 47, 164, 20, 84, 179, 215, 199, 144, 81, 230, 0, 10, 71, 233, 174, 163, 27, 114, 33, 82, 248, 194, 30, 251, 160, 186, 50, 143, 208, 253, 72, 215, 102, 89, 163, 109, 64, 210, 15, 115, 187, 167, 100, 135, 213, 91, 171, 170, 133, 89, 24, 117, 187, 67, 89, 87, 160, 238, 35, 239, 91, 212, 170, 85, 28, 42, 107, 98, 140, 114, 195, 26, 15, 51, 177, 158, 148, 95, 205, 209, 20, 103, 128, 158, 160, 21, 155, 219, 74, 126, 223, 215, 53, 185, 100, 76, 92, 197, 178, 171, 214, 251, 8, 150, 101, 146, 232, 129, 155, 162, 213, 93, 217, 134, 227, 2, 149, 49, 208, 145, 95, 24, 172, 31, 19, 232, 217, 73, 208, 182, 215, 252, 188, 15, 232, 78, 77, 47, 200, 227, 26, 116, 204, 87, 16, 12, 231, 17, 2, 75, 249, 146, 204, 80, 78, 104, 16, 255, 234, 139, 153, 185, 168, 145, 3, 254, 168, 115, 67, 248, 107, 85, 105, 128, 28, 142, 245, 65, 159, 33, 134, 75, 124, 47, 113, 183, 118, 119, 4, 225, 241, 218, 170, 25, 244, 166, 233, 138, 146, 135, 209, 131, 184, 125, 65, 74, 101, 243, 45, 136, 231, 12, 250, 164, 202, 79, 111, 104, 176, 104, 190, 129, 65, 45, 245, 109, 71, 110, 167, 149, 38, 101, 46, 87, 184, 245, 244, 249, 138, 218, 8, 94, 144, 212, 81, 214, 56, 20, 151, 162, 5, 16, 247, 205, 210, 216, 197, 38, 202, 170, 46, 93, 115, 118, 49, 86, 154, 101, 97, 33, 9, 181, 169, 176, 19, 150, 244, 216, 254, 111, 65, 81, 67, 50, 94, 116, 82, 254, 155, 217, 149, 198, 29, 198, 249, 119, 204, 214, 248, 86, 95, 226, 96, 80, 44, 136, 87, 75, 27, 104, 242, 187, 59, 47, 123, 158, 218, 19, 216, 220, 216, 69, 170, 35, 10, 103, 5, 49, 242, 42, 184, 132, 53, 58, 245, 38, 151, 138, 103, 144, 4, 208, 54, 139, 19, 108, 147, 110, 174, 221, 97, 221, 142, 1, 92, 122, 171, 155, 113, 149, 107, 29, 135, 92, 20, 194, 64, 15, 29, 174, 21, 36, 64, 74, 43, 78, 155, 227, 89, 64, 99, 218, 186, 56, 66, 236, 56, 27, 238, 117, 171, 1, 197, 88, 68, 0, 185, 173, 101, 217, 194, 138, 75, 81, 9, 221, 9, 3, 233, 252, 221, 255, 162, 93, 78, 216, 6, 18, 122, 33, 108, 131, 71, 209, 80, 214, 215, 114, 100, 179, 58, 190, 104, 221, 221, 183, 80, 136, 125, 129, 93, 170, 157, 112, 132, 44, 37, 250, 26, 249, 157, 117, 86, 242, 3, 108, 79, 147, 37, 203, 19, 23, 192, 51, 225, 59, 82, 203, 254, 53, 213, 25, 217, 176, 74, 57, 113, 245, 159, 58, 91, 139, 145, 220, 34, 126, 221, 117, 175, 52, 77, 44, 93, 20, 82, 138, 217, 50, 148, 217, 84, 34, 92, 219, 120, 160, 109, 142, 11, 69, 11, 194, 182, 160, 219, 61, 105, 213, 252, 195, 252, 3, 194, 232, 51, 118, 246, 240, 224, 30, 140, 50, 233, 243, 255, 149, 128, 10, 31, 89, 206, 223, 181, 46, 123, 201, 38, 6, 21, 241, 24, 29, 80, 9, 38, 218, 186, 11, 7, 244, 92, 143, 144, 243, 164, 147, 107, 135, 84, 219, 126, 251, 85, 121, 234, 63, 55, 144, 17, 3, 107, 131, 231, 250, 79, 218, 254, 2, 84, 94, 232, 98, 53, 237, 134, 201, 186, 183])) }, Message { version: TLSv1_2, payload: ApplicationData(Payload([150, 122, 131, 193, 166, 117, 201, 137, 10, 82, 199, 42, 53, 33, 93, 229, 46, 187, 133, 200, 145, 230, 229, 76, 119, 46, 122, 44, 156, 132, 34, 168, 226, 61, 250, 253, 209, 135, 223, 208, 210, 201, 79, 166, 102, 76, 197, 231, 59, 121, 70, 174, 144, 90, 198, 116, 102, 19, 225, 212, 204, 246, 228, 53, 89, 1, 226, 4, 130, 251, 125, 246, 17, 212, 217, 243, 193, 28, 75, 7, 46, 197, 49, 112, 5, 39, 233, 239, 75, 100, 115, 37, 150, 229, 29, 192, 238, 87, 245, 96, 146, 154, 211, 145, 245, 155, 70, 45, 50, 230, 18, 177, 213, 85, 14, 156, 237, 188, 88, 111, 64, 137, 131, 26, 249, 16, 74, 175, 108, 141, 103, 226, 155, 85, 239, 87, 109, 97, 46, 101, 38, 21, 127, 57, 173, 210, 118, 70, 197, 176, 148, 93, 25, 96, 190, 195, 105, 220, 113, 84, 15, 46, 1, 130, 94, 180, 1, 45, 206, 195, 133, 241, 160, 239, 81, 48, 245, 25, 126, 164, 10, 36, 80, 103, 225, 160, 26, 1, 179, 201, 151, 56, 69, 74, 62, 109, 87, 21, 4, 68, 84, 182, 64, 6, 198, 65, 56, 172, 89, 151, 244, 133, 66, 70, 87, 139, 207, 69, 53, 62, 187, 170, 64, 171, 169, 145, 46, 184, 135, 176, 0, 161, 224, 254, 101, 70, 2, 134, 204, 81, 236, 115, 40, 126, 230, 116, 32, 46, 14, 191, 154, 184, 196, 205, 2, 202, 93, 201, 150, 94, 173, 75, 112, 193, 13, 202, 251, 232, 119, 9, 139, 177, 141, 35, 79, 192, 85, 135, 247, 215, 198])) }, Message { version: TLSv1_2, payload: ApplicationData(Payload([214, 2, 137, 59, 5, 211, 38, 87, 122, 27, 16, 119, 179, 244, 53, 248, 124, 122, 117, 120, 224, 184, 70, 195, 186, 77, 129, 52, 140, 246, 35, 183, 120, 127, 235, 19, 184, 142, 144, 67, 57, 84, 162, 56, 150, 57, 199, 148, 160, 64, 228, 220, 80])) }] } }] } with query_type_shape TypeShape { inner_type_id: TypeId(0x083224c0caf741b4f3437c1b1557e7e7), name: "tlspuffin::claims::TranscriptServerFinished", phantom: PhantomData<tlspuffin::protocol::TLSProtocolTypes> } and query Query { source: Some(Agent(AgentName(1))), matcher: None, counter: 0 }
2026-04-22T14:06:05+02:00	[evaluate_config_wrap] Term Error --> Unable to find variable (Some(Agent(AgentName(1))), 0)[None]/TranscriptServerFinished!
wolfSSL Entering wolfSSL_Cleanup
wolfSSL Entering wolfCrypt_Cleanup
