2026-06-24T11:30:04.000586315+02:00	INFO	New claim discovered : 0-Client-4-Both-data
2026-06-24T11:30:04.000662709+02:00	INFO	New claim discovered : 0-Client-6-Both-data
2026-06-24T11:30:04.115300076+02:00	INFO	New claim discovered : 0-Client-4-Both-data
2026-06-24T11:30:04.115528614+02:00	INFO	New claim discovered : 0-Client-6-Both-data
2026-06-24T11:30:04.128207865+02:00	INFO	New claim discovered : 0-Server-0-V1_3-data
2026-06-24T11:30:04.128274353+02:00	INFO	New claim discovered : 0-Server-1-V1_3-data
2026-06-24T11:30:04.185307453+02:00	INFO	New claim discovered : 1-Server-1-V1_3-data
2026-06-24T11:30:04.185537730+02:00	INFO	New claim discovered : 0-Client-2-V1_3-data
2026-06-24T11:30:04.185725715+02:00	INFO	New claim discovered : 0-Client-6-V1_3-data
2026-06-24T11:30:04.185880587+02:00	INFO	New claim discovered : 0-Client-7-V1_3-data
2026-06-24T11:30:04.186031585+02:00	INFO	New claim discovered : 1-Server-9-V1_3-data
2026-06-24T11:30:04.250176858+02:00	INFO	New claim discovered : 0-Client-1-V1_3-data
2026-06-24T11:30:04.279812039+02:00	INFO	New claim discovered : 0-Server-0-V1_3-data
2026-06-24T11:30:04.279926156+02:00	INFO	New claim discovered : 0-Server-1-V1_3-data
2026-06-24T11:30:04.354257514+02:00	INFO	New claim discovered : 1-Server-1-V1_3-data
2026-06-24T11:30:04.370445301+02:00	INFO	New claim discovered : 0-Client-2-V1_3-data
2026-06-24T11:30:04.370721170+02:00	INFO	New claim discovered : 0-Client-6-V1_3-data
2026-06-24T11:30:04.370884795+02:00	INFO	New claim discovered : 0-Client-7-V1_3-data
2026-06-24T11:30:04.371034614+02:00	INFO	New claim discovered : 1-Server-9-V1_3-data
2026-06-24T11:30:04.456652896+02:00	INFO	New claim discovered : 0-Client-1-V1_3-data
2026-06-24T11:30:04.505557544+02:00	INFO	New claim discovered : 0-Server-2-V1_3-data
2026-06-24T11:30:04.505787208+02:00	INFO	New claim discovered : 0-Server-3-V1_3-data
2026-06-24T11:30:04.642933227+02:00	INFO	New claim discovered : 0-Server-2-V1_3-data
2026-06-24T11:30:04.650450054+02:00	INFO	New claim discovered : 0-Server-3-V1_3-data
2026-06-24T11:30:04.755195436+02:00	INFO	New claim discovered : 1-Server-0-V1_3-data
2026-06-24T11:30:04.816369898+02:00	INFO	New claim discovered : 0-Server-3-V1_2-data
2026-06-24T11:30:04.911957661+02:00	INFO	New claim discovered : 1-Server-0-V1_3-data
2026-06-24T11:30:05.020231691+02:00	INFO	New claim discovered : 0-Client-5-V1_3-data
2026-06-24T11:30:05.054158813+02:00	INFO	New claim discovered : 0-Server-3-V1_2-data
2026-06-24T11:30:05.074127699+02:00	INFO	New claim discovered : 1-Server-3-V1_3-data
2026-06-24T11:30:05.192464891+02:00	INFO	New claim discovered : 0-Client-5-V1_3-data
2026-06-24T11:30:05.215392728+02:00	INFO	New claim discovered : 0-Client-5-V1_2-data
2026-06-24T11:30:05.215533910+02:00	INFO	New claim discovered : 1-Server-8-V1_2-data
2026-06-24T11:30:05.215554374+02:00	INFO	New claim discovered : 0-Client-11-V1_2-data
2026-06-24T11:30:05.250892035+02:00	INFO	New claim discovered : 1-Server-3-V1_3-data
2026-06-24T11:30:05.305646376+02:00	INFO	New claim discovered : 0-Client-5-V1_2-data
2026-06-24T11:30:05.305689257+02:00	INFO	New claim discovered : 1-Server-8-V1_2-data
2026-06-24T11:30:05.305702045+02:00	INFO	New claim discovered : 0-Client-11-V1_2-data
2026-06-24T11:30:05.386048640+02:00	INFO	New claim discovered : 0-Client-4-V1_3-data
2026-06-24T11:30:05.708781217+02:00	INFO	New claim discovered : 0-Client-4-V1_3-data
2026-06-24T11:30:36.985021035+02:00	INFO	New claim discovered : 1-Server-8-V1_3-data
2026-06-24T11:30:47.470627461+02:00	INFO	New claim discovered : 1-Server-8-V1_3-data
2026-06-24T16:02:20.844111827+02:00	INFO	New claim discovered : 0-Client-4-Both-TlsClaimDesc { agent_name: AgentNameDesc(0), origin: Client, config_version: Both, data: Message(Finished(FinishedDesc { tls_version: CLAIM_TLS_VERSION_V1_2, chosen_cipher: 49199 })) }
2026-06-24T16:02:20.844359423+02:00	INFO	New claim discovered : 0-Client-6-Both-TlsClaimDesc { agent_name: AgentNameDesc(0), origin: Client, config_version: Both, data: Message(Finished(FinishedDesc { tls_version: CLAIM_TLS_VERSION_V1_2, chosen_cipher: 49199 })) }
2026-06-24T16:02:20.851316058+02:00	INFO	New claim discovered : 0-Client-4-Both-TlsClaimDesc { agent_name: AgentNameDesc(0), origin: Client, config_version: Both, data: Message(Finished(FinishedDesc { tls_version: CLAIM_TLS_VERSION_V1_2, chosen_cipher: 49199 })) }
2026-06-24T16:02:20.851355046+02:00	INFO	New claim discovered : 0-Client-6-Both-TlsClaimDesc { agent_name: AgentNameDesc(0), origin: Client, config_version: Both, data: Message(Finished(FinishedDesc { tls_version: CLAIM_TLS_VERSION_V1_2, chosen_cipher: 49199 })) }
2026-06-24T16:02:20.868397934+02:00	INFO	New claim discovered : 0-Server-0-V1_3-TlsClaimDesc { agent_name: AgentNameDesc(0), origin: Server, config_version: V1_3, data: Transcript(ServerHello(TranscriptServerHelloDesc)) }
2026-06-24T16:02:20.868423896+02:00	INFO	New claim discovered : 0-Server-0-V1_3-TlsClaimDesc { agent_name: AgentNameDesc(0), origin: Server, config_version: V1_3, data: Transcript(ServerFinished(TranscriptServerFinishedDesc)) }
2026-06-24T16:02:20.868430034+02:00	INFO	New claim discovered : 0-Server-0-V1_3-TlsClaimDesc { agent_name: AgentNameDesc(0), origin: Server, config_version: V1_3, data: Message(Finished(FinishedDesc { tls_version: CLAIM_TLS_VERSION_V1_3, chosen_cipher: 4865 })) }
2026-06-24T16:02:20.868441997+02:00	INFO	New claim discovered : 0-Server-1-V1_3-TlsClaimDesc { agent_name: AgentNameDesc(0), origin: Server, config_version: V1_3, data: Transcript(ClientFinished(TranscriptClientFinishedDesc)) }
2026-06-24T16:02:20.868447320+02:00	INFO	New claim discovered : 0-Server-1-V1_3-TlsClaimDesc { agent_name: AgentNameDesc(0), origin: Server, config_version: V1_3, data: Transcript(ServerFinished(TranscriptServerFinishedDesc)) }
2026-06-24T16:02:20.868452455+02:00	INFO	New claim discovered : 0-Server-1-V1_3-TlsClaimDesc { agent_name: AgentNameDesc(0), origin: Server, config_version: V1_3, data: Message(Finished(FinishedDesc { tls_version: CLAIM_TLS_VERSION_V1_3, chosen_cipher: 4865 })) }
2026-06-24T16:02:20.879277783+02:00	INFO	New claim discovered : 0-Server-0-V1_3-TlsClaimDesc { agent_name: AgentNameDesc(0), origin: Server, config_version: V1_3, data: Transcript(ServerHello(TranscriptServerHelloDesc)) }
2026-06-24T16:02:20.879316426+02:00	INFO	New claim discovered : 0-Server-0-V1_3-TlsClaimDesc { agent_name: AgentNameDesc(0), origin: Server, config_version: V1_3, data: Transcript(ServerFinished(TranscriptServerFinishedDesc)) }
2026-06-24T16:02:20.879323198+02:00	INFO	New claim discovered : 0-Server-0-V1_3-TlsClaimDesc { agent_name: AgentNameDesc(0), origin: Server, config_version: V1_3, data: Message(Finished(FinishedDesc { tls_version: CLAIM_TLS_VERSION_V1_3, chosen_cipher: 4865 })) }
2026-06-24T16:02:20.879328702+02:00	INFO	New claim discovered : 0-Server-1-V1_3-TlsClaimDesc { agent_name: AgentNameDesc(0), origin: Server, config_version: V1_3, data: Transcript(ClientFinished(TranscriptClientFinishedDesc)) }
2026-06-24T16:02:20.879333932+02:00	INFO	New claim discovered : 0-Server-1-V1_3-TlsClaimDesc { agent_name: AgentNameDesc(0), origin: Server, config_version: V1_3, data: Transcript(ServerFinished(TranscriptServerFinishedDesc)) }
2026-06-24T16:02:20.879339207+02:00	INFO	New claim discovered : 0-Server-1-V1_3-TlsClaimDesc { agent_name: AgentNameDesc(0), origin: Server, config_version: V1_3, data: Message(Finished(FinishedDesc { tls_version: CLAIM_TLS_VERSION_V1_3, chosen_cipher: 4865 })) }
2026-06-24T16:02:20.886410302+02:00	INFO	New claim discovered : 1-Server-1-V1_3-TlsClaimDesc { agent_name: AgentNameDesc(1), origin: Server, config_version: V1_3, data: Transcript(ServerHello(TranscriptServerHelloDesc)) }
2026-06-24T16:02:20.886445594+02:00	INFO	New claim discovered : 1-Server-1-V1_3-TlsClaimDesc { agent_name: AgentNameDesc(1), origin: Server, config_version: V1_3, data: Transcript(ServerFinished(TranscriptServerFinishedDesc)) }
2026-06-24T16:02:20.886456474+02:00	INFO	New claim discovered : 1-Server-1-V1_3-TlsClaimDesc { agent_name: AgentNameDesc(1), origin: Server, config_version: V1_3, data: Message(Finished(FinishedDesc { tls_version: CLAIM_TLS_VERSION_V1_3, chosen_cipher: 4866 })) }
2026-06-24T16:02:20.886476522+02:00	INFO	New claim discovered : 0-Client-2-V1_3-TlsClaimDesc { agent_name: AgentNameDesc(0), origin: Client, config_version: V1_3, data: Transcript(ServerHello(TranscriptServerHelloDesc)) }
2026-06-24T16:02:20.886485407+02:00	INFO	New claim discovered : 0-Client-6-V1_3-TlsClaimDesc { agent_name: AgentNameDesc(0), origin: Client, config_version: V1_3, data: Transcript(ServerFinished(TranscriptServerFinishedDesc)) }
2026-06-24T16:02:20.886493979+02:00	INFO	New claim discovered : 0-Client-7-V1_3-TlsClaimDesc { agent_name: AgentNameDesc(0), origin: Client, config_version: V1_3, data: Transcript(ServerFinished(TranscriptServerFinishedDesc)) }
2026-06-24T16:02:20.886502536+02:00	INFO	New claim discovered : 0-Client-7-V1_3-TlsClaimDesc { agent_name: AgentNameDesc(0), origin: Client, config_version: V1_3, data: Message(Finished(FinishedDesc { tls_version: CLAIM_TLS_VERSION_V1_3, chosen_cipher: 4866 })) }
2026-06-24T16:02:20.886511092+02:00	INFO	New claim discovered : 0-Client-7-V1_3-TlsClaimDesc { agent_name: AgentNameDesc(0), origin: Client, config_version: V1_3, data: Transcript(ServerHello(TranscriptServerHelloDesc)) }
2026-06-24T16:02:20.886519083+02:00	INFO	New claim discovered : 0-Client-7-V1_3-TlsClaimDesc { agent_name: AgentNameDesc(0), origin: Client, config_version: V1_3, data: Transcript(ClientFinished(TranscriptClientFinishedDesc)) }
2026-06-24T16:02:20.886529936+02:00	INFO	New claim discovered : 1-Server-9-V1_3-TlsClaimDesc { agent_name: AgentNameDesc(1), origin: Server, config_version: V1_3, data: Transcript(ClientFinished(TranscriptClientFinishedDesc)) }
2026-06-24T16:02:20.886541016+02:00	INFO	New claim discovered : 1-Server-9-V1_3-TlsClaimDesc { agent_name: AgentNameDesc(1), origin: Server, config_version: V1_3, data: Transcript(ServerFinished(TranscriptServerFinishedDesc)) }
2026-06-24T16:02:20.886552255+02:00	INFO	New claim discovered : 1-Server-9-V1_3-TlsClaimDesc { agent_name: AgentNameDesc(1), origin: Server, config_version: V1_3, data: Message(Finished(FinishedDesc { tls_version: CLAIM_TLS_VERSION_V1_3, chosen_cipher: 4866 })) }
2026-06-24T16:02:20.897888087+02:00	INFO	New claim discovered : 1-Server-1-V1_3-TlsClaimDesc { agent_name: AgentNameDesc(1), origin: Server, config_version: V1_3, data: Transcript(ServerHello(TranscriptServerHelloDesc)) }
2026-06-24T16:02:20.897917432+02:00	INFO	New claim discovered : 1-Server-1-V1_3-TlsClaimDesc { agent_name: AgentNameDesc(1), origin: Server, config_version: V1_3, data: Transcript(ServerFinished(TranscriptServerFinishedDesc)) }
2026-06-24T16:02:20.897923608+02:00	INFO	New claim discovered : 1-Server-1-V1_3-TlsClaimDesc { agent_name: AgentNameDesc(1), origin: Server, config_version: V1_3, data: Message(Finished(FinishedDesc { tls_version: CLAIM_TLS_VERSION_V1_3, chosen_cipher: 4866 })) }
2026-06-24T16:02:20.897928958+02:00	INFO	New claim discovered : 0-Client-2-V1_3-TlsClaimDesc { agent_name: AgentNameDesc(0), origin: Client, config_version: V1_3, data: Transcript(ServerHello(TranscriptServerHelloDesc)) }
2026-06-24T16:02:20.897934291+02:00	INFO	New claim discovered : 0-Client-6-V1_3-TlsClaimDesc { agent_name: AgentNameDesc(0), origin: Client, config_version: V1_3, data: Transcript(ServerFinished(TranscriptServerFinishedDesc)) }
2026-06-24T16:02:20.897939614+02:00	INFO	New claim discovered : 0-Client-7-V1_3-TlsClaimDesc { agent_name: AgentNameDesc(0), origin: Client, config_version: V1_3, data: Transcript(ServerFinished(TranscriptServerFinishedDesc)) }
2026-06-24T16:02:20.897944808+02:00	INFO	New claim discovered : 0-Client-7-V1_3-TlsClaimDesc { agent_name: AgentNameDesc(0), origin: Client, config_version: V1_3, data: Message(Finished(FinishedDesc { tls_version: CLAIM_TLS_VERSION_V1_3, chosen_cipher: 4866 })) }
2026-06-24T16:02:20.897950324+02:00	INFO	New claim discovered : 0-Client-7-V1_3-TlsClaimDesc { agent_name: AgentNameDesc(0), origin: Client, config_version: V1_3, data: Transcript(ServerHello(TranscriptServerHelloDesc)) }
2026-06-24T16:02:20.897955596+02:00	INFO	New claim discovered : 0-Client-7-V1_3-TlsClaimDesc { agent_name: AgentNameDesc(0), origin: Client, config_version: V1_3, data: Transcript(ClientFinished(TranscriptClientFinishedDesc)) }
2026-06-24T16:02:20.898038003+02:00	INFO	New claim discovered : 1-Server-9-V1_3-TlsClaimDesc { agent_name: AgentNameDesc(1), origin: Server, config_version: V1_3, data: Transcript(ClientFinished(TranscriptClientFinishedDesc)) }
2026-06-24T16:02:20.898046009+02:00	INFO	New claim discovered : 1-Server-9-V1_3-TlsClaimDesc { agent_name: AgentNameDesc(1), origin: Server, config_version: V1_3, data: Transcript(ServerFinished(TranscriptServerFinishedDesc)) }
2026-06-24T16:02:20.898051152+02:00	INFO	New claim discovered : 1-Server-9-V1_3-TlsClaimDesc { agent_name: AgentNameDesc(1), origin: Server, config_version: V1_3, data: Message(Finished(FinishedDesc { tls_version: CLAIM_TLS_VERSION_V1_3, chosen_cipher: 4866 })) }
2026-06-24T16:02:20.899816527+02:00	INFO	New claim discovered : 0-Client-1-V1_3-TlsClaimDesc { agent_name: AgentNameDesc(0), origin: Client, config_version: V1_3, data: Transcript(ServerHello(TranscriptServerHelloDesc)) }
2026-06-24T16:02:20.899840314+02:00	INFO	New claim discovered : 0-Client-2-V1_3-TlsClaimDesc { agent_name: AgentNameDesc(0), origin: Client, config_version: V1_3, data: Transcript(ServerFinished(TranscriptServerFinishedDesc)) }
2026-06-24T16:02:20.899846412+02:00	INFO	New claim discovered : 0-Client-2-V1_3-TlsClaimDesc { agent_name: AgentNameDesc(0), origin: Client, config_version: V1_3, data: Message(Finished(FinishedDesc { tls_version: CLAIM_TLS_VERSION_V1_3, chosen_cipher: 4865 })) }
2026-06-24T16:02:20.899852003+02:00	INFO	New claim discovered : 0-Client-2-V1_3-TlsClaimDesc { agent_name: AgentNameDesc(0), origin: Client, config_version: V1_3, data: Transcript(ClientFinished(TranscriptClientFinishedDesc)) }
2026-06-24T16:02:20.910115806+02:00	INFO	New claim discovered : 0-Client-1-V1_3-TlsClaimDesc { agent_name: AgentNameDesc(0), origin: Client, config_version: V1_3, data: Transcript(ServerHello(TranscriptServerHelloDesc)) }
2026-06-24T16:02:20.910142912+02:00	INFO	New claim discovered : 0-Client-2-V1_3-TlsClaimDesc { agent_name: AgentNameDesc(0), origin: Client, config_version: V1_3, data: Transcript(ServerFinished(TranscriptServerFinishedDesc)) }
2026-06-24T16:02:20.910149074+02:00	INFO	New claim discovered : 0-Client-2-V1_3-TlsClaimDesc { agent_name: AgentNameDesc(0), origin: Client, config_version: V1_3, data: Message(Finished(FinishedDesc { tls_version: CLAIM_TLS_VERSION_V1_3, chosen_cipher: 4865 })) }
2026-06-24T16:02:20.910154566+02:00	INFO	New claim discovered : 0-Client-2-V1_3-TlsClaimDesc { agent_name: AgentNameDesc(0), origin: Client, config_version: V1_3, data: Transcript(ClientFinished(TranscriptClientFinishedDesc)) }
2026-06-24T16:02:20.938086704+02:00	INFO	New claim discovered : 0-Server-1-V1_3-TlsClaimDesc { agent_name: AgentNameDesc(0), origin: Server, config_version: V1_3, data: Transcript(Certificate(TranscriptCertificateDesc)) }
2026-06-24T16:02:20.938118499+02:00	INFO	New claim discovered : 0-Server-2-V1_3-TlsClaimDesc { agent_name: AgentNameDesc(0), origin: Server, config_version: V1_3, data: Transcript(ServerFinished(TranscriptServerFinishedDesc)) }
2026-06-24T16:02:20.938124670+02:00	INFO	New claim discovered : 0-Server-3-V1_3-TlsClaimDesc { agent_name: AgentNameDesc(0), origin: Server, config_version: V1_3, data: Transcript(ClientFinished(TranscriptClientFinishedDesc)) }
2026-06-24T16:02:20.938130069+02:00	INFO	New claim discovered : 0-Server-3-V1_3-TlsClaimDesc { agent_name: AgentNameDesc(0), origin: Server, config_version: V1_3, data: Transcript(ServerFinished(TranscriptServerFinishedDesc)) }
2026-06-24T16:02:20.938135576+02:00	INFO	New claim discovered : 0-Server-3-V1_3-TlsClaimDesc { agent_name: AgentNameDesc(0), origin: Server, config_version: V1_3, data: Message(Finished(FinishedDesc { tls_version: CLAIM_TLS_VERSION_V1_3, chosen_cipher: 4865 })) }
2026-06-24T16:02:20.945258195+02:00	INFO	New claim discovered : 0-Server-1-V1_3-TlsClaimDesc { agent_name: AgentNameDesc(0), origin: Server, config_version: V1_3, data: Transcript(Certificate(TranscriptCertificateDesc)) }
2026-06-24T16:02:20.945293762+02:00	INFO	New claim discovered : 0-Server-2-V1_3-TlsClaimDesc { agent_name: AgentNameDesc(0), origin: Server, config_version: V1_3, data: Transcript(ServerFinished(TranscriptServerFinishedDesc)) }
2026-06-24T16:02:20.945300557+02:00	INFO	New claim discovered : 0-Server-3-V1_3-TlsClaimDesc { agent_name: AgentNameDesc(0), origin: Server, config_version: V1_3, data: Transcript(ClientFinished(TranscriptClientFinishedDesc)) }
2026-06-24T16:02:20.945305811+02:00	INFO	New claim discovered : 0-Server-3-V1_3-TlsClaimDesc { agent_name: AgentNameDesc(0), origin: Server, config_version: V1_3, data: Transcript(ServerFinished(TranscriptServerFinishedDesc)) }
2026-06-24T16:02:20.945314474+02:00	INFO	New claim discovered : 0-Server-3-V1_3-TlsClaimDesc { agent_name: AgentNameDesc(0), origin: Server, config_version: V1_3, data: Message(Finished(FinishedDesc { tls_version: CLAIM_TLS_VERSION_V1_3, chosen_cipher: 4865 })) }
2026-06-24T16:02:20.993034937+02:00	INFO	New claim discovered : 1-Server-0-V1_3-TlsClaimDesc { agent_name: AgentNameDesc(1), origin: Server, config_version: V1_3, data: Transcript(ServerHello(TranscriptServerHelloDesc)) }
2026-06-24T16:02:20.993064771+02:00	INFO	New claim discovered : 1-Server-0-V1_3-TlsClaimDesc { agent_name: AgentNameDesc(1), origin: Server, config_version: V1_3, data: Message(Finished(FinishedDesc { tls_version: CLAIM_TLS_VERSION_V1_3, chosen_cipher: 4865 })) }
2026-06-24T16:02:20.993070814+02:00	INFO	New claim discovered : 1-Server-0-V1_3-TlsClaimDesc { agent_name: AgentNameDesc(1), origin: Server, config_version: V1_3, data: Transcript(ServerFinished(TranscriptServerFinishedDesc)) }
2026-06-24T16:02:20.993076276+02:00	INFO	New claim discovered : 1-Server-1-V1_3-TlsClaimDesc { agent_name: AgentNameDesc(1), origin: Server, config_version: V1_3, data: Transcript(ClientFinished(TranscriptClientFinishedDesc)) }
2026-06-24T16:02:20.993081477+02:00	INFO	New claim discovered : 1-Server-1-V1_3-TlsClaimDesc { agent_name: AgentNameDesc(1), origin: Server, config_version: V1_3, data: Message(Finished(FinishedDesc { tls_version: CLAIM_TLS_VERSION_V1_3, chosen_cipher: 4865 })) }
2026-06-24T16:02:20.998500477+02:00	INFO	New claim discovered : 1-Server-0-V1_3-TlsClaimDesc { agent_name: AgentNameDesc(1), origin: Server, config_version: V1_3, data: Transcript(ServerHello(TranscriptServerHelloDesc)) }
2026-06-24T16:02:20.998526056+02:00	INFO	New claim discovered : 1-Server-0-V1_3-TlsClaimDesc { agent_name: AgentNameDesc(1), origin: Server, config_version: V1_3, data: Message(Finished(FinishedDesc { tls_version: CLAIM_TLS_VERSION_V1_3, chosen_cipher: 4865 })) }
2026-06-24T16:02:20.998532126+02:00	INFO	New claim discovered : 1-Server-0-V1_3-TlsClaimDesc { agent_name: AgentNameDesc(1), origin: Server, config_version: V1_3, data: Transcript(ServerFinished(TranscriptServerFinishedDesc)) }
2026-06-24T16:02:20.998537493+02:00	INFO	New claim discovered : 1-Server-1-V1_3-TlsClaimDesc { agent_name: AgentNameDesc(1), origin: Server, config_version: V1_3, data: Transcript(ClientFinished(TranscriptClientFinishedDesc)) }
2026-06-24T16:02:20.998542716+02:00	INFO	New claim discovered : 1-Server-1-V1_3-TlsClaimDesc { agent_name: AgentNameDesc(1), origin: Server, config_version: V1_3, data: Message(Finished(FinishedDesc { tls_version: CLAIM_TLS_VERSION_V1_3, chosen_cipher: 4865 })) }
2026-06-24T16:02:21.018745634+02:00	INFO	New claim discovered : 0-Server-3-V1_2-TlsClaimDesc { agent_name: AgentNameDesc(0), origin: Server, config_version: V1_2, data: Message(Finished(FinishedDesc { tls_version: CLAIM_TLS_VERSION_V1_2, chosen_cipher: 49199 })) }
2026-06-24T16:02:21.021163970+02:00	INFO	New claim discovered : 0-Server-3-V1_2-TlsClaimDesc { agent_name: AgentNameDesc(0), origin: Server, config_version: V1_2, data: Message(Finished(FinishedDesc { tls_version: CLAIM_TLS_VERSION_V1_2, chosen_cipher: 49199 })) }
2026-06-24T16:02:21.055818723+02:00	INFO	New claim discovered : 0-Client-5-V1_3-TlsClaimDesc { agent_name: AgentNameDesc(0), origin: Client, config_version: V1_3, data: Transcript(ServerFinished(TranscriptServerFinishedDesc)) }
2026-06-24T16:02:21.055871551+02:00	INFO	New claim discovered : 0-Client-6-V1_3-TlsClaimDesc { agent_name: AgentNameDesc(0), origin: Client, config_version: V1_3, data: Message(Finished(FinishedDesc { tls_version: CLAIM_TLS_VERSION_V1_3, chosen_cipher: 4865 })) }
2026-06-24T16:02:21.055877931+02:00	INFO	New claim discovered : 0-Client-6-V1_3-TlsClaimDesc { agent_name: AgentNameDesc(0), origin: Client, config_version: V1_3, data: Transcript(ServerHello(TranscriptServerHelloDesc)) }
2026-06-24T16:02:21.055886623+02:00	INFO	New claim discovered : 0-Client-6-V1_3-TlsClaimDesc { agent_name: AgentNameDesc(0), origin: Client, config_version: V1_3, data: Transcript(ClientFinished(TranscriptClientFinishedDesc)) }
2026-06-24T16:02:21.055934226+02:00	INFO	New claim discovered : 0-Client-5-V1_3-TlsClaimDesc { agent_name: AgentNameDesc(0), origin: Client, config_version: V1_3, data: Transcript(ServerFinished(TranscriptServerFinishedDesc)) }
2026-06-24T16:02:21.055954396+02:00	INFO	New claim discovered : 0-Client-6-V1_3-TlsClaimDesc { agent_name: AgentNameDesc(0), origin: Client, config_version: V1_3, data: Message(Finished(FinishedDesc { tls_version: CLAIM_TLS_VERSION_V1_3, chosen_cipher: 4865 })) }
2026-06-24T16:02:21.055960627+02:00	INFO	New claim discovered : 0-Client-6-V1_3-TlsClaimDesc { agent_name: AgentNameDesc(0), origin: Client, config_version: V1_3, data: Transcript(ServerHello(TranscriptServerHelloDesc)) }
2026-06-24T16:02:21.055966109+02:00	INFO	New claim discovered : 0-Client-6-V1_3-TlsClaimDesc { agent_name: AgentNameDesc(0), origin: Client, config_version: V1_3, data: Transcript(ClientFinished(TranscriptClientFinishedDesc)) }
2026-06-24T16:02:21.073460407+02:00	INFO	New claim discovered : 0-Client-2-V1_3-TlsClaimDesc { agent_name: AgentNameDesc(0), origin: Client, config_version: V1_3, data: Message(Finished(FinishedDesc { tls_version: CLAIM_TLS_VERSION_V1_3, chosen_cipher: 4866 })) }
2026-06-24T16:02:21.073488374+02:00	INFO	New claim discovered : 1-Server-3-V1_3-TlsClaimDesc { agent_name: AgentNameDesc(1), origin: Server, config_version: V1_3, data: Transcript(ClientFinished(TranscriptClientFinishedDesc)) }
2026-06-24T16:02:21.073494622+02:00	INFO	New claim discovered : 1-Server-3-V1_3-TlsClaimDesc { agent_name: AgentNameDesc(1), origin: Server, config_version: V1_3, data: Transcript(ServerFinished(TranscriptServerFinishedDesc)) }
2026-06-24T16:02:21.073499867+02:00	INFO	New claim discovered : 1-Server-3-V1_3-TlsClaimDesc { agent_name: AgentNameDesc(1), origin: Server, config_version: V1_3, data: Message(Finished(FinishedDesc { tls_version: CLAIM_TLS_VERSION_V1_3, chosen_cipher: 4866 })) }
2026-06-24T16:02:21.075992807+02:00	INFO	New claim discovered : 0-Client-2-V1_3-TlsClaimDesc { agent_name: AgentNameDesc(0), origin: Client, config_version: V1_3, data: Message(Finished(FinishedDesc { tls_version: CLAIM_TLS_VERSION_V1_3, chosen_cipher: 4866 })) }
2026-06-24T16:02:21.076013676+02:00	INFO	New claim discovered : 1-Server-3-V1_3-TlsClaimDesc { agent_name: AgentNameDesc(1), origin: Server, config_version: V1_3, data: Transcript(ClientFinished(TranscriptClientFinishedDesc)) }
2026-06-24T16:02:21.076020134+02:00	INFO	New claim discovered : 1-Server-3-V1_3-TlsClaimDesc { agent_name: AgentNameDesc(1), origin: Server, config_version: V1_3, data: Transcript(ServerFinished(TranscriptServerFinishedDesc)) }
2026-06-24T16:02:21.076025668+02:00	INFO	New claim discovered : 1-Server-3-V1_3-TlsClaimDesc { agent_name: AgentNameDesc(1), origin: Server, config_version: V1_3, data: Message(Finished(FinishedDesc { tls_version: CLAIM_TLS_VERSION_V1_3, chosen_cipher: 4866 })) }
2026-06-24T16:02:21.088910373+02:00	INFO	New claim discovered : 0-Client-5-V1_2-TlsClaimDesc { agent_name: AgentNameDesc(0), origin: Client, config_version: V1_2, data: Message(Finished(FinishedDesc { tls_version: CLAIM_TLS_VERSION_V1_2, chosen_cipher: 49200 })) }
2026-06-24T16:02:21.088937806+02:00	INFO	New claim discovered : 1-Server-8-V1_2-TlsClaimDesc { agent_name: AgentNameDesc(1), origin: Server, config_version: V1_2, data: Message(Finished(FinishedDesc { tls_version: CLAIM_TLS_VERSION_V1_2, chosen_cipher: 49200 })) }
2026-06-24T16:02:21.088953360+02:00	INFO	New claim discovered : 0-Client-11-V1_2-TlsClaimDesc { agent_name: AgentNameDesc(0), origin: Client, config_version: V1_2, data: Message(Finished(FinishedDesc { tls_version: CLAIM_TLS_VERSION_V1_2, chosen_cipher: 49200 })) }
2026-06-24T16:02:21.092402467+02:00	INFO	New claim discovered : 0-Client-5-V1_2-TlsClaimDesc { agent_name: AgentNameDesc(0), origin: Client, config_version: V1_2, data: Message(Finished(FinishedDesc { tls_version: CLAIM_TLS_VERSION_V1_2, chosen_cipher: 49200 })) }
2026-06-24T16:02:21.092428529+02:00	INFO	New claim discovered : 1-Server-8-V1_2-TlsClaimDesc { agent_name: AgentNameDesc(1), origin: Server, config_version: V1_2, data: Message(Finished(FinishedDesc { tls_version: CLAIM_TLS_VERSION_V1_2, chosen_cipher: 49200 })) }
2026-06-24T16:02:21.092434539+02:00	INFO	New claim discovered : 0-Client-11-V1_2-TlsClaimDesc { agent_name: AgentNameDesc(0), origin: Client, config_version: V1_2, data: Message(Finished(FinishedDesc { tls_version: CLAIM_TLS_VERSION_V1_2, chosen_cipher: 49200 })) }
2026-06-24T16:02:21.165521514+02:00	INFO	New claim discovered : 0-Client-4-V1_3-TlsClaimDesc { agent_name: AgentNameDesc(0), origin: Client, config_version: V1_3, data: Transcript(ServerFinished(TranscriptServerFinishedDesc)) }
2026-06-24T16:02:21.165556216+02:00	INFO	New claim discovered : 0-Client-5-V1_3-TlsClaimDesc { agent_name: AgentNameDesc(0), origin: Client, config_version: V1_3, data: Message(Finished(FinishedDesc { tls_version: CLAIM_TLS_VERSION_V1_3, chosen_cipher: 4865 })) }
2026-06-24T16:02:21.165562571+02:00	INFO	New claim discovered : 0-Client-5-V1_3-TlsClaimDesc { agent_name: AgentNameDesc(0), origin: Client, config_version: V1_3, data: Transcript(ServerHello(TranscriptServerHelloDesc)) }
2026-06-24T16:02:21.165568100+02:00	INFO	New claim discovered : 0-Client-5-V1_3-TlsClaimDesc { agent_name: AgentNameDesc(0), origin: Client, config_version: V1_3, data: Transcript(ClientFinished(TranscriptClientFinishedDesc)) }
2026-06-24T16:02:21.172088354+02:00	INFO	New claim discovered : 0-Client-4-V1_3-TlsClaimDesc { agent_name: AgentNameDesc(0), origin: Client, config_version: V1_3, data: Transcript(ServerFinished(TranscriptServerFinishedDesc)) }
2026-06-24T16:02:21.172131099+02:00	INFO	New claim discovered : 0-Client-5-V1_3-TlsClaimDesc { agent_name: AgentNameDesc(0), origin: Client, config_version: V1_3, data: Message(Finished(FinishedDesc { tls_version: CLAIM_TLS_VERSION_V1_3, chosen_cipher: 4865 })) }
2026-06-24T16:02:21.172137678+02:00	INFO	New claim discovered : 0-Client-5-V1_3-TlsClaimDesc { agent_name: AgentNameDesc(0), origin: Client, config_version: V1_3, data: Transcript(ServerHello(TranscriptServerHelloDesc)) }
2026-06-24T16:02:21.172152555+02:00	INFO	New claim discovered : 0-Client-5-V1_3-TlsClaimDesc { agent_name: AgentNameDesc(0), origin: Client, config_version: V1_3, data: Transcript(ClientFinished(TranscriptClientFinishedDesc)) }
2026-06-24T16:02:21.215914113+02:00	INFO	New claim discovered : 0-Server-2-V1_3-TlsClaimDesc { agent_name: AgentNameDesc(0), origin: Server, config_version: V1_3, data: Transcript(ClientFinished(TranscriptClientFinishedDesc)) }
2026-06-24T16:02:21.215944794+02:00	INFO	New claim discovered : 0-Server-2-V1_3-TlsClaimDesc { agent_name: AgentNameDesc(0), origin: Server, config_version: V1_3, data: Message(Finished(FinishedDesc { tls_version: CLAIM_TLS_VERSION_V1_3, chosen_cipher: 4865 })) }
2026-06-24T16:02:21.223101764+02:00	INFO	New claim discovered : 0-Server-2-V1_3-TlsClaimDesc { agent_name: AgentNameDesc(0), origin: Server, config_version: V1_3, data: Transcript(ClientFinished(TranscriptClientFinishedDesc)) }
2026-06-24T16:02:21.223130751+02:00	INFO	New claim discovered : 0-Server-2-V1_3-TlsClaimDesc { agent_name: AgentNameDesc(0), origin: Server, config_version: V1_3, data: Message(Finished(FinishedDesc { tls_version: CLAIM_TLS_VERSION_V1_3, chosen_cipher: 4865 })) }
2026-06-24T16:02:30.716272985+02:00	INFO	New claim discovered : 0-Client-3-V1_3-TlsClaimDesc { agent_name: AgentNameDesc(0), origin: Client, config_version: V1_3, data: Transcript(ServerHello(TranscriptServerHelloDesc)) }
2026-06-24T16:02:30.716323581+02:00	INFO	New claim discovered : 0-Client-4-V1_3-TlsClaimDesc { agent_name: AgentNameDesc(0), origin: Client, config_version: V1_3, data: Message(Finished(FinishedDesc { tls_version: CLAIM_TLS_VERSION_V1_3, chosen_cipher: 4865 })) }
2026-06-24T16:02:30.716330428+02:00	INFO	New claim discovered : 0-Client-4-V1_3-TlsClaimDesc { agent_name: AgentNameDesc(0), origin: Client, config_version: V1_3, data: Transcript(ServerHello(TranscriptServerHelloDesc)) }
2026-06-24T16:02:30.716336203+02:00	INFO	New claim discovered : 0-Client-4-V1_3-TlsClaimDesc { agent_name: AgentNameDesc(0), origin: Client, config_version: V1_3, data: Transcript(ClientFinished(TranscriptClientFinishedDesc)) }
2026-06-24T16:02:30.730361012+02:00	INFO	New claim discovered : 0-Client-3-V1_3-TlsClaimDesc { agent_name: AgentNameDesc(0), origin: Client, config_version: V1_3, data: Transcript(ServerHello(TranscriptServerHelloDesc)) }
2026-06-24T16:02:30.730424+02:00	INFO	New claim discovered : 0-Client-4-V1_3-TlsClaimDesc { agent_name: AgentNameDesc(0), origin: Client, config_version: V1_3, data: Message(Finished(FinishedDesc { tls_version: CLAIM_TLS_VERSION_V1_3, chosen_cipher: 4865 })) }
2026-06-24T16:02:30.730430578+02:00	INFO	New claim discovered : 0-Client-4-V1_3-TlsClaimDesc { agent_name: AgentNameDesc(0), origin: Client, config_version: V1_3, data: Transcript(ServerHello(TranscriptServerHelloDesc)) }
2026-06-24T16:02:30.730436099+02:00	INFO	New claim discovered : 0-Client-4-V1_3-TlsClaimDesc { agent_name: AgentNameDesc(0), origin: Client, config_version: V1_3, data: Transcript(ClientFinished(TranscriptClientFinishedDesc)) }
2026-06-25T11:15:25.395465805+02:00	INFO	New claim discovered : 0-Client-4-Both-TlsClaimDesc { agent_name: AgentNameDesc(0), origin: Client, config_version: Both, data: Message(Finished(FinishedDesc { tls_version: CLAIM_TLS_VERSION_V1_2, chosen_cipher: 49199 })) }
2026-06-25T11:15:25.395721281+02:00	INFO	New claim discovered : 0-Client-6-Both-TlsClaimDesc { agent_name: AgentNameDesc(0), origin: Client, config_version: Both, data: Message(Finished(FinishedDesc { tls_version: CLAIM_TLS_VERSION_V1_2, chosen_cipher: 49199 })) }
2026-06-25T11:15:25.395734170+02:00	INFO	New profile discovered : ["0-Client-4-Both-TlsClaimDesc { agent_name: AgentNameDesc(0), origin: Client, config_version: Both, data: Message(Finished(FinishedDesc { tls_version: CLAIM_TLS_VERSION_V1_2, chosen_cipher: 49199 })) }", "0-Client-6-Both-TlsClaimDesc { agent_name: AgentNameDesc(0), origin: Client, config_version: Both, data: Message(Finished(FinishedDesc { tls_version: CLAIM_TLS_VERSION_V1_2, chosen_cipher: 49199 })) }"]
2026-06-25T11:15:25.404487005+02:00	INFO	New claim discovered : 0-Client-4-Both-TlsClaimDesc { agent_name: AgentNameDesc(0), origin: Client, config_version: Both, data: Message(Finished(FinishedDesc { tls_version: CLAIM_TLS_VERSION_V1_2, chosen_cipher: 49199 })) }
2026-06-25T11:15:25.404522167+02:00	INFO	New claim discovered : 0-Client-6-Both-TlsClaimDesc { agent_name: AgentNameDesc(0), origin: Client, config_version: Both, data: Message(Finished(FinishedDesc { tls_version: CLAIM_TLS_VERSION_V1_2, chosen_cipher: 49199 })) }
2026-06-25T11:15:25.404537063+02:00	INFO	New profile discovered : ["0-Client-4-Both-TlsClaimDesc { agent_name: AgentNameDesc(0), origin: Client, config_version: Both, data: Message(Finished(FinishedDesc { tls_version: CLAIM_TLS_VERSION_V1_2, chosen_cipher: 49199 })) }", "0-Client-6-Both-TlsClaimDesc { agent_name: AgentNameDesc(0), origin: Client, config_version: Both, data: Message(Finished(FinishedDesc { tls_version: CLAIM_TLS_VERSION_V1_2, chosen_cipher: 49199 })) }"]
2026-06-25T11:15:25.420727220+02:00	INFO	New claim discovered : 0-Server-0-V1_3-TlsClaimDesc { agent_name: AgentNameDesc(0), origin: Server, config_version: V1_3, data: Transcript(ServerHello(TranscriptServerHelloDesc)) }
2026-06-25T11:15:25.420754437+02:00	INFO	New claim discovered : 0-Server-0-V1_3-TlsClaimDesc { agent_name: AgentNameDesc(0), origin: Server, config_version: V1_3, data: Transcript(ServerFinished(TranscriptServerFinishedDesc)) }
2026-06-25T11:15:25.420777958+02:00	INFO	New claim discovered : 0-Server-0-V1_3-TlsClaimDesc { agent_name: AgentNameDesc(0), origin: Server, config_version: V1_3, data: Message(Finished(FinishedDesc { tls_version: CLAIM_TLS_VERSION_V1_3, chosen_cipher: 4865 })) }
2026-06-25T11:15:25.420783950+02:00	INFO	New claim discovered : 0-Server-1-V1_3-TlsClaimDesc { agent_name: AgentNameDesc(0), origin: Server, config_version: V1_3, data: Transcript(ClientFinished(TranscriptClientFinishedDesc)) }
2026-06-25T11:15:25.420789330+02:00	INFO	New claim discovered : 0-Server-1-V1_3-TlsClaimDesc { agent_name: AgentNameDesc(0), origin: Server, config_version: V1_3, data: Transcript(ServerFinished(TranscriptServerFinishedDesc)) }
2026-06-25T11:15:25.420800395+02:00	INFO	New claim discovered : 0-Server-1-V1_3-TlsClaimDesc { agent_name: AgentNameDesc(0), origin: Server, config_version: V1_3, data: Message(Finished(FinishedDesc { tls_version: CLAIM_TLS_VERSION_V1_3, chosen_cipher: 4865 })) }
2026-06-25T11:15:25.420812194+02:00	INFO	New profile discovered : ["0-Server-0-V1_3-TlsClaimDesc { agent_name: AgentNameDesc(0), origin: Server, config_version: V1_3, data: Transcript(ServerHello(TranscriptServerHelloDesc)) }", "0-Server-0-V1_3-TlsClaimDesc { agent_name: AgentNameDesc(0), origin: Server, config_version: V1_3, data: Transcript(ServerHello(TranscriptServerHelloDesc)) }", "0-Server-0-V1_3-TlsClaimDesc { agent_name: AgentNameDesc(0), origin: Server, config_version: V1_3, data: Transcript(ServerFinished(TranscriptServerFinishedDesc)) }", "0-Server-0-V1_3-TlsClaimDesc { agent_name: AgentNameDesc(0), origin: Server, config_version: V1_3, data: Message(Finished(FinishedDesc { tls_version: CLAIM_TLS_VERSION_V1_3, chosen_cipher: 4865 })) }", "0-Server-0-V1_3-TlsClaimDesc { agent_name: AgentNameDesc(0), origin: Server, config_version: V1_3, data: Transcript(ServerFinished(TranscriptServerFinishedDesc)) }", "0-Server-0-V1_3-TlsClaimDesc { agent_name: AgentNameDesc(0), origin: Server, config_version: V1_3, data: Transcript(ServerFinished(TranscriptServerFinishedDesc)) }", "0-Server-1-V1_3-TlsClaimDesc { agent_name: AgentNameDesc(0), origin: Server, config_version: V1_3, data: Transcript(ClientFinished(TranscriptClientFinishedDesc)) }", "0-Server-1-V1_3-TlsClaimDesc { agent_name: AgentNameDesc(0), origin: Server, config_version: V1_3, data: Transcript(ServerFinished(TranscriptServerFinishedDesc)) }", "0-Server-1-V1_3-TlsClaimDesc { agent_name: AgentNameDesc(0), origin: Server, config_version: V1_3, data: Message(Finished(FinishedDesc { tls_version: CLAIM_TLS_VERSION_V1_3, chosen_cipher: 4865 })) }"]
2026-06-25T11:15:25.430269779+02:00	INFO	New claim discovered : 0-Server-0-V1_3-TlsClaimDesc { agent_name: AgentNameDesc(0), origin: Server, config_version: V1_3, data: Transcript(ServerHello(TranscriptServerHelloDesc)) }
2026-06-25T11:15:25.430298305+02:00	INFO	New claim discovered : 0-Server-0-V1_3-TlsClaimDesc { agent_name: AgentNameDesc(0), origin: Server, config_version: V1_3, data: Transcript(ServerFinished(TranscriptServerFinishedDesc)) }
2026-06-25T11:15:25.430307533+02:00	INFO	New claim discovered : 0-Server-0-V1_3-TlsClaimDesc { agent_name: AgentNameDesc(0), origin: Server, config_version: V1_3, data: Message(Finished(FinishedDesc { tls_version: CLAIM_TLS_VERSION_V1_3, chosen_cipher: 4865 })) }
2026-06-25T11:15:25.430315935+02:00	INFO	New claim discovered : 0-Server-1-V1_3-TlsClaimDesc { agent_name: AgentNameDesc(0), origin: Server, config_version: V1_3, data: Transcript(ClientFinished(TranscriptClientFinishedDesc)) }
2026-06-25T11:15:25.430330204+02:00	INFO	New claim discovered : 0-Server-1-V1_3-TlsClaimDesc { agent_name: AgentNameDesc(0), origin: Server, config_version: V1_3, data: Transcript(ServerFinished(TranscriptServerFinishedDesc)) }
2026-06-25T11:15:25.430338642+02:00	INFO	New claim discovered : 0-Server-1-V1_3-TlsClaimDesc { agent_name: AgentNameDesc(0), origin: Server, config_version: V1_3, data: Message(Finished(FinishedDesc { tls_version: CLAIM_TLS_VERSION_V1_3, chosen_cipher: 4865 })) }
2026-06-25T11:15:25.430363824+02:00	INFO	New profile discovered : ["0-Server-0-V1_3-TlsClaimDesc { agent_name: AgentNameDesc(0), origin: Server, config_version: V1_3, data: Transcript(ServerHello(TranscriptServerHelloDesc)) }", "0-Server-0-V1_3-TlsClaimDesc { agent_name: AgentNameDesc(0), origin: Server, config_version: V1_3, data: Transcript(ServerHello(TranscriptServerHelloDesc)) }", "0-Server-0-V1_3-TlsClaimDesc { agent_name: AgentNameDesc(0), origin: Server, config_version: V1_3, data: Transcript(ServerFinished(TranscriptServerFinishedDesc)) }", "0-Server-0-V1_3-TlsClaimDesc { agent_name: AgentNameDesc(0), origin: Server, config_version: V1_3, data: Message(Finished(FinishedDesc { tls_version: CLAIM_TLS_VERSION_V1_3, chosen_cipher: 4865 })) }", "0-Server-0-V1_3-TlsClaimDesc { agent_name: AgentNameDesc(0), origin: Server, config_version: V1_3, data: Transcript(ServerFinished(TranscriptServerFinishedDesc)) }", "0-Server-0-V1_3-TlsClaimDesc { agent_name: AgentNameDesc(0), origin: Server, config_version: V1_3, data: Transcript(ServerFinished(TranscriptServerFinishedDesc)) }", "0-Server-1-V1_3-TlsClaimDesc { agent_name: AgentNameDesc(0), origin: Server, config_version: V1_3, data: Transcript(ClientFinished(TranscriptClientFinishedDesc)) }", "0-Server-1-V1_3-TlsClaimDesc { agent_name: AgentNameDesc(0), origin: Server, config_version: V1_3, data: Transcript(ServerFinished(TranscriptServerFinishedDesc)) }", "0-Server-1-V1_3-TlsClaimDesc { agent_name: AgentNameDesc(0), origin: Server, config_version: V1_3, data: Message(Finished(FinishedDesc { tls_version: CLAIM_TLS_VERSION_V1_3, chosen_cipher: 4865 })) }"]
2026-06-25T11:15:25.441730727+02:00	INFO	New claim discovered : 1-Server-1-V1_3-TlsClaimDesc { agent_name: AgentNameDesc(1), origin: Server, config_version: V1_3, data: Transcript(ServerHello(TranscriptServerHelloDesc)) }
2026-06-25T11:15:25.441762265+02:00	INFO	New claim discovered : 1-Server-1-V1_3-TlsClaimDesc { agent_name: AgentNameDesc(1), origin: Server, config_version: V1_3, data: Transcript(ServerFinished(TranscriptServerFinishedDesc)) }
2026-06-25T11:15:25.441768806+02:00	INFO	New claim discovered : 1-Server-1-V1_3-TlsClaimDesc { agent_name: AgentNameDesc(1), origin: Server, config_version: V1_3, data: Message(Finished(FinishedDesc { tls_version: CLAIM_TLS_VERSION_V1_3, chosen_cipher: 4866 })) }
2026-06-25T11:15:25.441774211+02:00	INFO	New claim discovered : 0-Client-2-V1_3-TlsClaimDesc { agent_name: AgentNameDesc(0), origin: Client, config_version: V1_3, data: Transcript(ServerHello(TranscriptServerHelloDesc)) }
2026-06-25T11:15:25.441779529+02:00	INFO	New claim discovered : 0-Client-6-V1_3-TlsClaimDesc { agent_name: AgentNameDesc(0), origin: Client, config_version: V1_3, data: Transcript(ServerFinished(TranscriptServerFinishedDesc)) }
2026-06-25T11:15:25.441784798+02:00	INFO	New claim discovered : 0-Client-7-V1_3-TlsClaimDesc { agent_name: AgentNameDesc(0), origin: Client, config_version: V1_3, data: Transcript(ServerFinished(TranscriptServerFinishedDesc)) }
2026-06-25T11:15:25.441790016+02:00	INFO	New claim discovered : 0-Client-7-V1_3-TlsClaimDesc { agent_name: AgentNameDesc(0), origin: Client, config_version: V1_3, data: Message(Finished(FinishedDesc { tls_version: CLAIM_TLS_VERSION_V1_3, chosen_cipher: 4866 })) }
2026-06-25T11:15:25.441795225+02:00	INFO	New claim discovered : 0-Client-7-V1_3-TlsClaimDesc { agent_name: AgentNameDesc(0), origin: Client, config_version: V1_3, data: Transcript(ServerHello(TranscriptServerHelloDesc)) }
2026-06-25T11:15:25.441800411+02:00	INFO	New claim discovered : 0-Client-7-V1_3-TlsClaimDesc { agent_name: AgentNameDesc(0), origin: Client, config_version: V1_3, data: Transcript(ClientFinished(TranscriptClientFinishedDesc)) }
2026-06-25T11:15:25.441805580+02:00	INFO	New claim discovered : 1-Server-9-V1_3-TlsClaimDesc { agent_name: AgentNameDesc(1), origin: Server, config_version: V1_3, data: Transcript(ClientFinished(TranscriptClientFinishedDesc)) }
2026-06-25T11:15:25.441820911+02:00	INFO	New claim discovered : 1-Server-9-V1_3-TlsClaimDesc { agent_name: AgentNameDesc(1), origin: Server, config_version: V1_3, data: Transcript(ServerFinished(TranscriptServerFinishedDesc)) }
2026-06-25T11:15:25.441826705+02:00	INFO	New claim discovered : 1-Server-9-V1_3-TlsClaimDesc { agent_name: AgentNameDesc(1), origin: Server, config_version: V1_3, data: Message(Finished(FinishedDesc { tls_version: CLAIM_TLS_VERSION_V1_3, chosen_cipher: 4866 })) }
2026-06-25T11:15:25.441852185+02:00	INFO	New profile discovered : ["1-Server-1-V1_3-TlsClaimDesc { agent_name: AgentNameDesc(1), origin: Server, config_version: V1_3, data: Transcript(ServerHello(TranscriptServerHelloDesc)) }", "1-Server-1-V1_3-TlsClaimDesc { agent_name: AgentNameDesc(1), origin: Server, config_version: V1_3, data: Transcript(ServerHello(TranscriptServerHelloDesc)) }", "1-Server-1-V1_3-TlsClaimDesc { agent_name: AgentNameDesc(1), origin: Server, config_version: V1_3, data: Transcript(ServerFinished(TranscriptServerFinishedDesc)) }", "1-Server-1-V1_3-TlsClaimDesc { agent_name: AgentNameDesc(1), origin: Server, config_version: V1_3, data: Message(Finished(FinishedDesc { tls_version: CLAIM_TLS_VERSION_V1_3, chosen_cipher: 4866 })) }", "1-Server-1-V1_3-TlsClaimDesc { agent_name: AgentNameDesc(1), origin: Server, config_version: V1_3, data: Transcript(ServerFinished(TranscriptServerFinishedDesc)) }", "1-Server-1-V1_3-TlsClaimDesc { agent_name: AgentNameDesc(1), origin: Server, config_version: V1_3, data: Transcript(ServerFinished(TranscriptServerFinishedDesc)) }", "0-Client-2-V1_3-TlsClaimDesc { agent_name: AgentNameDesc(0), origin: Client, config_version: V1_3, data: Transcript(ServerHello(TranscriptServerHelloDesc)) }", "0-Client-6-V1_3-TlsClaimDesc { agent_name: AgentNameDesc(0), origin: Client, config_version: V1_3, data: Transcript(ServerFinished(TranscriptServerFinishedDesc)) }", "0-Client-7-V1_3-TlsClaimDesc { agent_name: AgentNameDesc(0), origin: Client, config_version: V1_3, data: Transcript(ServerFinished(TranscriptServerFinishedDesc)) }", "0-Client-7-V1_3-TlsClaimDesc { agent_name: AgentNameDesc(0), origin: Client, config_version: V1_3, data: Transcript(ServerFinished(TranscriptServerFinishedDesc)) }", "0-Client-7-V1_3-TlsClaimDesc { agent_name: AgentNameDesc(0), origin: Client, config_version: V1_3, data: Message(Finished(FinishedDesc { tls_version: CLAIM_TLS_VERSION_V1_3, chosen_cipher: 4866 })) }", "0-Client-7-V1_3-TlsClaimDesc { agent_name: AgentNameDesc(0), origin: Client, config_version: V1_3, data: Transcript(ServerHello(TranscriptServerHelloDesc)) }", "0-Client-7-V1_3-TlsClaimDesc { agent_name: AgentNameDesc(0), origin: Client, config_version: V1_3, data: Message(Finished(FinishedDesc { tls_version: CLAIM_TLS_VERSION_V1_3, chosen_cipher: 4866 })) }", "0-Client-7-V1_3-TlsClaimDesc { agent_name: AgentNameDesc(0), origin: Client, config_version: V1_3, data: Transcript(ClientFinished(TranscriptClientFinishedDesc)) }", "0-Client-7-V1_3-TlsClaimDesc { agent_name: AgentNameDesc(0), origin: Client, config_version: V1_3, data: Transcript(ServerFinished(TranscriptServerFinishedDesc)) }", "1-Server-9-V1_3-TlsClaimDesc { agent_name: AgentNameDesc(1), origin: Server, config_version: V1_3, data: Transcript(ClientFinished(TranscriptClientFinishedDesc)) }", "1-Server-9-V1_3-TlsClaimDesc { agent_name: AgentNameDesc(1), origin: Server, config_version: V1_3, data: Transcript(ServerFinished(TranscriptServerFinishedDesc)) }", "1-Server-9-V1_3-TlsClaimDesc { agent_name: AgentNameDesc(1), origin: Server, config_version: V1_3, data: Message(Finished(FinishedDesc { tls_version: CLAIM_TLS_VERSION_V1_3, chosen_cipher: 4866 })) }"]
2026-06-25T11:15:25.447926127+02:00	INFO	New claim discovered : 1-Server-1-V1_3-TlsClaimDesc { agent_name: AgentNameDesc(1), origin: Server, config_version: V1_3, data: Transcript(ServerHello(TranscriptServerHelloDesc)) }
2026-06-25T11:15:25.447953428+02:00	INFO	New claim discovered : 1-Server-1-V1_3-TlsClaimDesc { agent_name: AgentNameDesc(1), origin: Server, config_version: V1_3, data: Transcript(ServerFinished(TranscriptServerFinishedDesc)) }
2026-06-25T11:15:25.447968734+02:00	INFO	New claim discovered : 1-Server-1-V1_3-TlsClaimDesc { agent_name: AgentNameDesc(1), origin: Server, config_version: V1_3, data: Message(Finished(FinishedDesc { tls_version: CLAIM_TLS_VERSION_V1_3, chosen_cipher: 4866 })) }
2026-06-25T11:15:25.447974416+02:00	INFO	New claim discovered : 0-Client-2-V1_3-TlsClaimDesc { agent_name: AgentNameDesc(0), origin: Client, config_version: V1_3, data: Transcript(ServerHello(TranscriptServerHelloDesc)) }
2026-06-25T11:15:25.447979625+02:00	INFO	New claim discovered : 0-Client-6-V1_3-TlsClaimDesc { agent_name: AgentNameDesc(0), origin: Client, config_version: V1_3, data: Transcript(ServerFinished(TranscriptServerFinishedDesc)) }
2026-06-25T11:15:25.447984847+02:00	INFO	New claim discovered : 0-Client-7-V1_3-TlsClaimDesc { agent_name: AgentNameDesc(0), origin: Client, config_version: V1_3, data: Transcript(ServerFinished(TranscriptServerFinishedDesc)) }
2026-06-25T11:15:25.447990158+02:00	INFO	New claim discovered : 0-Client-7-V1_3-TlsClaimDesc { agent_name: AgentNameDesc(0), origin: Client, config_version: V1_3, data: Message(Finished(FinishedDesc { tls_version: CLAIM_TLS_VERSION_V1_3, chosen_cipher: 4866 })) }
2026-06-25T11:15:25.447995285+02:00	INFO	New claim discovered : 0-Client-7-V1_3-TlsClaimDesc { agent_name: AgentNameDesc(0), origin: Client, config_version: V1_3, data: Transcript(ServerHello(TranscriptServerHelloDesc)) }
2026-06-25T11:15:25.448000473+02:00	INFO	New claim discovered : 0-Client-7-V1_3-TlsClaimDesc { agent_name: AgentNameDesc(0), origin: Client, config_version: V1_3, data: Transcript(ClientFinished(TranscriptClientFinishedDesc)) }
2026-06-25T11:15:25.448005636+02:00	INFO	New claim discovered : 1-Server-9-V1_3-TlsClaimDesc { agent_name: AgentNameDesc(1), origin: Server, config_version: V1_3, data: Transcript(ClientFinished(TranscriptClientFinishedDesc)) }
2026-06-25T11:15:25.448014921+02:00	INFO	New claim discovered : 1-Server-9-V1_3-TlsClaimDesc { agent_name: AgentNameDesc(1), origin: Server, config_version: V1_3, data: Transcript(ServerFinished(TranscriptServerFinishedDesc)) }
2026-06-25T11:15:25.448020314+02:00	INFO	New claim discovered : 1-Server-9-V1_3-TlsClaimDesc { agent_name: AgentNameDesc(1), origin: Server, config_version: V1_3, data: Message(Finished(FinishedDesc { tls_version: CLAIM_TLS_VERSION_V1_3, chosen_cipher: 4866 })) }
2026-06-25T11:15:25.448041361+02:00	INFO	New profile discovered : ["1-Server-1-V1_3-TlsClaimDesc { agent_name: AgentNameDesc(1), origin: Server, config_version: V1_3, data: Transcript(ServerHello(TranscriptServerHelloDesc)) }", "1-Server-1-V1_3-TlsClaimDesc { agent_name: AgentNameDesc(1), origin: Server, config_version: V1_3, data: Transcript(ServerHello(TranscriptServerHelloDesc)) }", "1-Server-1-V1_3-TlsClaimDesc { agent_name: AgentNameDesc(1), origin: Server, config_version: V1_3, data: Transcript(ServerFinished(TranscriptServerFinishedDesc)) }", "1-Server-1-V1_3-TlsClaimDesc { agent_name: AgentNameDesc(1), origin: Server, config_version: V1_3, data: Message(Finished(FinishedDesc { tls_version: CLAIM_TLS_VERSION_V1_3, chosen_cipher: 4866 })) }", "1-Server-1-V1_3-TlsClaimDesc { agent_name: AgentNameDesc(1), origin: Server, config_version: V1_3, data: Transcript(ServerFinished(TranscriptServerFinishedDesc)) }", "1-Server-1-V1_3-TlsClaimDesc { agent_name: AgentNameDesc(1), origin: Server, config_version: V1_3, data: Transcript(ServerFinished(TranscriptServerFinishedDesc)) }", "0-Client-2-V1_3-TlsClaimDesc { agent_name: AgentNameDesc(0), origin: Client, config_version: V1_3, data: Transcript(ServerHello(TranscriptServerHelloDesc)) }", "0-Client-6-V1_3-TlsClaimDesc { agent_name: AgentNameDesc(0), origin: Client, config_version: V1_3, data: Transcript(ServerFinished(TranscriptServerFinishedDesc)) }", "0-Client-7-V1_3-TlsClaimDesc { agent_name: AgentNameDesc(0), origin: Client, config_version: V1_3, data: Transcript(ServerFinished(TranscriptServerFinishedDesc)) }", "0-Client-7-V1_3-TlsClaimDesc { agent_name: AgentNameDesc(0), origin: Client, config_version: V1_3, data: Transcript(ServerFinished(TranscriptServerFinishedDesc)) }", "0-Client-7-V1_3-TlsClaimDesc { agent_name: AgentNameDesc(0), origin: Client, config_version: V1_3, data: Message(Finished(FinishedDesc { tls_version: CLAIM_TLS_VERSION_V1_3, chosen_cipher: 4866 })) }", "0-Client-7-V1_3-TlsClaimDesc { agent_name: AgentNameDesc(0), origin: Client, config_version: V1_3, data: Transcript(ServerHello(TranscriptServerHelloDesc)) }", "0-Client-7-V1_3-TlsClaimDesc { agent_name: AgentNameDesc(0), origin: Client, config_version: V1_3, data: Message(Finished(FinishedDesc { tls_version: CLAIM_TLS_VERSION_V1_3, chosen_cipher: 4866 })) }", "0-Client-7-V1_3-TlsClaimDesc { agent_name: AgentNameDesc(0), origin: Client, config_version: V1_3, data: Transcript(ClientFinished(TranscriptClientFinishedDesc)) }", "0-Client-7-V1_3-TlsClaimDesc { agent_name: AgentNameDesc(0), origin: Client, config_version: V1_3, data: Transcript(ServerFinished(TranscriptServerFinishedDesc)) }", "1-Server-9-V1_3-TlsClaimDesc { agent_name: AgentNameDesc(1), origin: Server, config_version: V1_3, data: Transcript(ClientFinished(TranscriptClientFinishedDesc)) }", "1-Server-9-V1_3-TlsClaimDesc { agent_name: AgentNameDesc(1), origin: Server, config_version: V1_3, data: Transcript(ServerFinished(TranscriptServerFinishedDesc)) }", "1-Server-9-V1_3-TlsClaimDesc { agent_name: AgentNameDesc(1), origin: Server, config_version: V1_3, data: Message(Finished(FinishedDesc { tls_version: CLAIM_TLS_VERSION_V1_3, chosen_cipher: 4866 })) }"]
2026-06-25T11:15:25.455514620+02:00	INFO	New claim discovered : 0-Client-1-V1_3-TlsClaimDesc { agent_name: AgentNameDesc(0), origin: Client, config_version: V1_3, data: Transcript(ServerHello(TranscriptServerHelloDesc)) }
2026-06-25T11:15:25.455541942+02:00	INFO	New claim discovered : 0-Client-2-V1_3-TlsClaimDesc { agent_name: AgentNameDesc(0), origin: Client, config_version: V1_3, data: Transcript(ServerFinished(TranscriptServerFinishedDesc)) }
2026-06-25T11:15:25.455548220+02:00	INFO	New claim discovered : 0-Client-2-V1_3-TlsClaimDesc { agent_name: AgentNameDesc(0), origin: Client, config_version: V1_3, data: Message(Finished(FinishedDesc { tls_version: CLAIM_TLS_VERSION_V1_3, chosen_cipher: 4865 })) }
2026-06-25T11:15:25.455553780+02:00	INFO	New claim discovered : 0-Client-2-V1_3-TlsClaimDesc { agent_name: AgentNameDesc(0), origin: Client, config_version: V1_3, data: Transcript(ClientFinished(TranscriptClientFinishedDesc)) }
2026-06-25T11:15:25.455573659+02:00	INFO	New profile discovered : ["0-Client-1-V1_3-TlsClaimDesc { agent_name: AgentNameDesc(0), origin: Client, config_version: V1_3, data: Transcript(ServerHello(TranscriptServerHelloDesc)) }", "0-Client-2-V1_3-TlsClaimDesc { agent_name: AgentNameDesc(0), origin: Client, config_version: V1_3, data: Transcript(ServerFinished(TranscriptServerFinishedDesc)) }", "0-Client-2-V1_3-TlsClaimDesc { agent_name: AgentNameDesc(0), origin: Client, config_version: V1_3, data: Transcript(ServerFinished(TranscriptServerFinishedDesc)) }", "0-Client-2-V1_3-TlsClaimDesc { agent_name: AgentNameDesc(0), origin: Client, config_version: V1_3, data: Transcript(ServerFinished(TranscriptServerFinishedDesc)) }", "0-Client-2-V1_3-TlsClaimDesc { agent_name: AgentNameDesc(0), origin: Client, config_version: V1_3, data: Message(Finished(FinishedDesc { tls_version: CLAIM_TLS_VERSION_V1_3, chosen_cipher: 4865 })) }", "0-Client-2-V1_3-TlsClaimDesc { agent_name: AgentNameDesc(0), origin: Client, config_version: V1_3, data: Transcript(ServerHello(TranscriptServerHelloDesc)) }", "0-Client-2-V1_3-TlsClaimDesc { agent_name: AgentNameDesc(0), origin: Client, config_version: V1_3, data: Message(Finished(FinishedDesc { tls_version: CLAIM_TLS_VERSION_V1_3, chosen_cipher: 4865 })) }", "0-Client-2-V1_3-TlsClaimDesc { agent_name: AgentNameDesc(0), origin: Client, config_version: V1_3, data: Transcript(ClientFinished(TranscriptClientFinishedDesc)) }", "0-Client-2-V1_3-TlsClaimDesc { agent_name: AgentNameDesc(0), origin: Client, config_version: V1_3, data: Transcript(ServerFinished(TranscriptServerFinishedDesc)) }"]
2026-06-25T11:15:25.460100062+02:00	INFO	New claim discovered : 0-Client-1-V1_3-TlsClaimDesc { agent_name: AgentNameDesc(0), origin: Client, config_version: V1_3, data: Transcript(ServerHello(TranscriptServerHelloDesc)) }
2026-06-25T11:15:25.460134103+02:00	INFO	New claim discovered : 0-Client-2-V1_3-TlsClaimDesc { agent_name: AgentNameDesc(0), origin: Client, config_version: V1_3, data: Transcript(ServerFinished(TranscriptServerFinishedDesc)) }
2026-06-25T11:15:25.460140577+02:00	INFO	New claim discovered : 0-Client-2-V1_3-TlsClaimDesc { agent_name: AgentNameDesc(0), origin: Client, config_version: V1_3, data: Message(Finished(FinishedDesc { tls_version: CLAIM_TLS_VERSION_V1_3, chosen_cipher: 4865 })) }
2026-06-25T11:15:25.460146039+02:00	INFO	New claim discovered : 0-Client-2-V1_3-TlsClaimDesc { agent_name: AgentNameDesc(0), origin: Client, config_version: V1_3, data: Transcript(ClientFinished(TranscriptClientFinishedDesc)) }
2026-06-25T11:15:25.460166243+02:00	INFO	New profile discovered : ["0-Client-1-V1_3-TlsClaimDesc { agent_name: AgentNameDesc(0), origin: Client, config_version: V1_3, data: Transcript(ServerHello(TranscriptServerHelloDesc)) }", "0-Client-2-V1_3-TlsClaimDesc { agent_name: AgentNameDesc(0), origin: Client, config_version: V1_3, data: Transcript(ServerFinished(TranscriptServerFinishedDesc)) }", "0-Client-2-V1_3-TlsClaimDesc { agent_name: AgentNameDesc(0), origin: Client, config_version: V1_3, data: Transcript(ServerFinished(TranscriptServerFinishedDesc)) }", "0-Client-2-V1_3-TlsClaimDesc { agent_name: AgentNameDesc(0), origin: Client, config_version: V1_3, data: Transcript(ServerFinished(TranscriptServerFinishedDesc)) }", "0-Client-2-V1_3-TlsClaimDesc { agent_name: AgentNameDesc(0), origin: Client, config_version: V1_3, data: Message(Finished(FinishedDesc { tls_version: CLAIM_TLS_VERSION_V1_3, chosen_cipher: 4865 })) }", "0-Client-2-V1_3-TlsClaimDesc { agent_name: AgentNameDesc(0), origin: Client, config_version: V1_3, data: Transcript(ServerHello(TranscriptServerHelloDesc)) }", "0-Client-2-V1_3-TlsClaimDesc { agent_name: AgentNameDesc(0), origin: Client, config_version: V1_3, data: Message(Finished(FinishedDesc { tls_version: CLAIM_TLS_VERSION_V1_3, chosen_cipher: 4865 })) }", "0-Client-2-V1_3-TlsClaimDesc { agent_name: AgentNameDesc(0), origin: Client, config_version: V1_3, data: Transcript(ClientFinished(TranscriptClientFinishedDesc)) }", "0-Client-2-V1_3-TlsClaimDesc { agent_name: AgentNameDesc(0), origin: Client, config_version: V1_3, data: Transcript(ServerFinished(TranscriptServerFinishedDesc)) }"]
2026-06-25T11:15:25.494389675+02:00	INFO	New claim discovered : 0-Server-1-V1_3-TlsClaimDesc { agent_name: AgentNameDesc(0), origin: Server, config_version: V1_3, data: Transcript(Certificate(TranscriptCertificateDesc)) }
2026-06-25T11:15:25.494435602+02:00	INFO	New claim discovered : 0-Server-2-V1_3-TlsClaimDesc { agent_name: AgentNameDesc(0), origin: Server, config_version: V1_3, data: Transcript(ServerFinished(TranscriptServerFinishedDesc)) }
2026-06-25T11:15:25.494442256+02:00	INFO	New claim discovered : 0-Server-3-V1_3-TlsClaimDesc { agent_name: AgentNameDesc(0), origin: Server, config_version: V1_3, data: Transcript(ClientFinished(TranscriptClientFinishedDesc)) }
2026-06-25T11:15:25.494447791+02:00	INFO	New claim discovered : 0-Server-3-V1_3-TlsClaimDesc { agent_name: AgentNameDesc(0), origin: Server, config_version: V1_3, data: Transcript(ServerFinished(TranscriptServerFinishedDesc)) }
2026-06-25T11:15:25.494453039+02:00	INFO	New claim discovered : 0-Server-3-V1_3-TlsClaimDesc { agent_name: AgentNameDesc(0), origin: Server, config_version: V1_3, data: Message(Finished(FinishedDesc { tls_version: CLAIM_TLS_VERSION_V1_3, chosen_cipher: 4865 })) }
2026-06-25T11:15:25.494495407+02:00	INFO	New profile discovered : ["0-Server-0-V1_3-TlsClaimDesc { agent_name: AgentNameDesc(0), origin: Server, config_version: V1_3, data: Transcript(ServerHello(TranscriptServerHelloDesc)) }", "0-Server-0-V1_3-TlsClaimDesc { agent_name: AgentNameDesc(0), origin: Server, config_version: V1_3, data: Transcript(ServerHello(TranscriptServerHelloDesc)) }", "0-Server-0-V1_3-TlsClaimDesc { agent_name: AgentNameDesc(0), origin: Server, config_version: V1_3, data: Transcript(ServerFinished(TranscriptServerFinishedDesc)) }", "0-Server-0-V1_3-TlsClaimDesc { agent_name: AgentNameDesc(0), origin: Server, config_version: V1_3, data: Message(Finished(FinishedDesc { tls_version: CLAIM_TLS_VERSION_V1_3, chosen_cipher: 4865 })) }", "0-Server-0-V1_3-TlsClaimDesc { agent_name: AgentNameDesc(0), origin: Server, config_version: V1_3, data: Transcript(ServerFinished(TranscriptServerFinishedDesc)) }", "0-Server-0-V1_3-TlsClaimDesc { agent_name: AgentNameDesc(0), origin: Server, config_version: V1_3, data: Transcript(ServerFinished(TranscriptServerFinishedDesc)) }", "0-Server-1-V1_3-TlsClaimDesc { agent_name: AgentNameDesc(0), origin: Server, config_version: V1_3, data: Transcript(Certificate(TranscriptCertificateDesc)) }", "0-Server-2-V1_3-TlsClaimDesc { agent_name: AgentNameDesc(0), origin: Server, config_version: V1_3, data: Transcript(ServerFinished(TranscriptServerFinishedDesc)) }", "0-Server-3-V1_3-TlsClaimDesc { agent_name: AgentNameDesc(0), origin: Server, config_version: V1_3, data: Transcript(ClientFinished(TranscriptClientFinishedDesc)) }", "0-Server-3-V1_3-TlsClaimDesc { agent_name: AgentNameDesc(0), origin: Server, config_version: V1_3, data: Transcript(ServerFinished(TranscriptServerFinishedDesc)) }", "0-Server-3-V1_3-TlsClaimDesc { agent_name: AgentNameDesc(0), origin: Server, config_version: V1_3, data: Message(Finished(FinishedDesc { tls_version: CLAIM_TLS_VERSION_V1_3, chosen_cipher: 4865 })) }"]
2026-06-25T11:15:25.495261249+02:00	INFO	New claim discovered : 0-Server-1-V1_3-TlsClaimDesc { agent_name: AgentNameDesc(0), origin: Server, config_version: V1_3, data: Transcript(Certificate(TranscriptCertificateDesc)) }
2026-06-25T11:15:25.495278810+02:00	INFO	New claim discovered : 0-Server-2-V1_3-TlsClaimDesc { agent_name: AgentNameDesc(0), origin: Server, config_version: V1_3, data: Transcript(ServerFinished(TranscriptServerFinishedDesc)) }
2026-06-25T11:15:25.495285214+02:00	INFO	New claim discovered : 0-Server-3-V1_3-TlsClaimDesc { agent_name: AgentNameDesc(0), origin: Server, config_version: V1_3, data: Transcript(ClientFinished(TranscriptClientFinishedDesc)) }
2026-06-25T11:15:25.495290622+02:00	INFO	New claim discovered : 0-Server-3-V1_3-TlsClaimDesc { agent_name: AgentNameDesc(0), origin: Server, config_version: V1_3, data: Transcript(ServerFinished(TranscriptServerFinishedDesc)) }
2026-06-25T11:15:25.495302609+02:00	INFO	New claim discovered : 0-Server-3-V1_3-TlsClaimDesc { agent_name: AgentNameDesc(0), origin: Server, config_version: V1_3, data: Message(Finished(FinishedDesc { tls_version: CLAIM_TLS_VERSION_V1_3, chosen_cipher: 4865 })) }
2026-06-25T11:15:25.495342516+02:00	INFO	New profile discovered : ["0-Server-0-V1_3-TlsClaimDesc { agent_name: AgentNameDesc(0), origin: Server, config_version: V1_3, data: Transcript(ServerHello(TranscriptServerHelloDesc)) }", "0-Server-0-V1_3-TlsClaimDesc { agent_name: AgentNameDesc(0), origin: Server, config_version: V1_3, data: Transcript(ServerHello(TranscriptServerHelloDesc)) }", "0-Server-0-V1_3-TlsClaimDesc { agent_name: AgentNameDesc(0), origin: Server, config_version: V1_3, data: Transcript(ServerFinished(TranscriptServerFinishedDesc)) }", "0-Server-0-V1_3-TlsClaimDesc { agent_name: AgentNameDesc(0), origin: Server, config_version: V1_3, data: Message(Finished(FinishedDesc { tls_version: CLAIM_TLS_VERSION_V1_3, chosen_cipher: 4865 })) }", "0-Server-0-V1_3-TlsClaimDesc { agent_name: AgentNameDesc(0), origin: Server, config_version: V1_3, data: Transcript(ServerFinished(TranscriptServerFinishedDesc)) }", "0-Server-0-V1_3-TlsClaimDesc { agent_name: AgentNameDesc(0), origin: Server, config_version: V1_3, data: Transcript(ServerFinished(TranscriptServerFinishedDesc)) }", "0-Server-1-V1_3-TlsClaimDesc { agent_name: AgentNameDesc(0), origin: Server, config_version: V1_3, data: Transcript(Certificate(TranscriptCertificateDesc)) }", "0-Server-2-V1_3-TlsClaimDesc { agent_name: AgentNameDesc(0), origin: Server, config_version: V1_3, data: Transcript(ServerFinished(TranscriptServerFinishedDesc)) }", "0-Server-3-V1_3-TlsClaimDesc { agent_name: AgentNameDesc(0), origin: Server, config_version: V1_3, data: Transcript(ClientFinished(TranscriptClientFinishedDesc)) }", "0-Server-3-V1_3-TlsClaimDesc { agent_name: AgentNameDesc(0), origin: Server, config_version: V1_3, data: Transcript(ServerFinished(TranscriptServerFinishedDesc)) }", "0-Server-3-V1_3-TlsClaimDesc { agent_name: AgentNameDesc(0), origin: Server, config_version: V1_3, data: Message(Finished(FinishedDesc { tls_version: CLAIM_TLS_VERSION_V1_3, chosen_cipher: 4865 })) }"]
2026-06-25T11:15:25.548020207+02:00	INFO	New claim discovered : 1-Server-0-V1_3-TlsClaimDesc { agent_name: AgentNameDesc(1), origin: Server, config_version: V1_3, data: Transcript(ServerHello(TranscriptServerHelloDesc)) }
2026-06-25T11:15:25.548050730+02:00	INFO	New claim discovered : 1-Server-0-V1_3-TlsClaimDesc { agent_name: AgentNameDesc(1), origin: Server, config_version: V1_3, data: Message(Finished(FinishedDesc { tls_version: CLAIM_TLS_VERSION_V1_3, chosen_cipher: 4865 })) }
2026-06-25T11:15:25.548056973+02:00	INFO	New claim discovered : 1-Server-0-V1_3-TlsClaimDesc { agent_name: AgentNameDesc(1), origin: Server, config_version: V1_3, data: Transcript(ServerFinished(TranscriptServerFinishedDesc)) }
2026-06-25T11:15:25.548062565+02:00	INFO	New claim discovered : 1-Server-1-V1_3-TlsClaimDesc { agent_name: AgentNameDesc(1), origin: Server, config_version: V1_3, data: Transcript(ClientFinished(TranscriptClientFinishedDesc)) }
2026-06-25T11:15:25.548067961+02:00	INFO	New claim discovered : 1-Server-1-V1_3-TlsClaimDesc { agent_name: AgentNameDesc(1), origin: Server, config_version: V1_3, data: Message(Finished(FinishedDesc { tls_version: CLAIM_TLS_VERSION_V1_3, chosen_cipher: 4865 })) }
2026-06-25T11:15:25.548094928+02:00	INFO	New profile discovered : ["0-Server-0-V1_3-TlsClaimDesc { agent_name: AgentNameDesc(0), origin: Server, config_version: V1_3, data: Transcript(ServerHello(TranscriptServerHelloDesc)) }", "0-Server-0-V1_3-TlsClaimDesc { agent_name: AgentNameDesc(0), origin: Server, config_version: V1_3, data: Transcript(ServerHello(TranscriptServerHelloDesc)) }", "0-Server-0-V1_3-TlsClaimDesc { agent_name: AgentNameDesc(0), origin: Server, config_version: V1_3, data: Transcript(ServerFinished(TranscriptServerFinishedDesc)) }", "0-Server-0-V1_3-TlsClaimDesc { agent_name: AgentNameDesc(0), origin: Server, config_version: V1_3, data: Message(Finished(FinishedDesc { tls_version: CLAIM_TLS_VERSION_V1_3, chosen_cipher: 4865 })) }", "0-Server-0-V1_3-TlsClaimDesc { agent_name: AgentNameDesc(0), origin: Server, config_version: V1_3, data: Transcript(ServerFinished(TranscriptServerFinishedDesc)) }", "0-Server-0-V1_3-TlsClaimDesc { agent_name: AgentNameDesc(0), origin: Server, config_version: V1_3, data: Transcript(ServerFinished(TranscriptServerFinishedDesc)) }", "0-Server-1-V1_3-TlsClaimDesc { agent_name: AgentNameDesc(0), origin: Server, config_version: V1_3, data: Transcript(ClientFinished(TranscriptClientFinishedDesc)) }", "0-Server-1-V1_3-TlsClaimDesc { agent_name: AgentNameDesc(0), origin: Server, config_version: V1_3, data: Transcript(ServerFinished(TranscriptServerFinishedDesc)) }", "0-Server-1-V1_3-TlsClaimDesc { agent_name: AgentNameDesc(0), origin: Server, config_version: V1_3, data: Message(Finished(FinishedDesc { tls_version: CLAIM_TLS_VERSION_V1_3, chosen_cipher: 4865 })) }", "1-Server-0-V1_3-TlsClaimDesc { agent_name: AgentNameDesc(1), origin: Server, config_version: V1_3, data: Transcript(ServerHello(TranscriptServerHelloDesc)) }", "1-Server-0-V1_3-TlsClaimDesc { agent_name: AgentNameDesc(1), origin: Server, config_version: V1_3, data: Transcript(ServerHello(TranscriptServerHelloDesc)) }", "1-Server-0-V1_3-TlsClaimDesc { agent_name: AgentNameDesc(1), origin: Server, config_version: V1_3, data: Transcript(ServerHello(TranscriptServerHelloDesc)) }", "1-Server-0-V1_3-TlsClaimDesc { agent_name: AgentNameDesc(1), origin: Server, config_version: V1_3, data: Message(Finished(FinishedDesc { tls_version: CLAIM_TLS_VERSION_V1_3, chosen_cipher: 4865 })) }", "1-Server-0-V1_3-TlsClaimDesc { agent_name: AgentNameDesc(1), origin: Server, config_version: V1_3, data: Transcript(ServerFinished(TranscriptServerFinishedDesc)) }", "1-Server-0-V1_3-TlsClaimDesc { agent_name: AgentNameDesc(1), origin: Server, config_version: V1_3, data: Transcript(ServerFinished(TranscriptServerFinishedDesc)) }", "1-Server-1-V1_3-TlsClaimDesc { agent_name: AgentNameDesc(1), origin: Server, config_version: V1_3, data: Transcript(ClientFinished(TranscriptClientFinishedDesc)) }", "1-Server-1-V1_3-TlsClaimDesc { agent_name: AgentNameDesc(1), origin: Server, config_version: V1_3, data: Transcript(ServerFinished(TranscriptServerFinishedDesc)) }", "1-Server-1-V1_3-TlsClaimDesc { agent_name: AgentNameDesc(1), origin: Server, config_version: V1_3, data: Message(Finished(FinishedDesc { tls_version: CLAIM_TLS_VERSION_V1_3, chosen_cipher: 4865 })) }"]
2026-06-25T11:15:25.548977227+02:00	INFO	New claim discovered : 1-Server-0-V1_3-TlsClaimDesc { agent_name: AgentNameDesc(1), origin: Server, config_version: V1_3, data: Transcript(ServerHello(TranscriptServerHelloDesc)) }
2026-06-25T11:15:25.548995783+02:00	INFO	New claim discovered : 1-Server-0-V1_3-TlsClaimDesc { agent_name: AgentNameDesc(1), origin: Server, config_version: V1_3, data: Message(Finished(FinishedDesc { tls_version: CLAIM_TLS_VERSION_V1_3, chosen_cipher: 4865 })) }
2026-06-25T11:15:25.549002307+02:00	INFO	New claim discovered : 1-Server-0-V1_3-TlsClaimDesc { agent_name: AgentNameDesc(1), origin: Server, config_version: V1_3, data: Transcript(ServerFinished(TranscriptServerFinishedDesc)) }
2026-06-25T11:15:25.549007730+02:00	INFO	New claim discovered : 1-Server-1-V1_3-TlsClaimDesc { agent_name: AgentNameDesc(1), origin: Server, config_version: V1_3, data: Transcript(ClientFinished(TranscriptClientFinishedDesc)) }
2026-06-25T11:15:25.549012968+02:00	INFO	New claim discovered : 1-Server-1-V1_3-TlsClaimDesc { agent_name: AgentNameDesc(1), origin: Server, config_version: V1_3, data: Message(Finished(FinishedDesc { tls_version: CLAIM_TLS_VERSION_V1_3, chosen_cipher: 4865 })) }
2026-06-25T11:15:25.549038925+02:00	INFO	New profile discovered : ["0-Server-0-V1_3-TlsClaimDesc { agent_name: AgentNameDesc(0), origin: Server, config_version: V1_3, data: Transcript(ServerHello(TranscriptServerHelloDesc)) }", "0-Server-0-V1_3-TlsClaimDesc { agent_name: AgentNameDesc(0), origin: Server, config_version: V1_3, data: Transcript(ServerHello(TranscriptServerHelloDesc)) }", "0-Server-0-V1_3-TlsClaimDesc { agent_name: AgentNameDesc(0), origin: Server, config_version: V1_3, data: Transcript(ServerFinished(TranscriptServerFinishedDesc)) }", "0-Server-0-V1_3-TlsClaimDesc { agent_name: AgentNameDesc(0), origin: Server, config_version: V1_3, data: Message(Finished(FinishedDesc { tls_version: CLAIM_TLS_VERSION_V1_3, chosen_cipher: 4865 })) }", "0-Server-0-V1_3-TlsClaimDesc { agent_name: AgentNameDesc(0), origin: Server, config_version: V1_3, data: Transcript(ServerFinished(TranscriptServerFinishedDesc)) }", "0-Server-0-V1_3-TlsClaimDesc { agent_name: AgentNameDesc(0), origin: Server, config_version: V1_3, data: Transcript(ServerFinished(TranscriptServerFinishedDesc)) }", "0-Server-1-V1_3-TlsClaimDesc { agent_name: AgentNameDesc(0), origin: Server, config_version: V1_3, data: Transcript(ClientFinished(TranscriptClientFinishedDesc)) }", "0-Server-1-V1_3-TlsClaimDesc { agent_name: AgentNameDesc(0), origin: Server, config_version: V1_3, data: Transcript(ServerFinished(TranscriptServerFinishedDesc)) }", "0-Server-1-V1_3-TlsClaimDesc { agent_name: AgentNameDesc(0), origin: Server, config_version: V1_3, data: Message(Finished(FinishedDesc { tls_version: CLAIM_TLS_VERSION_V1_3, chosen_cipher: 4865 })) }", "1-Server-0-V1_3-TlsClaimDesc { agent_name: AgentNameDesc(1), origin: Server, config_version: V1_3, data: Transcript(ServerHello(TranscriptServerHelloDesc)) }", "1-Server-0-V1_3-TlsClaimDesc { agent_name: AgentNameDesc(1), origin: Server, config_version: V1_3, data: Transcript(ServerHello(TranscriptServerHelloDesc)) }", "1-Server-0-V1_3-TlsClaimDesc { agent_name: AgentNameDesc(1), origin: Server, config_version: V1_3, data: Transcript(ServerHello(TranscriptServerHelloDesc)) }", "1-Server-0-V1_3-TlsClaimDesc { agent_name: AgentNameDesc(1), origin: Server, config_version: V1_3, data: Message(Finished(FinishedDesc { tls_version: CLAIM_TLS_VERSION_V1_3, chosen_cipher: 4865 })) }", "1-Server-0-V1_3-TlsClaimDesc { agent_name: AgentNameDesc(1), origin: Server, config_version: V1_3, data: Transcript(ServerFinished(TranscriptServerFinishedDesc)) }", "1-Server-0-V1_3-TlsClaimDesc { agent_name: AgentNameDesc(1), origin: Server, config_version: V1_3, data: Transcript(ServerFinished(TranscriptServerFinishedDesc)) }", "1-Server-1-V1_3-TlsClaimDesc { agent_name: AgentNameDesc(1), origin: Server, config_version: V1_3, data: Transcript(ClientFinished(TranscriptClientFinishedDesc)) }", "1-Server-1-V1_3-TlsClaimDesc { agent_name: AgentNameDesc(1), origin: Server, config_version: V1_3, data: Transcript(ServerFinished(TranscriptServerFinishedDesc)) }", "1-Server-1-V1_3-TlsClaimDesc { agent_name: AgentNameDesc(1), origin: Server, config_version: V1_3, data: Message(Finished(FinishedDesc { tls_version: CLAIM_TLS_VERSION_V1_3, chosen_cipher: 4865 })) }"]
2026-06-25T11:15:25.571368136+02:00	INFO	New claim discovered : 0-Server-3-V1_2-TlsClaimDesc { agent_name: AgentNameDesc(0), origin: Server, config_version: V1_2, data: Message(Finished(FinishedDesc { tls_version: CLAIM_TLS_VERSION_V1_2, chosen_cipher: 49199 })) }
2026-06-25T11:15:25.571408366+02:00	INFO	New profile discovered : ["0-Server-3-V1_2-TlsClaimDesc { agent_name: AgentNameDesc(0), origin: Server, config_version: V1_2, data: Message(Finished(FinishedDesc { tls_version: CLAIM_TLS_VERSION_V1_2, chosen_cipher: 49199 })) }", "0-Server-3-V1_2-TlsClaimDesc { agent_name: AgentNameDesc(0), origin: Server, config_version: V1_2, data: Message(Finished(FinishedDesc { tls_version: CLAIM_TLS_VERSION_V1_2, chosen_cipher: 49199 })) }"]
2026-06-25T11:15:25.573994548+02:00	INFO	New claim discovered : 0-Server-3-V1_2-TlsClaimDesc { agent_name: AgentNameDesc(0), origin: Server, config_version: V1_2, data: Message(Finished(FinishedDesc { tls_version: CLAIM_TLS_VERSION_V1_2, chosen_cipher: 49199 })) }
2026-06-25T11:15:25.574016647+02:00	INFO	New profile discovered : ["0-Server-3-V1_2-TlsClaimDesc { agent_name: AgentNameDesc(0), origin: Server, config_version: V1_2, data: Message(Finished(FinishedDesc { tls_version: CLAIM_TLS_VERSION_V1_2, chosen_cipher: 49199 })) }", "0-Server-3-V1_2-TlsClaimDesc { agent_name: AgentNameDesc(0), origin: Server, config_version: V1_2, data: Message(Finished(FinishedDesc { tls_version: CLAIM_TLS_VERSION_V1_2, chosen_cipher: 49199 })) }"]
2026-06-25T11:15:25.606640359+02:00	INFO	New claim discovered : 0-Client-5-V1_3-TlsClaimDesc { agent_name: AgentNameDesc(0), origin: Client, config_version: V1_3, data: Transcript(ServerFinished(TranscriptServerFinishedDesc)) }
2026-06-25T11:15:25.606672695+02:00	INFO	New claim discovered : 0-Client-6-V1_3-TlsClaimDesc { agent_name: AgentNameDesc(0), origin: Client, config_version: V1_3, data: Message(Finished(FinishedDesc { tls_version: CLAIM_TLS_VERSION_V1_3, chosen_cipher: 4865 })) }
2026-06-25T11:15:25.606679024+02:00	INFO	New claim discovered : 0-Client-6-V1_3-TlsClaimDesc { agent_name: AgentNameDesc(0), origin: Client, config_version: V1_3, data: Transcript(ServerHello(TranscriptServerHelloDesc)) }
2026-06-25T11:15:25.606684524+02:00	INFO	New claim discovered : 0-Client-6-V1_3-TlsClaimDesc { agent_name: AgentNameDesc(0), origin: Client, config_version: V1_3, data: Transcript(ClientFinished(TranscriptClientFinishedDesc)) }
2026-06-25T11:15:25.606707588+02:00	INFO	New profile discovered : ["0-Client-2-V1_3-TlsClaimDesc { agent_name: AgentNameDesc(0), origin: Client, config_version: V1_3, data: Transcript(ServerHello(TranscriptServerHelloDesc)) }", "0-Client-5-V1_3-TlsClaimDesc { agent_name: AgentNameDesc(0), origin: Client, config_version: V1_3, data: Transcript(ServerFinished(TranscriptServerFinishedDesc)) }", "0-Client-6-V1_3-TlsClaimDesc { agent_name: AgentNameDesc(0), origin: Client, config_version: V1_3, data: Transcript(ServerFinished(TranscriptServerFinishedDesc)) }", "0-Client-6-V1_3-TlsClaimDesc { agent_name: AgentNameDesc(0), origin: Client, config_version: V1_3, data: Transcript(ServerFinished(TranscriptServerFinishedDesc)) }", "0-Client-6-V1_3-TlsClaimDesc { agent_name: AgentNameDesc(0), origin: Client, config_version: V1_3, data: Message(Finished(FinishedDesc { tls_version: CLAIM_TLS_VERSION_V1_3, chosen_cipher: 4865 })) }", "0-Client-6-V1_3-TlsClaimDesc { agent_name: AgentNameDesc(0), origin: Client, config_version: V1_3, data: Transcript(ServerHello(TranscriptServerHelloDesc)) }", "0-Client-6-V1_3-TlsClaimDesc { agent_name: AgentNameDesc(0), origin: Client, config_version: V1_3, data: Message(Finished(FinishedDesc { tls_version: CLAIM_TLS_VERSION_V1_3, chosen_cipher: 4865 })) }", "0-Client-6-V1_3-TlsClaimDesc { agent_name: AgentNameDesc(0), origin: Client, config_version: V1_3, data: Transcript(ClientFinished(TranscriptClientFinishedDesc)) }", "0-Client-6-V1_3-TlsClaimDesc { agent_name: AgentNameDesc(0), origin: Client, config_version: V1_3, data: Transcript(ServerFinished(TranscriptServerFinishedDesc)) }"]
2026-06-25T11:15:25.610772616+02:00	INFO	New claim discovered : 0-Client-5-V1_3-TlsClaimDesc { agent_name: AgentNameDesc(0), origin: Client, config_version: V1_3, data: Transcript(ServerFinished(TranscriptServerFinishedDesc)) }
2026-06-25T11:15:25.610810006+02:00	INFO	New claim discovered : 0-Client-6-V1_3-TlsClaimDesc { agent_name: AgentNameDesc(0), origin: Client, config_version: V1_3, data: Message(Finished(FinishedDesc { tls_version: CLAIM_TLS_VERSION_V1_3, chosen_cipher: 4865 })) }
2026-06-25T11:15:25.610864148+02:00	INFO	New claim discovered : 0-Client-6-V1_3-TlsClaimDesc { agent_name: AgentNameDesc(0), origin: Client, config_version: V1_3, data: Transcript(ServerHello(TranscriptServerHelloDesc)) }
2026-06-25T11:15:25.610869968+02:00	INFO	New claim discovered : 0-Client-6-V1_3-TlsClaimDesc { agent_name: AgentNameDesc(0), origin: Client, config_version: V1_3, data: Transcript(ClientFinished(TranscriptClientFinishedDesc)) }
2026-06-25T11:15:25.610893387+02:00	INFO	New profile discovered : ["0-Client-2-V1_3-TlsClaimDesc { agent_name: AgentNameDesc(0), origin: Client, config_version: V1_3, data: Transcript(ServerHello(TranscriptServerHelloDesc)) }", "0-Client-5-V1_3-TlsClaimDesc { agent_name: AgentNameDesc(0), origin: Client, config_version: V1_3, data: Transcript(ServerFinished(TranscriptServerFinishedDesc)) }", "0-Client-6-V1_3-TlsClaimDesc { agent_name: AgentNameDesc(0), origin: Client, config_version: V1_3, data: Transcript(ServerFinished(TranscriptServerFinishedDesc)) }", "0-Client-6-V1_3-TlsClaimDesc { agent_name: AgentNameDesc(0), origin: Client, config_version: V1_3, data: Transcript(ServerFinished(TranscriptServerFinishedDesc)) }", "0-Client-6-V1_3-TlsClaimDesc { agent_name: AgentNameDesc(0), origin: Client, config_version: V1_3, data: Message(Finished(FinishedDesc { tls_version: CLAIM_TLS_VERSION_V1_3, chosen_cipher: 4865 })) }", "0-Client-6-V1_3-TlsClaimDesc { agent_name: AgentNameDesc(0), origin: Client, config_version: V1_3, data: Transcript(ServerHello(TranscriptServerHelloDesc)) }", "0-Client-6-V1_3-TlsClaimDesc { agent_name: AgentNameDesc(0), origin: Client, config_version: V1_3, data: Message(Finished(FinishedDesc { tls_version: CLAIM_TLS_VERSION_V1_3, chosen_cipher: 4865 })) }", "0-Client-6-V1_3-TlsClaimDesc { agent_name: AgentNameDesc(0), origin: Client, config_version: V1_3, data: Transcript(ClientFinished(TranscriptClientFinishedDesc)) }", "0-Client-6-V1_3-TlsClaimDesc { agent_name: AgentNameDesc(0), origin: Client, config_version: V1_3, data: Transcript(ServerFinished(TranscriptServerFinishedDesc)) }"]
2026-06-25T11:15:25.624472333+02:00	INFO	New claim discovered : 0-Client-2-V1_3-TlsClaimDesc { agent_name: AgentNameDesc(0), origin: Client, config_version: V1_3, data: Message(Finished(FinishedDesc { tls_version: CLAIM_TLS_VERSION_V1_3, chosen_cipher: 4866 })) }
2026-06-25T11:15:25.624501119+02:00	INFO	New claim discovered : 1-Server-3-V1_3-TlsClaimDesc { agent_name: AgentNameDesc(1), origin: Server, config_version: V1_3, data: Transcript(ClientFinished(TranscriptClientFinishedDesc)) }
2026-06-25T11:15:25.624516437+02:00	INFO	New claim discovered : 1-Server-3-V1_3-TlsClaimDesc { agent_name: AgentNameDesc(1), origin: Server, config_version: V1_3, data: Transcript(ServerFinished(TranscriptServerFinishedDesc)) }
2026-06-25T11:15:25.624522158+02:00	INFO	New claim discovered : 1-Server-3-V1_3-TlsClaimDesc { agent_name: AgentNameDesc(1), origin: Server, config_version: V1_3, data: Message(Finished(FinishedDesc { tls_version: CLAIM_TLS_VERSION_V1_3, chosen_cipher: 4866 })) }
2026-06-25T11:15:25.624543313+02:00	INFO	New profile discovered : ["1-Server-1-V1_3-TlsClaimDesc { agent_name: AgentNameDesc(1), origin: Server, config_version: V1_3, data: Transcript(ServerHello(TranscriptServerHelloDesc)) }", "1-Server-1-V1_3-TlsClaimDesc { agent_name: AgentNameDesc(1), origin: Server, config_version: V1_3, data: Transcript(ServerHello(TranscriptServerHelloDesc)) }", "1-Server-1-V1_3-TlsClaimDesc { agent_name: AgentNameDesc(1), origin: Server, config_version: V1_3, data: Transcript(ServerFinished(TranscriptServerFinishedDesc)) }", "1-Server-1-V1_3-TlsClaimDesc { agent_name: AgentNameDesc(1), origin: Server, config_version: V1_3, data: Message(Finished(FinishedDesc { tls_version: CLAIM_TLS_VERSION_V1_3, chosen_cipher: 4866 })) }", "1-Server-1-V1_3-TlsClaimDesc { agent_name: AgentNameDesc(1), origin: Server, config_version: V1_3, data: Transcript(ServerFinished(TranscriptServerFinishedDesc)) }", "1-Server-1-V1_3-TlsClaimDesc { agent_name: AgentNameDesc(1), origin: Server, config_version: V1_3, data: Transcript(ServerFinished(TranscriptServerFinishedDesc)) }", "0-Client-2-V1_3-TlsClaimDesc { agent_name: AgentNameDesc(0), origin: Client, config_version: V1_3, data: Transcript(ServerHello(TranscriptServerHelloDesc)) }", "0-Client-2-V1_3-TlsClaimDesc { agent_name: AgentNameDesc(0), origin: Client, config_version: V1_3, data: Transcript(ServerFinished(TranscriptServerFinishedDesc)) }", "0-Client-2-V1_3-TlsClaimDesc { agent_name: AgentNameDesc(0), origin: Client, config_version: V1_3, data: Transcript(ServerFinished(TranscriptServerFinishedDesc)) }", "0-Client-2-V1_3-TlsClaimDesc { agent_name: AgentNameDesc(0), origin: Client, config_version: V1_3, data: Transcript(ServerFinished(TranscriptServerFinishedDesc)) }", "0-Client-2-V1_3-TlsClaimDesc { agent_name: AgentNameDesc(0), origin: Client, config_version: V1_3, data: Message(Finished(FinishedDesc { tls_version: CLAIM_TLS_VERSION_V1_3, chosen_cipher: 4866 })) }", "0-Client-2-V1_3-TlsClaimDesc { agent_name: AgentNameDesc(0), origin: Client, config_version: V1_3, data: Transcript(ServerHello(TranscriptServerHelloDesc)) }", "0-Client-2-V1_3-TlsClaimDesc { agent_name: AgentNameDesc(0), origin: Client, config_version: V1_3, data: Message(Finished(FinishedDesc { tls_version: CLAIM_TLS_VERSION_V1_3, chosen_cipher: 4866 })) }", "0-Client-2-V1_3-TlsClaimDesc { agent_name: AgentNameDesc(0), origin: Client, config_version: V1_3, data: Transcript(ClientFinished(TranscriptClientFinishedDesc)) }", "0-Client-2-V1_3-TlsClaimDesc { agent_name: AgentNameDesc(0), origin: Client, config_version: V1_3, data: Transcript(ServerFinished(TranscriptServerFinishedDesc)) }", "1-Server-3-V1_3-TlsClaimDesc { agent_name: AgentNameDesc(1), origin: Server, config_version: V1_3, data: Transcript(ClientFinished(TranscriptClientFinishedDesc)) }", "1-Server-3-V1_3-TlsClaimDesc { agent_name: AgentNameDesc(1), origin: Server, config_version: V1_3, data: Transcript(ServerFinished(TranscriptServerFinishedDesc)) }", "1-Server-3-V1_3-TlsClaimDesc { agent_name: AgentNameDesc(1), origin: Server, config_version: V1_3, data: Message(Finished(FinishedDesc { tls_version: CLAIM_TLS_VERSION_V1_3, chosen_cipher: 4866 })) }"]
2026-06-25T11:15:25.630766727+02:00	INFO	New claim discovered : 0-Client-2-V1_3-TlsClaimDesc { agent_name: AgentNameDesc(0), origin: Client, config_version: V1_3, data: Message(Finished(FinishedDesc { tls_version: CLAIM_TLS_VERSION_V1_3, chosen_cipher: 4866 })) }
2026-06-25T11:15:25.630817189+02:00	INFO	New claim discovered : 1-Server-3-V1_3-TlsClaimDesc { agent_name: AgentNameDesc(1), origin: Server, config_version: V1_3, data: Transcript(ClientFinished(TranscriptClientFinishedDesc)) }
2026-06-25T11:15:25.630828019+02:00	INFO	New claim discovered : 1-Server-3-V1_3-TlsClaimDesc { agent_name: AgentNameDesc(1), origin: Server, config_version: V1_3, data: Transcript(ServerFinished(TranscriptServerFinishedDesc)) }
2026-06-25T11:15:25.630836625+02:00	INFO	New claim discovered : 1-Server-3-V1_3-TlsClaimDesc { agent_name: AgentNameDesc(1), origin: Server, config_version: V1_3, data: Message(Finished(FinishedDesc { tls_version: CLAIM_TLS_VERSION_V1_3, chosen_cipher: 4866 })) }
2026-06-25T11:15:25.630869343+02:00	INFO	New profile discovered : ["1-Server-1-V1_3-TlsClaimDesc { agent_name: AgentNameDesc(1), origin: Server, config_version: V1_3, data: Transcript(ServerHello(TranscriptServerHelloDesc)) }", "1-Server-1-V1_3-TlsClaimDesc { agent_name: AgentNameDesc(1), origin: Server, config_version: V1_3, data: Transcript(ServerHello(TranscriptServerHelloDesc)) }", "1-Server-1-V1_3-TlsClaimDesc { agent_name: AgentNameDesc(1), origin: Server, config_version: V1_3, data: Transcript(ServerFinished(TranscriptServerFinishedDesc)) }", "1-Server-1-V1_3-TlsClaimDesc { agent_name: AgentNameDesc(1), origin: Server, config_version: V1_3, data: Message(Finished(FinishedDesc { tls_version: CLAIM_TLS_VERSION_V1_3, chosen_cipher: 4866 })) }", "1-Server-1-V1_3-TlsClaimDesc { agent_name: AgentNameDesc(1), origin: Server, config_version: V1_3, data: Transcript(ServerFinished(TranscriptServerFinishedDesc)) }", "1-Server-1-V1_3-TlsClaimDesc { agent_name: AgentNameDesc(1), origin: Server, config_version: V1_3, data: Transcript(ServerFinished(TranscriptServerFinishedDesc)) }", "0-Client-2-V1_3-TlsClaimDesc { agent_name: AgentNameDesc(0), origin: Client, config_version: V1_3, data: Transcript(ServerHello(TranscriptServerHelloDesc)) }", "0-Client-2-V1_3-TlsClaimDesc { agent_name: AgentNameDesc(0), origin: Client, config_version: V1_3, data: Transcript(ServerFinished(TranscriptServerFinishedDesc)) }", "0-Client-2-V1_3-TlsClaimDesc { agent_name: AgentNameDesc(0), origin: Client, config_version: V1_3, data: Transcript(ServerFinished(TranscriptServerFinishedDesc)) }", "0-Client-2-V1_3-TlsClaimDesc { agent_name: AgentNameDesc(0), origin: Client, config_version: V1_3, data: Transcript(ServerFinished(TranscriptServerFinishedDesc)) }", "0-Client-2-V1_3-TlsClaimDesc { agent_name: AgentNameDesc(0), origin: Client, config_version: V1_3, data: Message(Finished(FinishedDesc { tls_version: CLAIM_TLS_VERSION_V1_3, chosen_cipher: 4866 })) }", "0-Client-2-V1_3-TlsClaimDesc { agent_name: AgentNameDesc(0), origin: Client, config_version: V1_3, data: Transcript(ServerHello(TranscriptServerHelloDesc)) }", "0-Client-2-V1_3-TlsClaimDesc { agent_name: AgentNameDesc(0), origin: Client, config_version: V1_3, data: Message(Finished(FinishedDesc { tls_version: CLAIM_TLS_VERSION_V1_3, chosen_cipher: 4866 })) }", "0-Client-2-V1_3-TlsClaimDesc { agent_name: AgentNameDesc(0), origin: Client, config_version: V1_3, data: Transcript(ClientFinished(TranscriptClientFinishedDesc)) }", "0-Client-2-V1_3-TlsClaimDesc { agent_name: AgentNameDesc(0), origin: Client, config_version: V1_3, data: Transcript(ServerFinished(TranscriptServerFinishedDesc)) }", "1-Server-3-V1_3-TlsClaimDesc { agent_name: AgentNameDesc(1), origin: Server, config_version: V1_3, data: Transcript(ClientFinished(TranscriptClientFinishedDesc)) }", "1-Server-3-V1_3-TlsClaimDesc { agent_name: AgentNameDesc(1), origin: Server, config_version: V1_3, data: Transcript(ServerFinished(TranscriptServerFinishedDesc)) }", "1-Server-3-V1_3-TlsClaimDesc { agent_name: AgentNameDesc(1), origin: Server, config_version: V1_3, data: Message(Finished(FinishedDesc { tls_version: CLAIM_TLS_VERSION_V1_3, chosen_cipher: 4866 })) }"]
2026-06-25T11:15:25.639925586+02:00	INFO	New claim discovered : 0-Client-5-V1_2-TlsClaimDesc { agent_name: AgentNameDesc(0), origin: Client, config_version: V1_2, data: Message(Finished(FinishedDesc { tls_version: CLAIM_TLS_VERSION_V1_2, chosen_cipher: 49200 })) }
2026-06-25T11:15:25.639962035+02:00	INFO	New claim discovered : 1-Server-8-V1_2-TlsClaimDesc { agent_name: AgentNameDesc(1), origin: Server, config_version: V1_2, data: Message(Finished(FinishedDesc { tls_version: CLAIM_TLS_VERSION_V1_2, chosen_cipher: 49200 })) }
2026-06-25T11:15:25.639968677+02:00	INFO	New claim discovered : 0-Client-11-V1_2-TlsClaimDesc { agent_name: AgentNameDesc(0), origin: Client, config_version: V1_2, data: Message(Finished(FinishedDesc { tls_version: CLAIM_TLS_VERSION_V1_2, chosen_cipher: 49200 })) }
2026-06-25T11:15:25.639981076+02:00	INFO	New profile discovered : ["0-Client-5-V1_2-TlsClaimDesc { agent_name: AgentNameDesc(0), origin: Client, config_version: V1_2, data: Message(Finished(FinishedDesc { tls_version: CLAIM_TLS_VERSION_V1_2, chosen_cipher: 49200 })) }", "1-Server-8-V1_2-TlsClaimDesc { agent_name: AgentNameDesc(1), origin: Server, config_version: V1_2, data: Message(Finished(FinishedDesc { tls_version: CLAIM_TLS_VERSION_V1_2, chosen_cipher: 49200 })) }", "1-Server-8-V1_2-TlsClaimDesc { agent_name: AgentNameDesc(1), origin: Server, config_version: V1_2, data: Message(Finished(FinishedDesc { tls_version: CLAIM_TLS_VERSION_V1_2, chosen_cipher: 49200 })) }", "0-Client-11-V1_2-TlsClaimDesc { agent_name: AgentNameDesc(0), origin: Client, config_version: V1_2, data: Message(Finished(FinishedDesc { tls_version: CLAIM_TLS_VERSION_V1_2, chosen_cipher: 49200 })) }"]
2026-06-25T11:15:25.647569075+02:00	INFO	New claim discovered : 0-Client-5-V1_2-TlsClaimDesc { agent_name: AgentNameDesc(0), origin: Client, config_version: V1_2, data: Message(Finished(FinishedDesc { tls_version: CLAIM_TLS_VERSION_V1_2, chosen_cipher: 49200 })) }
2026-06-25T11:15:25.647596557+02:00	INFO	New claim discovered : 1-Server-8-V1_2-TlsClaimDesc { agent_name: AgentNameDesc(1), origin: Server, config_version: V1_2, data: Message(Finished(FinishedDesc { tls_version: CLAIM_TLS_VERSION_V1_2, chosen_cipher: 49200 })) }
2026-06-25T11:15:25.647602741+02:00	INFO	New claim discovered : 0-Client-11-V1_2-TlsClaimDesc { agent_name: AgentNameDesc(0), origin: Client, config_version: V1_2, data: Message(Finished(FinishedDesc { tls_version: CLAIM_TLS_VERSION_V1_2, chosen_cipher: 49200 })) }
2026-06-25T11:15:25.647617872+02:00	INFO	New profile discovered : ["0-Client-5-V1_2-TlsClaimDesc { agent_name: AgentNameDesc(0), origin: Client, config_version: V1_2, data: Message(Finished(FinishedDesc { tls_version: CLAIM_TLS_VERSION_V1_2, chosen_cipher: 49200 })) }", "1-Server-8-V1_2-TlsClaimDesc { agent_name: AgentNameDesc(1), origin: Server, config_version: V1_2, data: Message(Finished(FinishedDesc { tls_version: CLAIM_TLS_VERSION_V1_2, chosen_cipher: 49200 })) }", "1-Server-8-V1_2-TlsClaimDesc { agent_name: AgentNameDesc(1), origin: Server, config_version: V1_2, data: Message(Finished(FinishedDesc { tls_version: CLAIM_TLS_VERSION_V1_2, chosen_cipher: 49200 })) }", "0-Client-11-V1_2-TlsClaimDesc { agent_name: AgentNameDesc(0), origin: Client, config_version: V1_2, data: Message(Finished(FinishedDesc { tls_version: CLAIM_TLS_VERSION_V1_2, chosen_cipher: 49200 })) }"]
2026-06-25T11:15:25.720792759+02:00	INFO	New claim discovered : 0-Client-4-V1_3-TlsClaimDesc { agent_name: AgentNameDesc(0), origin: Client, config_version: V1_3, data: Transcript(ServerFinished(TranscriptServerFinishedDesc)) }
2026-06-25T11:15:25.720822214+02:00	INFO	New claim discovered : 0-Client-5-V1_3-TlsClaimDesc { agent_name: AgentNameDesc(0), origin: Client, config_version: V1_3, data: Message(Finished(FinishedDesc { tls_version: CLAIM_TLS_VERSION_V1_3, chosen_cipher: 4865 })) }
2026-06-25T11:15:25.720828533+02:00	INFO	New claim discovered : 0-Client-5-V1_3-TlsClaimDesc { agent_name: AgentNameDesc(0), origin: Client, config_version: V1_3, data: Transcript(ServerHello(TranscriptServerHelloDesc)) }
2026-06-25T11:15:25.720834121+02:00	INFO	New claim discovered : 0-Client-5-V1_3-TlsClaimDesc { agent_name: AgentNameDesc(0), origin: Client, config_version: V1_3, data: Transcript(ClientFinished(TranscriptClientFinishedDesc)) }
2026-06-25T11:15:25.720855017+02:00	INFO	New profile discovered : ["0-Client-1-V1_3-TlsClaimDesc { agent_name: AgentNameDesc(0), origin: Client, config_version: V1_3, data: Transcript(ServerHello(TranscriptServerHelloDesc)) }", "0-Client-4-V1_3-TlsClaimDesc { agent_name: AgentNameDesc(0), origin: Client, config_version: V1_3, data: Transcript(ServerFinished(TranscriptServerFinishedDesc)) }", "0-Client-5-V1_3-TlsClaimDesc { agent_name: AgentNameDesc(0), origin: Client, config_version: V1_3, data: Transcript(ServerFinished(TranscriptServerFinishedDesc)) }", "0-Client-5-V1_3-TlsClaimDesc { agent_name: AgentNameDesc(0), origin: Client, config_version: V1_3, data: Transcript(ServerFinished(TranscriptServerFinishedDesc)) }", "0-Client-5-V1_3-TlsClaimDesc { agent_name: AgentNameDesc(0), origin: Client, config_version: V1_3, data: Message(Finished(FinishedDesc { tls_version: CLAIM_TLS_VERSION_V1_3, chosen_cipher: 4865 })) }", "0-Client-5-V1_3-TlsClaimDesc { agent_name: AgentNameDesc(0), origin: Client, config_version: V1_3, data: Transcript(ServerHello(TranscriptServerHelloDesc)) }", "0-Client-5-V1_3-TlsClaimDesc { agent_name: AgentNameDesc(0), origin: Client, config_version: V1_3, data: Message(Finished(FinishedDesc { tls_version: CLAIM_TLS_VERSION_V1_3, chosen_cipher: 4865 })) }", "0-Client-5-V1_3-TlsClaimDesc { agent_name: AgentNameDesc(0), origin: Client, config_version: V1_3, data: Transcript(ClientFinished(TranscriptClientFinishedDesc)) }", "0-Client-5-V1_3-TlsClaimDesc { agent_name: AgentNameDesc(0), origin: Client, config_version: V1_3, data: Transcript(ServerFinished(TranscriptServerFinishedDesc)) }"]
2026-06-25T11:15:25.727432463+02:00	INFO	New claim discovered : 0-Client-4-V1_3-TlsClaimDesc { agent_name: AgentNameDesc(0), origin: Client, config_version: V1_3, data: Transcript(ServerFinished(TranscriptServerFinishedDesc)) }
2026-06-25T11:15:25.727460885+02:00	INFO	New claim discovered : 0-Client-5-V1_3-TlsClaimDesc { agent_name: AgentNameDesc(0), origin: Client, config_version: V1_3, data: Message(Finished(FinishedDesc { tls_version: CLAIM_TLS_VERSION_V1_3, chosen_cipher: 4865 })) }
2026-06-25T11:15:25.727467284+02:00	INFO	New claim discovered : 0-Client-5-V1_3-TlsClaimDesc { agent_name: AgentNameDesc(0), origin: Client, config_version: V1_3, data: Transcript(ServerHello(TranscriptServerHelloDesc)) }
2026-06-25T11:15:25.727472785+02:00	INFO	New claim discovered : 0-Client-5-V1_3-TlsClaimDesc { agent_name: AgentNameDesc(0), origin: Client, config_version: V1_3, data: Transcript(ClientFinished(TranscriptClientFinishedDesc)) }
2026-06-25T11:15:25.727484966+02:00	INFO	New profile discovered : ["0-Client-1-V1_3-TlsClaimDesc { agent_name: AgentNameDesc(0), origin: Client, config_version: V1_3, data: Transcript(ServerHello(TranscriptServerHelloDesc)) }", "0-Client-4-V1_3-TlsClaimDesc { agent_name: AgentNameDesc(0), origin: Client, config_version: V1_3, data: Transcript(ServerFinished(TranscriptServerFinishedDesc)) }", "0-Client-5-V1_3-TlsClaimDesc { agent_name: AgentNameDesc(0), origin: Client, config_version: V1_3, data: Transcript(ServerFinished(TranscriptServerFinishedDesc)) }", "0-Client-5-V1_3-TlsClaimDesc { agent_name: AgentNameDesc(0), origin: Client, config_version: V1_3, data: Transcript(ServerFinished(TranscriptServerFinishedDesc)) }", "0-Client-5-V1_3-TlsClaimDesc { agent_name: AgentNameDesc(0), origin: Client, config_version: V1_3, data: Message(Finished(FinishedDesc { tls_version: CLAIM_TLS_VERSION_V1_3, chosen_cipher: 4865 })) }", "0-Client-5-V1_3-TlsClaimDesc { agent_name: AgentNameDesc(0), origin: Client, config_version: V1_3, data: Transcript(ServerHello(TranscriptServerHelloDesc)) }", "0-Client-5-V1_3-TlsClaimDesc { agent_name: AgentNameDesc(0), origin: Client, config_version: V1_3, data: Message(Finished(FinishedDesc { tls_version: CLAIM_TLS_VERSION_V1_3, chosen_cipher: 4865 })) }", "0-Client-5-V1_3-TlsClaimDesc { agent_name: AgentNameDesc(0), origin: Client, config_version: V1_3, data: Transcript(ClientFinished(TranscriptClientFinishedDesc)) }", "0-Client-5-V1_3-TlsClaimDesc { agent_name: AgentNameDesc(0), origin: Client, config_version: V1_3, data: Transcript(ServerFinished(TranscriptServerFinishedDesc)) }"]
2026-06-25T11:15:25.770267342+02:00	INFO	New claim discovered : 0-Server-2-V1_3-TlsClaimDesc { agent_name: AgentNameDesc(0), origin: Server, config_version: V1_3, data: Transcript(ClientFinished(TranscriptClientFinishedDesc)) }
2026-06-25T11:15:25.770299015+02:00	INFO	New claim discovered : 0-Server-2-V1_3-TlsClaimDesc { agent_name: AgentNameDesc(0), origin: Server, config_version: V1_3, data: Message(Finished(FinishedDesc { tls_version: CLAIM_TLS_VERSION_V1_3, chosen_cipher: 4865 })) }
2026-06-25T11:15:25.770315119+02:00	INFO	New profile discovered : ["0-Server-0-V1_3-TlsClaimDesc { agent_name: AgentNameDesc(0), origin: Server, config_version: V1_3, data: Transcript(ServerHello(TranscriptServerHelloDesc)) }", "0-Server-0-V1_3-TlsClaimDesc { agent_name: AgentNameDesc(0), origin: Server, config_version: V1_3, data: Transcript(ServerHello(TranscriptServerHelloDesc)) }", "0-Server-0-V1_3-TlsClaimDesc { agent_name: AgentNameDesc(0), origin: Server, config_version: V1_3, data: Transcript(ServerFinished(TranscriptServerFinishedDesc)) }", "0-Server-0-V1_3-TlsClaimDesc { agent_name: AgentNameDesc(0), origin: Server, config_version: V1_3, data: Message(Finished(FinishedDesc { tls_version: CLAIM_TLS_VERSION_V1_3, chosen_cipher: 4865 })) }", "0-Server-0-V1_3-TlsClaimDesc { agent_name: AgentNameDesc(0), origin: Server, config_version: V1_3, data: Transcript(ServerFinished(TranscriptServerFinishedDesc)) }", "0-Server-0-V1_3-TlsClaimDesc { agent_name: AgentNameDesc(0), origin: Server, config_version: V1_3, data: Transcript(ServerFinished(TranscriptServerFinishedDesc)) }", "0-Server-2-V1_3-TlsClaimDesc { agent_name: AgentNameDesc(0), origin: Server, config_version: V1_3, data: Transcript(ClientFinished(TranscriptClientFinishedDesc)) }", "0-Server-2-V1_3-TlsClaimDesc { agent_name: AgentNameDesc(0), origin: Server, config_version: V1_3, data: Transcript(ServerFinished(TranscriptServerFinishedDesc)) }", "0-Server-2-V1_3-TlsClaimDesc { agent_name: AgentNameDesc(0), origin: Server, config_version: V1_3, data: Message(Finished(FinishedDesc { tls_version: CLAIM_TLS_VERSION_V1_3, chosen_cipher: 4865 })) }"]
2026-06-25T11:15:25.778408843+02:00	INFO	New claim discovered : 0-Server-2-V1_3-TlsClaimDesc { agent_name: AgentNameDesc(0), origin: Server, config_version: V1_3, data: Transcript(ClientFinished(TranscriptClientFinishedDesc)) }
2026-06-25T11:15:25.778447442+02:00	INFO	New claim discovered : 0-Server-2-V1_3-TlsClaimDesc { agent_name: AgentNameDesc(0), origin: Server, config_version: V1_3, data: Message(Finished(FinishedDesc { tls_version: CLAIM_TLS_VERSION_V1_3, chosen_cipher: 4865 })) }
2026-06-25T11:15:25.778472979+02:00	INFO	New profile discovered : ["0-Server-0-V1_3-TlsClaimDesc { agent_name: AgentNameDesc(0), origin: Server, config_version: V1_3, data: Transcript(ServerHello(TranscriptServerHelloDesc)) }", "0-Server-0-V1_3-TlsClaimDesc { agent_name: AgentNameDesc(0), origin: Server, config_version: V1_3, data: Transcript(ServerHello(TranscriptServerHelloDesc)) }", "0-Server-0-V1_3-TlsClaimDesc { agent_name: AgentNameDesc(0), origin: Server, config_version: V1_3, data: Transcript(ServerFinished(TranscriptServerFinishedDesc)) }", "0-Server-0-V1_3-TlsClaimDesc { agent_name: AgentNameDesc(0), origin: Server, config_version: V1_3, data: Message(Finished(FinishedDesc { tls_version: CLAIM_TLS_VERSION_V1_3, chosen_cipher: 4865 })) }", "0-Server-0-V1_3-TlsClaimDesc { agent_name: AgentNameDesc(0), origin: Server, config_version: V1_3, data: Transcript(ServerFinished(TranscriptServerFinishedDesc)) }", "0-Server-0-V1_3-TlsClaimDesc { agent_name: AgentNameDesc(0), origin: Server, config_version: V1_3, data: Transcript(ServerFinished(TranscriptServerFinishedDesc)) }", "0-Server-2-V1_3-TlsClaimDesc { agent_name: AgentNameDesc(0), origin: Server, config_version: V1_3, data: Transcript(ClientFinished(TranscriptClientFinishedDesc)) }", "0-Server-2-V1_3-TlsClaimDesc { agent_name: AgentNameDesc(0), origin: Server, config_version: V1_3, data: Transcript(ServerFinished(TranscriptServerFinishedDesc)) }", "0-Server-2-V1_3-TlsClaimDesc { agent_name: AgentNameDesc(0), origin: Server, config_version: V1_3, data: Message(Finished(FinishedDesc { tls_version: CLAIM_TLS_VERSION_V1_3, chosen_cipher: 4865 })) }"]
2026-06-25T11:15:32.831892871+02:00	INFO	New profile discovered : ["0-Server-0-V1_3-TlsClaimDesc { agent_name: AgentNameDesc(0), origin: Server, config_version: V1_3, data: Transcript(ServerHello(TranscriptServerHelloDesc)) }", "0-Server-0-V1_3-TlsClaimDesc { agent_name: AgentNameDesc(0), origin: Server, config_version: V1_3, data: Transcript(ServerHello(TranscriptServerHelloDesc)) }", "0-Server-0-V1_3-TlsClaimDesc { agent_name: AgentNameDesc(0), origin: Server, config_version: V1_3, data: Transcript(ServerFinished(TranscriptServerFinishedDesc)) }", "0-Server-0-V1_3-TlsClaimDesc { agent_name: AgentNameDesc(0), origin: Server, config_version: V1_3, data: Message(Finished(FinishedDesc { tls_version: CLAIM_TLS_VERSION_V1_3, chosen_cipher: 4865 })) }", "0-Server-0-V1_3-TlsClaimDesc { agent_name: AgentNameDesc(0), origin: Server, config_version: V1_3, data: Transcript(ServerFinished(TranscriptServerFinishedDesc)) }", "0-Server-0-V1_3-TlsClaimDesc { agent_name: AgentNameDesc(0), origin: Server, config_version: V1_3, data: Transcript(ServerFinished(TranscriptServerFinishedDesc)) }"]
2026-06-25T11:15:32.861850643+02:00	INFO	New profile discovered : ["0-Server-0-V1_3-TlsClaimDesc { agent_name: AgentNameDesc(0), origin: Server, config_version: V1_3, data: Transcript(ServerHello(TranscriptServerHelloDesc)) }", "0-Server-0-V1_3-TlsClaimDesc { agent_name: AgentNameDesc(0), origin: Server, config_version: V1_3, data: Transcript(ServerHello(TranscriptServerHelloDesc)) }", "0-Server-0-V1_3-TlsClaimDesc { agent_name: AgentNameDesc(0), origin: Server, config_version: V1_3, data: Transcript(ServerFinished(TranscriptServerFinishedDesc)) }", "0-Server-0-V1_3-TlsClaimDesc { agent_name: AgentNameDesc(0), origin: Server, config_version: V1_3, data: Message(Finished(FinishedDesc { tls_version: CLAIM_TLS_VERSION_V1_3, chosen_cipher: 4865 })) }", "0-Server-0-V1_3-TlsClaimDesc { agent_name: AgentNameDesc(0), origin: Server, config_version: V1_3, data: Transcript(ServerFinished(TranscriptServerFinishedDesc)) }", "0-Server-0-V1_3-TlsClaimDesc { agent_name: AgentNameDesc(0), origin: Server, config_version: V1_3, data: Transcript(ServerFinished(TranscriptServerFinishedDesc)) }"]
2026-06-25T11:15:33.148121535+02:00	INFO	New claim discovered : 0-Server-1-V1_3-TlsClaimDesc { agent_name: AgentNameDesc(0), origin: Server, config_version: V1_3, data: Transcript(ServerHello(TranscriptServerHelloDesc)) }
2026-06-25T11:15:33.148161225+02:00	INFO	New profile discovered : ["0-Server-1-V1_3-TlsClaimDesc { agent_name: AgentNameDesc(0), origin: Server, config_version: V1_3, data: Transcript(ServerHello(TranscriptServerHelloDesc)) }", "0-Server-1-V1_3-TlsClaimDesc { agent_name: AgentNameDesc(0), origin: Server, config_version: V1_3, data: Transcript(ServerHello(TranscriptServerHelloDesc)) }", "0-Server-1-V1_3-TlsClaimDesc { agent_name: AgentNameDesc(0), origin: Server, config_version: V1_3, data: Transcript(ServerFinished(TranscriptServerFinishedDesc)) }", "0-Server-1-V1_3-TlsClaimDesc { agent_name: AgentNameDesc(0), origin: Server, config_version: V1_3, data: Message(Finished(FinishedDesc { tls_version: CLAIM_TLS_VERSION_V1_3, chosen_cipher: 4865 })) }", "0-Server-1-V1_3-TlsClaimDesc { agent_name: AgentNameDesc(0), origin: Server, config_version: V1_3, data: Transcript(ServerFinished(TranscriptServerFinishedDesc)) }", "0-Server-1-V1_3-TlsClaimDesc { agent_name: AgentNameDesc(0), origin: Server, config_version: V1_3, data: Transcript(ServerFinished(TranscriptServerFinishedDesc)) }", "0-Server-2-V1_3-TlsClaimDesc { agent_name: AgentNameDesc(0), origin: Server, config_version: V1_3, data: Transcript(ClientFinished(TranscriptClientFinishedDesc)) }", "0-Server-2-V1_3-TlsClaimDesc { agent_name: AgentNameDesc(0), origin: Server, config_version: V1_3, data: Transcript(ServerFinished(TranscriptServerFinishedDesc)) }", "0-Server-2-V1_3-TlsClaimDesc { agent_name: AgentNameDesc(0), origin: Server, config_version: V1_3, data: Message(Finished(FinishedDesc { tls_version: CLAIM_TLS_VERSION_V1_3, chosen_cipher: 4865 })) }"]
2026-06-25T11:15:33.174186746+02:00	INFO	New claim discovered : 0-Server-1-V1_3-TlsClaimDesc { agent_name: AgentNameDesc(0), origin: Server, config_version: V1_3, data: Transcript(ServerHello(TranscriptServerHelloDesc)) }
2026-06-25T11:15:33.174247565+02:00	INFO	New profile discovered : ["0-Server-1-V1_3-TlsClaimDesc { agent_name: AgentNameDesc(0), origin: Server, config_version: V1_3, data: Transcript(ServerHello(TranscriptServerHelloDesc)) }", "0-Server-1-V1_3-TlsClaimDesc { agent_name: AgentNameDesc(0), origin: Server, config_version: V1_3, data: Transcript(ServerHello(TranscriptServerHelloDesc)) }", "0-Server-1-V1_3-TlsClaimDesc { agent_name: AgentNameDesc(0), origin: Server, config_version: V1_3, data: Transcript(ServerFinished(TranscriptServerFinishedDesc)) }", "0-Server-1-V1_3-TlsClaimDesc { agent_name: AgentNameDesc(0), origin: Server, config_version: V1_3, data: Message(Finished(FinishedDesc { tls_version: CLAIM_TLS_VERSION_V1_3, chosen_cipher: 4865 })) }", "0-Server-1-V1_3-TlsClaimDesc { agent_name: AgentNameDesc(0), origin: Server, config_version: V1_3, data: Transcript(ServerFinished(TranscriptServerFinishedDesc)) }", "0-Server-1-V1_3-TlsClaimDesc { agent_name: AgentNameDesc(0), origin: Server, config_version: V1_3, data: Transcript(ServerFinished(TranscriptServerFinishedDesc)) }", "0-Server-2-V1_3-TlsClaimDesc { agent_name: AgentNameDesc(0), origin: Server, config_version: V1_3, data: Transcript(ClientFinished(TranscriptClientFinishedDesc)) }", "0-Server-2-V1_3-TlsClaimDesc { agent_name: AgentNameDesc(0), origin: Server, config_version: V1_3, data: Transcript(ServerFinished(TranscriptServerFinishedDesc)) }", "0-Server-2-V1_3-TlsClaimDesc { agent_name: AgentNameDesc(0), origin: Server, config_version: V1_3, data: Message(Finished(FinishedDesc { tls_version: CLAIM_TLS_VERSION_V1_3, chosen_cipher: 4865 })) }"]
2026-06-25T11:15:34.394883665+02:00	INFO	New claim discovered : 1-Server-10-V1_3-TlsClaimDesc { agent_name: AgentNameDesc(1), origin: Server, config_version: V1_3, data: Transcript(ClientFinished(TranscriptClientFinishedDesc)) }
2026-06-25T11:15:34.394926228+02:00	INFO	New claim discovered : 1-Server-10-V1_3-TlsClaimDesc { agent_name: AgentNameDesc(1), origin: Server, config_version: V1_3, data: Transcript(ServerFinished(TranscriptServerFinishedDesc)) }
2026-06-25T11:15:34.394933176+02:00	INFO	New claim discovered : 1-Server-10-V1_3-TlsClaimDesc { agent_name: AgentNameDesc(1), origin: Server, config_version: V1_3, data: Message(Finished(FinishedDesc { tls_version: CLAIM_TLS_VERSION_V1_3, chosen_cipher: 4866 })) }
2026-06-25T11:15:34.394970109+02:00	INFO	New profile discovered : ["1-Server-1-V1_3-TlsClaimDesc { agent_name: AgentNameDesc(1), origin: Server, config_version: V1_3, data: Transcript(ServerHello(TranscriptServerHelloDesc)) }", "1-Server-1-V1_3-TlsClaimDesc { agent_name: AgentNameDesc(1), origin: Server, config_version: V1_3, data: Transcript(ServerHello(TranscriptServerHelloDesc)) }", "1-Server-1-V1_3-TlsClaimDesc { agent_name: AgentNameDesc(1), origin: Server, config_version: V1_3, data: Transcript(ServerFinished(TranscriptServerFinishedDesc)) }", "1-Server-1-V1_3-TlsClaimDesc { agent_name: AgentNameDesc(1), origin: Server, config_version: V1_3, data: Message(Finished(FinishedDesc { tls_version: CLAIM_TLS_VERSION_V1_3, chosen_cipher: 4866 })) }", "1-Server-1-V1_3-TlsClaimDesc { agent_name: AgentNameDesc(1), origin: Server, config_version: V1_3, data: Transcript(ServerFinished(TranscriptServerFinishedDesc)) }", "1-Server-1-V1_3-TlsClaimDesc { agent_name: AgentNameDesc(1), origin: Server, config_version: V1_3, data: Transcript(ServerFinished(TranscriptServerFinishedDesc)) }", "0-Client-2-V1_3-TlsClaimDesc { agent_name: AgentNameDesc(0), origin: Client, config_version: V1_3, data: Transcript(ServerHello(TranscriptServerHelloDesc)) }", "0-Client-6-V1_3-TlsClaimDesc { agent_name: AgentNameDesc(0), origin: Client, config_version: V1_3, data: Transcript(ServerFinished(TranscriptServerFinishedDesc)) }", "0-Client-7-V1_3-TlsClaimDesc { agent_name: AgentNameDesc(0), origin: Client, config_version: V1_3, data: Transcript(ServerFinished(TranscriptServerFinishedDesc)) }", "0-Client-7-V1_3-TlsClaimDesc { agent_name: AgentNameDesc(0), origin: Client, config_version: V1_3, data: Transcript(ServerFinished(TranscriptServerFinishedDesc)) }", "0-Client-7-V1_3-TlsClaimDesc { agent_name: AgentNameDesc(0), origin: Client, config_version: V1_3, data: Message(Finished(FinishedDesc { tls_version: CLAIM_TLS_VERSION_V1_3, chosen_cipher: 4866 })) }", "0-Client-7-V1_3-TlsClaimDesc { agent_name: AgentNameDesc(0), origin: Client, config_version: V1_3, data: Transcript(ServerHello(TranscriptServerHelloDesc)) }", "0-Client-7-V1_3-TlsClaimDesc { agent_name: AgentNameDesc(0), origin: Client, config_version: V1_3, data: Message(Finished(FinishedDesc { tls_version: CLAIM_TLS_VERSION_V1_3, chosen_cipher: 4866 })) }", "0-Client-7-V1_3-TlsClaimDesc { agent_name: AgentNameDesc(0), origin: Client, config_version: V1_3, data: Transcript(ClientFinished(TranscriptClientFinishedDesc)) }", "0-Client-7-V1_3-TlsClaimDesc { agent_name: AgentNameDesc(0), origin: Client, config_version: V1_3, data: Transcript(ServerFinished(TranscriptServerFinishedDesc)) }", "1-Server-10-V1_3-TlsClaimDesc { agent_name: AgentNameDesc(1), origin: Server, config_version: V1_3, data: Transcript(ClientFinished(TranscriptClientFinishedDesc)) }", "1-Server-10-V1_3-TlsClaimDesc { agent_name: AgentNameDesc(1), origin: Server, config_version: V1_3, data: Transcript(ServerFinished(TranscriptServerFinishedDesc)) }", "1-Server-10-V1_3-TlsClaimDesc { agent_name: AgentNameDesc(1), origin: Server, config_version: V1_3, data: Message(Finished(FinishedDesc { tls_version: CLAIM_TLS_VERSION_V1_3, chosen_cipher: 4866 })) }"]
2026-06-25T11:15:34.468741975+02:00	INFO	New claim discovered : 1-Server-10-V1_3-TlsClaimDesc { agent_name: AgentNameDesc(1), origin: Server, config_version: V1_3, data: Transcript(ClientFinished(TranscriptClientFinishedDesc)) }
2026-06-25T11:15:34.468785418+02:00	INFO	New claim discovered : 1-Server-10-V1_3-TlsClaimDesc { agent_name: AgentNameDesc(1), origin: Server, config_version: V1_3, data: Transcript(ServerFinished(TranscriptServerFinishedDesc)) }
2026-06-25T11:15:34.468792127+02:00	INFO	New claim discovered : 1-Server-10-V1_3-TlsClaimDesc { agent_name: AgentNameDesc(1), origin: Server, config_version: V1_3, data: Message(Finished(FinishedDesc { tls_version: CLAIM_TLS_VERSION_V1_3, chosen_cipher: 4866 })) }
2026-06-25T11:15:34.468829037+02:00	INFO	New profile discovered : ["1-Server-1-V1_3-TlsClaimDesc { agent_name: AgentNameDesc(1), origin: Server, config_version: V1_3, data: Transcript(ServerHello(TranscriptServerHelloDesc)) }", "1-Server-1-V1_3-TlsClaimDesc { agent_name: AgentNameDesc(1), origin: Server, config_version: V1_3, data: Transcript(ServerHello(TranscriptServerHelloDesc)) }", "1-Server-1-V1_3-TlsClaimDesc { agent_name: AgentNameDesc(1), origin: Server, config_version: V1_3, data: Transcript(ServerFinished(TranscriptServerFinishedDesc)) }", "1-Server-1-V1_3-TlsClaimDesc { agent_name: AgentNameDesc(1), origin: Server, config_version: V1_3, data: Message(Finished(FinishedDesc { tls_version: CLAIM_TLS_VERSION_V1_3, chosen_cipher: 4866 })) }", "1-Server-1-V1_3-TlsClaimDesc { agent_name: AgentNameDesc(1), origin: Server, config_version: V1_3, data: Transcript(ServerFinished(TranscriptServerFinishedDesc)) }", "1-Server-1-V1_3-TlsClaimDesc { agent_name: AgentNameDesc(1), origin: Server, config_version: V1_3, data: Transcript(ServerFinished(TranscriptServerFinishedDesc)) }", "0-Client-2-V1_3-TlsClaimDesc { agent_name: AgentNameDesc(0), origin: Client, config_version: V1_3, data: Transcript(ServerHello(TranscriptServerHelloDesc)) }", "0-Client-6-V1_3-TlsClaimDesc { agent_name: AgentNameDesc(0), origin: Client, config_version: V1_3, data: Transcript(ServerFinished(TranscriptServerFinishedDesc)) }", "0-Client-7-V1_3-TlsClaimDesc { agent_name: AgentNameDesc(0), origin: Client, config_version: V1_3, data: Transcript(ServerFinished(TranscriptServerFinishedDesc)) }", "0-Client-7-V1_3-TlsClaimDesc { agent_name: AgentNameDesc(0), origin: Client, config_version: V1_3, data: Transcript(ServerFinished(TranscriptServerFinishedDesc)) }", "0-Client-7-V1_3-TlsClaimDesc { agent_name: AgentNameDesc(0), origin: Client, config_version: V1_3, data: Message(Finished(FinishedDesc { tls_version: CLAIM_TLS_VERSION_V1_3, chosen_cipher: 4866 })) }", "0-Client-7-V1_3-TlsClaimDesc { agent_name: AgentNameDesc(0), origin: Client, config_version: V1_3, data: Transcript(ServerHello(TranscriptServerHelloDesc)) }", "0-Client-7-V1_3-TlsClaimDesc { agent_name: AgentNameDesc(0), origin: Client, config_version: V1_3, data: Message(Finished(FinishedDesc { tls_version: CLAIM_TLS_VERSION_V1_3, chosen_cipher: 4866 })) }", "0-Client-7-V1_3-TlsClaimDesc { agent_name: AgentNameDesc(0), origin: Client, config_version: V1_3, data: Transcript(ClientFinished(TranscriptClientFinishedDesc)) }", "0-Client-7-V1_3-TlsClaimDesc { agent_name: AgentNameDesc(0), origin: Client, config_version: V1_3, data: Transcript(ServerFinished(TranscriptServerFinishedDesc)) }", "1-Server-10-V1_3-TlsClaimDesc { agent_name: AgentNameDesc(1), origin: Server, config_version: V1_3, data: Transcript(ClientFinished(TranscriptClientFinishedDesc)) }", "1-Server-10-V1_3-TlsClaimDesc { agent_name: AgentNameDesc(1), origin: Server, config_version: V1_3, data: Transcript(ServerFinished(TranscriptServerFinishedDesc)) }", "1-Server-10-V1_3-TlsClaimDesc { agent_name: AgentNameDesc(1), origin: Server, config_version: V1_3, data: Message(Finished(FinishedDesc { tls_version: CLAIM_TLS_VERSION_V1_3, chosen_cipher: 4866 })) }"]
2026-06-25T11:15:50.618728024+02:00	INFO	New profile discovered : ["0-Client-1-V1_3-TlsClaimDesc { agent_name: AgentNameDesc(0), origin: Client, config_version: V1_3, data: Transcript(ServerHello(TranscriptServerHelloDesc)) }"]
2026-06-25T11:15:51.550179983+02:00	INFO	New profile discovered : ["0-Client-1-V1_3-TlsClaimDesc { agent_name: AgentNameDesc(0), origin: Client, config_version: V1_3, data: Transcript(ServerHello(TranscriptServerHelloDesc)) }"]
